-- phpMyAdmin SQL Dump
-- version 5.0.4
-- https://www.phpmyadmin.net/
--
-- Servidor: 127.0.0.1
-- Tiempo de generación: 09-04-2021 a las 21:02:41
-- Versión del servidor: 10.4.16-MariaDB
-- Versión de PHP: 7.3.24

SET SQL_MODE = "NO_AUTO_VALUE_ON_ZERO";
START TRANSACTION;
SET time_zone = "+00:00";


/*!40101 SET @OLD_CHARACTER_SET_CLIENT=@@CHARACTER_SET_CLIENT */;
/*!40101 SET @OLD_CHARACTER_SET_RESULTS=@@CHARACTER_SET_RESULTS */;
/*!40101 SET @OLD_COLLATION_CONNECTION=@@COLLATION_CONNECTION */;
/*!40101 SET NAMES utf8mb4 */;

--
-- Base de datos: `claudia`
--

-- --------------------------------------------------------

--
-- Estructura de tabla para la tabla `address`
--

CREATE TABLE `address` (
  `id` int(11) NOT NULL,
  `user_id` int(11) DEFAULT NULL,
  `address` varchar(100) COLLATE utf8_spanish2_ci DEFAULT NULL,
  `town` varchar(100) COLLATE utf8_spanish2_ci DEFAULT NULL,
  `description` longtext COLLATE utf8_spanish2_ci DEFAULT NULL,
  `country` int(11) DEFAULT NULL,
  `state` int(11) DEFAULT NULL,
  `city` int(11) DEFAULT NULL,
  `created_at` timestamp NULL DEFAULT NULL,
  `updated_at` timestamp NULL DEFAULT NULL
) ENGINE=InnoDB DEFAULT CHARSET=utf8 COLLATE=utf8_spanish2_ci;

--
-- Volcado de datos para la tabla `address`
--

INSERT INTO `address` (`id`, `user_id`, `address`, `town`, `description`, `country`, `state`, `city`, `created_at`, `updated_at`) VALUES
(1, 1, 'cra 3b #18h-16', 'Simón Bolívar', 'prueba', 48, 120, 4242, '2021-04-06 20:26:37', '2021-04-06 20:26:37'),
(2, 2, 'cra 3b #18h-16', 'Simón Bolívar', 'PRUEBA 3', 48, 120, 4241, '2021-04-07 02:26:37', '2021-04-07 02:26:37'),
(3, 3, 'cra 3b #18h-16', 'Simón Bolívar', 'prueba', 4, 1188, 61, '2021-04-07 02:30:44', '2021-04-07 02:30:44');

-- --------------------------------------------------------

--
-- Estructura de tabla para la tabla `asesorias`
--

CREATE TABLE `asesorias` (
  `id` int(11) NOT NULL,
  `portada` varchar(150) COLLATE utf8mb4_spanish2_ci DEFAULT NULL,
  `titulo` varchar(150) COLLATE utf8mb4_spanish2_ci DEFAULT NULL,
  `resumen` text COLLATE utf8mb4_spanish2_ci DEFAULT NULL,
  `precio` int(11) DEFAULT NULL,
  `cupos` int(11) DEFAULT NULL,
  `descripcion` longtext COLLATE utf8mb4_spanish2_ci DEFAULT NULL,
  `link` varchar(150) COLLATE utf8mb4_spanish2_ci DEFAULT NULL,
  `status` varchar(10) COLLATE utf8mb4_spanish2_ci DEFAULT 'activo',
  `created_at` timestamp NULL DEFAULT NULL,
  `updated_at` timestamp NULL DEFAULT NULL,
  `deleted_at` timestamp NULL DEFAULT NULL
) ENGINE=InnoDB DEFAULT CHARSET=utf8mb4 COLLATE=utf8mb4_spanish2_ci;

--
-- Volcado de datos para la tabla `asesorias`
--

INSERT INTO `asesorias` (`id`, `portada`, `titulo`, `resumen`, `precio`, `cupos`, `descripcion`, `link`, `status`, `created_at`, `updated_at`, `deleted_at`) VALUES
(1, 'img/asesorias/asesorias.jpg', 'Silenciando tu mente', 'Imagínese deslizándose hacia un estado de meditación feliz con solo presionar un botón.', 70, NULL, 'Nos veremos por una hora y media aproximadamente, (1 VEZ), donde te enseñaré todo lo que necesitas saber para llevar a cabo el método de manera segura, confiable, tranquila  y correcta.  \nNos veremos por la APP que te sea más fácil , Zoom , FaceTimeo O WhatsApp . La idea es estar online en un ambiente cómodo.', NULL, 'activo', NULL, NULL, NULL),
(2, 'img/asesorias/asesorias.jpg', 'Silenciando tu mente 2', 'Imagínese deslizándose hacia un estado de meditación feliz con solo presionar un botón.', 90, NULL, 'Nos veremos por una hora y media aproximadamente, (1 VEZ), donde te enseñaré todo lo que necesitas saber para llevar a cabo el método de manera segura, confiable, tranquila  y correcta.  \r\nNos veremos por la APP que te sea más fácil , Zoom , FaceTimeo O WhatsApp . La idea es estar online en un ambiente cómodo.', NULL, 'activo', NULL, NULL, NULL);

-- --------------------------------------------------------

--
-- Estructura de tabla para la tabla `banners`
--

CREATE TABLE `banners` (
  `id` int(11) NOT NULL,
  `talleresDesktop` varchar(150) COLLATE utf8mb4_spanish2_ci DEFAULT NULL,
  `talleresMobile` varchar(150) COLLATE utf8mb4_spanish2_ci DEFAULT NULL,
  `registro` varchar(150) COLLATE utf8mb4_spanish2_ci DEFAULT NULL,
  `homeDesktop` varchar(150) COLLATE utf8mb4_spanish2_ci DEFAULT NULL,
  `homeMobile` varchar(150) COLLATE utf8mb4_spanish2_ci DEFAULT NULL,
  `homeMid` varchar(150) COLLATE utf8mb4_spanish2_ci DEFAULT NULL,
  `cursosDesktop` varchar(150) COLLATE utf8mb4_spanish2_ci DEFAULT NULL,
  `cursosMobile` varchar(150) COLLATE utf8mb4_spanish2_ci DEFAULT NULL,
  `blog` varchar(150) COLLATE utf8mb4_spanish2_ci DEFAULT NULL,
  `asesoriasDesktop` varchar(150) COLLATE utf8mb4_spanish2_ci DEFAULT NULL,
  `asesoriasMobile` varchar(150) COLLATE utf8mb4_spanish2_ci DEFAULT NULL,
  `created_at` timestamp NULL DEFAULT NULL,
  `updated_at` timestamp NULL DEFAULT NULL
) ENGINE=InnoDB DEFAULT CHARSET=utf8mb4 COLLATE=utf8mb4_spanish2_ci;

--
-- Volcado de datos para la tabla `banners`
--

INSERT INTO `banners` (`id`, `talleresDesktop`, `talleresMobile`, `registro`, `homeDesktop`, `homeMobile`, `homeMid`, `cursosDesktop`, `cursosMobile`, `blog`, `asesoriasDesktop`, `asesoriasMobile`, `created_at`, `updated_at`) VALUES
(1, '/img/talleres.jpg', '/img/talleres/talleresMob.jpg', '/img/registro.jpg', '/img/bannerMain.jpg', '/img/mobile/main.jpg', '/img/mobile/main1024.jpg', '/img/bannerCursos.jpg', '/img/cursosMob.jpg', '/img/blogBAnner.jpg', '/img/asesorias.jpg', '/img/asesorias/asesoriasMob.jpg', NULL, NULL);

-- --------------------------------------------------------

--
-- Estructura de tabla para la tabla `blog`
--

CREATE TABLE `blog` (
  `id` int(11) NOT NULL,
  `titulo` varchar(50) COLLATE utf8mb4_spanish2_ci DEFAULT NULL,
  `portada` varchar(150) COLLATE utf8mb4_spanish2_ci DEFAULT NULL,
  `resumen` varchar(150) COLLATE utf8mb4_spanish2_ci DEFAULT NULL,
  `autor` varchar(50) COLLATE utf8mb4_spanish2_ci DEFAULT NULL,
  `banner` varchar(150) COLLATE utf8mb4_spanish2_ci DEFAULT NULL,
  `contenido` longtext COLLATE utf8mb4_spanish2_ci DEFAULT NULL,
  `slug` longtext COLLATE utf8mb4_spanish2_ci DEFAULT NULL,
  `created_at` timestamp NULL DEFAULT NULL,
  `updated_at` timestamp NULL DEFAULT NULL
) ENGINE=InnoDB DEFAULT CHARSET=utf8mb4 COLLATE=utf8mb4_spanish2_ci;

--
-- Volcado de datos para la tabla `blog`
--

INSERT INTO `blog` (`id`, `titulo`, `portada`, `resumen`, `autor`, `banner`, `contenido`, `slug`, `created_at`, `updated_at`) VALUES
(1, 'La Meditación como parte de tu rutina', './img/blog.jpg', 'Lorem ipsum dolor sit amet consectetur adipiscing elit at conubia auctor, justo integer venenatis lectus vitae ultrices taciti ante.', 'Claudia', './img/book.jpg', 'Lorem ipsum dolor sit amet consectetur adipiscing elit volutpat tincidunt, vulputate dictum laoreet potenti massa euismod tempus velit at in, vitae nibh diam habitasse sed nascetur cubilia donec. Fusce diam lacinia orci metus litora auctor est nascetur semper ultricies convallis, mus nam habitasse penatibus sem aliquet sociosqu accumsan himenaeos quam urna, dictum duis justo sapien sociis praesent pharetra sed quisque vel. Fames vestibulum natoque volutpat rutrum mattis tincidunt eleifend quis, dapibus per purus bibendum accumsan felis enim litora molestie, ultrices aliquam ac lacus sem fusce aliquet.', 'La-Meditación-como-parte-de-tu-rutina', NULL, NULL),
(2, '2La Meditación como parte de tu rutina', './img/blog.jpg', 'Lorem ipsum dolor sit amet consectetur adipiscing elit at conubia auctor, justo integer venenatis lectus vitae ultrices taciti ante.', 'Claudia', './img/book.jpg', 'Lorem ipsum dolor sit amet consectetur adipiscing elit volutpat tincidunt, vulputate dictum laoreet potenti massa euismod tempus velit at in, vitae nibh diam habitasse sed nascetur cubilia donec. Fusce diam lacinia orci metus litora auctor est nascetur semper ultricies convallis, mus nam habitasse penatibus sem aliquet sociosqu accumsan himenaeos quam urna, dictum duis justo sapien sociis praesent pharetra sed quisque vel. Fames vestibulum natoque volutpat rutrum mattis tincidunt eleifend quis, dapibus per purus bibendum accumsan felis enim litora molestie, ultrices aliquam ac lacus sem fusce aliquet.', 'La-Meditación-como-parte-de-tu-rutina', NULL, NULL),
(3, '3La Meditación como parte de tu rutina', './img/blog.jpg', 'Lorem ipsum dolor sit amet consectetur adipiscing elit at conubia auctor, justo integer venenatis lectus vitae ultrices taciti ante.', 'Claudia', './img/book.jpg', 'Lorem ipsum dolor sit amet consectetur adipiscing elit volutpat tincidunt, vulputate dictum laoreet potenti massa euismod tempus velit at in, vitae nibh diam habitasse sed nascetur cubilia donec. Fusce diam lacinia orci metus litora auctor est nascetur semper ultricies convallis, mus nam habitasse penatibus sem aliquet sociosqu accumsan himenaeos quam urna, dictum duis justo sapien sociis praesent pharetra sed quisque vel. Fames vestibulum natoque volutpat rutrum mattis tincidunt eleifend quis, dapibus per purus bibendum accumsan felis enim litora molestie, ultrices aliquam ac lacus sem fusce aliquet.', 'La-Meditación-como-parte-de-tu-rutina', NULL, NULL),
(4, '4La Meditación como parte de tu rutina', './img/blog.jpg', 'Resumen corto del blog', 'Gutand', './img/book.jpg', 'Lorem ipsum dolor sit amet consectetur adipiscing elit volutpat tincidunt, vulputate dictum laoreet potenti massa euismod tempus velit at in, vitae nibh diam habitasse sed nascetur cubilia donec. Fusce diam lacinia orci metus litora auctor est nascetur semper ultricies convallis, mus nam habitasse penatibus sem aliquet sociosqu accumsan himenaeos quam urna, dictum duis justo sapien sociis praesent pharetra sed quisque vel. Fames vestibulum natoque volutpat rutrum mattis tincidunt eleifend quis, dapibus per purus bibendum accumsan felis enim litora molestie, ultrices aliquam ac lacus sem fusce aliquet.', 'La-Meditación-como-parte-de-tu-rutina', NULL, '2021-03-15 21:15:26'),
(5, 'test blog slug', NULL, 'Resumen corto del blog', 'Geusto', NULL, '<p style=\"margin-bottom: 15px; padding: 0px; text-align: justify; font-family: &quot;Open Sans&quot;, Arial, sans-serif;\">Lorem ipsum dolor sit amet, consectetur adipiscing elit. Ut rutrum tortor quis massa lobortis, vitae blandit ex cursus. Fusce porttitor dolor ligula, ut lacinia erat efficitur ac. Proin faucibus nisl dui, non ornare tortor dictum sed. Vivamus mollis, tortor a fermentum sodales, dui velit blandit purus, sit amet mollis diam massa nec mauris. Maecenas sed diam in odio rutrum tempor et quis tortor. Sed dolor quam, posuere at cursus in, sagittis at mauris. Fusce convallis lacus sit amet dolor efficitur, sed sodales libero ullamcorper. Duis finibus risus ut hendrerit vulputate. Aenean enim sapien, lobortis id molestie a, pulvinar vel orci. Integer a quam tempus, malesuada risus in, ornare leo. In facilisis, nibh sit amet dictum mattis, nibh nulla tristique ante, eu pretium est nisl eu lorem. Fusce pulvinar, ante a placerat tempor, odio arcu convallis magna, eu pretium sem urna ac neque. Duis mauris lacus, interdum in mauris vel, egestas congue risus. Aliquam erat volutpat. Donec sed hendrerit lacus. Phasellus sit amet augue ut elit dapibus facilisis quis eget augue.</p><p style=\"margin-bottom: 15px; padding: 0px; text-align: justify; font-family: &quot;Open Sans&quot;, Arial, sans-serif;\">Cras in tellus at purus efficitur placerat nec vitae enim. Fusce vel faucibus neque. Ut egestas vestibulum nunc sit amet blandit. Curabitur efficitur condimentum turpis, id porttitor velit vehicula varius. Pellentesque mollis libero lacinia est rhoncus mattis dapibus vel dolor. Lorem ipsum dolor sit amet, consectetur adipiscing elit. Nam dui tortor, vulputate et ipsum ac, imperdiet vestibulum arcu. Aenean tristique scelerisque nibh eget cursus. Aenean tincidunt dolor id tincidunt convallis. Cras a velit in dolor finibus sollicitudin at sed odio.</p><p style=\"margin-bottom: 15px; padding: 0px; text-align: justify; font-family: &quot;Open Sans&quot;, Arial, sans-serif;\">Pellentesque tempor velit vitae aliquam maximus. Ut malesuada, neque vitae posuere dignissim, nulla ante aliquam odio, eget pulvinar dolor massa sagittis sem. Nulla varius, metus ut tincidunt molestie, sapien ex dictum lorem, non gravida lacus ipsum in eros. Aliquam erat volutpat. Proin condimentum ultricies sapien in malesuada. Praesent tempor lacus non tellus hendrerit, sed dictum ligula dignissim. Praesent volutpat, dui bibendum vestibulum rhoncus, lectus libero ornare lacus, pharetra auctor odio erat vitae leo. Vestibulum lacinia orci vel elit maximus laoreet. Duis sollicitudin aliquet vestibulum. Nunc bibendum efficitur tellus eget fringilla. Nulla facilisi. Nunc interdum magna sapien, non euismod ante auctor eget.</p><p style=\"margin-bottom: 15px; padding: 0px; text-align: justify; font-family: &quot;Open Sans&quot;, Arial, sans-serif;\">Ut iaculis, ligula quis aliquam posuere, tortor libero sollicitudin quam, imperdiet convallis tortor nibh sit amet sem. Suspendisse potenti. Morbi facilisis feugiat nisl ac tempor. Mauris sit amet tellus non massa lobortis euismod vel nec enim. In a eleifend ante. Aliquam vitae placerat sapien, ac laoreet nibh. Aliquam odio orci, tincidunt sed commodo in, viverra a arcu. Vestibulum sagittis tortor dui, vitae ullamcorper eros finibus at. Sed cursus neque a elit imperdiet, sit amet elementum velit suscipit. Pellentesque lorem felis, varius sit amet porta ut, rhoncus in libero. Nullam rutrum ipsum in quam lobortis condimentum at ac orci. Etiam elementum quam tortor, ultrices lobortis mauris mattis vel. Morbi interdum convallis libero, quis dapibus metus. Fusce bibendum odio eu mi auctor placerat.</p><p style=\"margin-bottom: 15px; padding: 0px; text-align: justify; font-family: &quot;Open Sans&quot;, Arial, sans-serif;\">In mattis erat sit amet enim sollicitudin, in ullamcorper tellus vehicula. Phasellus mattis fringilla massa. Vestibulum sapien nulla, varius quis erat at, condimentum auctor massa. Sed at ornare lectus. Morbi eget nunc quis dui tempus pulvinar a eu nisl. Ut aliquet, arcu sit amet malesuada ultrices, nisl erat cursus quam, ac feugiat est tortor quis risus. Nunc congue vehicula elit non maximus. Lorem ipsum dolor sit amet, consectetur adipiscing elit. Aenean convallis ante id faucibus finibus. Morbi mollis ipsum et vehicula aliquet. Sed sodales eros a libero pulvinar ultrices. Ut nisl est, efficitur eu viverra et, porta in enim. Fusce in dictum arcu. Cras cursus ipsum non libero sollicitudin cursus. Donec convallis lobortis ullamcorper. Integer blandit rutrum euismod.</p>', 'test-blog-slug', '2021-03-16 02:56:29', '2021-03-26 01:59:53');

-- --------------------------------------------------------

--
-- Estructura de tabla para la tabla `cities`
--

CREATE TABLE `cities` (
  `CiuCodigo` int(11) NOT NULL,
  `CiuNombre` varchar(100) NOT NULL,
  `CodPais` char(5) DEFAULT 'COL',
  `Distrito` varchar(50) DEFAULT NULL,
  `CodDistrito` int(11) DEFAULT NULL,
  `flete` int(11) DEFAULT NULL,
  `id` int(11) DEFAULT NULL
) ENGINE=InnoDB DEFAULT CHARSET=utf8;

--
-- Volcado de datos para la tabla `cities`
--

INSERT INTO `cities` (`CiuCodigo`, `CiuNombre`, `CodPais`, `Distrito`, `CodDistrito`, `flete`, `id`) VALUES
(1, 'Kabul', 'AFG', 'Kabul', 604, 130000, 1),
(2, 'Qandahar', 'AFG', 'Qandahar', 1037, 130000, 2),
(3, 'Herat', 'AFG', 'Herat', 520, 130000, 3),
(4, 'Mazar-e-Sharif', 'AFG', 'Mazar-e-Sharif', 146, 130000, 4),
(5, 'Amsterdam', 'NLD', 'Amsterdam', 909, 130000, 5),
(6, 'Rotterdam', 'NLD', 'Rotterdam', 1425, 130000, 6),
(7, 'Haag', 'NLD', 'Haag', 1425, 130000, 7),
(8, 'Utrecht', 'NLD', 'Utrecht', 1331, 130000, 8),
(9, 'Eindhoven', 'NLD', 'Eindhoven', 908, 130000, 9),
(10, 'Tilburg', 'NLD', 'Tilburg', 908, 130000, 10),
(11, 'Groningen', 'NLD', 'Groningen', 470, 130000, 11),
(12, 'Breda', 'NLD', 'Breda', 908, 130000, 12),
(13, 'Apeldoorn', 'NLD', 'Apeldoorn', 448, 130000, 13),
(14, 'Nijmegen', 'NLD', 'Nijmegen', 448, 130000, 14),
(15, 'Enschede', 'NLD', 'Enschede', 973, 130000, 15),
(16, 'Haarlem', 'NLD', 'Haarlem', 909, 130000, 16),
(17, 'Almere', 'NLD', 'Almere', 421, 130000, 17),
(18, 'Arnhem', 'NLD', 'Arnhem', 448, 130000, 18),
(19, 'Zaanstad', 'NLD', 'Zaanstad', 909, 130000, 19),
(20, '´s-Hertogenbosch', 'NLD', '´s-Hertogenbosch', 908, 130000, 20),
(21, 'Amersfoort', 'NLD', 'Amersfoort', 1331, 130000, 21),
(22, 'Maastricht', 'NLD', 'Maastricht', 735, 130000, 22),
(23, 'Dordrecht', 'NLD', 'Dordrecht', 1425, 130000, 23),
(24, 'Leiden', 'NLD', 'Leiden', 1425, 130000, 24),
(25, 'Haarlemmermeer', 'NLD', 'Haarlemmermeer', 909, 130000, 25),
(26, 'Zoetermeer', 'NLD', 'Zoetermeer', 1425, 130000, 26),
(27, 'Emmen', 'NLD', 'Emmen', 377, 130000, 27),
(28, 'Zwolle', 'NLD', 'Zwolle', 973, 130000, 28),
(29, 'Ede', 'NLD', 'Ede', 448, 130000, 29),
(30, 'Delft', 'NLD', 'Delft', 1425, 130000, 30),
(31, 'Heerlen', 'NLD', 'Heerlen', 735, 130000, 31),
(32, 'Alkmaar', 'NLD', 'Alkmaar', 909, 130000, 32),
(33, 'Willemstad', 'ANT', 'Willemstad', 306, 130000, 33),
(34, 'Tirana', 'ALB', 'Tirana', 1280, 130000, 34),
(35, 'Alger', 'DZA', 'Alger', 57, 130000, 35),
(36, 'Oran', 'DZA', 'Oran', 952, 130000, 36),
(37, 'Constantine', 'DZA', 'Constantine', 295, 130000, 37),
(38, 'Annaba', 'DZA', 'Annaba', 80, 130000, 38),
(39, 'Batna', 'DZA', 'Batna', 167, 130000, 39),
(40, 'Sétif', 'DZA', 'Sétif', 1144, 130000, 40),
(41, 'Sidi Bel Abbès', 'DZA', 'Sidi Bel Abbès', 1163, 130000, 41),
(42, 'Skikda', 'DZA', 'Skikda', 1175, 130000, 42),
(43, 'Biskra', 'DZA', 'Biskra', 192, 130000, 43),
(44, 'Blida (el-Boulaida)', 'DZA', 'Blida (el-Boulaida)', 195, 130000, 44),
(45, 'Béjaïa', 'DZA', 'Béjaïa', 173, 130000, 45),
(46, 'Mostaganem', 'DZA', 'Mostaganem', 854, 130000, 46),
(47, 'Tébessa', 'DZA', 'Tébessa', 1258, 130000, 47),
(48, 'Tlemcen (Tilimsen)', 'DZA', 'Tlemcen (Tilimsen)', 1283, 130000, 48),
(49, 'Béchar', 'DZA', 'Béchar', 171, 130000, 49),
(50, 'Tiaret', 'DZA', 'Tiaret', 1275, 130000, 50),
(51, 'Ech-Chleff (el-Asnam)', 'DZA', 'Ech-Chleff (el-Asnam)', 327, 130000, 51),
(52, 'Ghardaïa', 'DZA', 'Ghardaïa', 453, 130000, 52),
(53, 'Tafuna', 'ASM', 'Tafuna', 1317, 130000, 53),
(54, 'Fagatogo', 'ASM', 'Fagatogo', 1317, 130000, 54),
(55, 'Andorra la Vella', 'AND', 'Andorra la Vella', 76, 130000, 55),
(56, 'Luanda', 'AGO', 'Luanda', 753, 130000, 56),
(57, 'Huambo', 'AGO', 'Huambo', 543, 130000, 57),
(58, 'Lobito', 'AGO', 'Lobito', 179, 130000, 58),
(59, 'Benguela', 'AGO', 'Benguela', 179, 130000, 59),
(60, 'Namibe', 'AGO', 'Namibe', 872, 130000, 60),
(61, 'South Hill', 'AIA', 'South Hill', 1188, 130000, 61),
(62, 'The Valley', 'AIA', 'The Valley', 1268, 130000, 62),
(63, 'Saint John´s', 'ATG', 'Saint John´s', 1200, 130000, 63),
(64, 'Dubai', 'ARE', 'Dubai', 379, 130000, 64),
(65, 'Abu Dhabi', 'ARE', 'Abu Dhabi', 4, 130000, 65),
(66, 'Sharja', 'ARE', 'Sharja', 1155, 130000, 66),
(67, 'al-Ayn', 'ARE', 'al-Ayn', 4, 130000, 67),
(68, 'Ajman', 'ARE', 'Ajman', 19, 130000, 68),
(69, 'Buenos Aires', 'ARG', 'Buenos Aires', 359, 130000, 69),
(70, 'La Matanza', 'ARG', 'La Matanza', 221, 130000, 70),
(71, 'Córdoba', 'ARG', 'Córdoba', 298, 130000, 71),
(72, 'Rosario', 'ARG', 'Rosario', 1121, 130000, 72),
(73, 'Lomas de Zamora', 'ARG', 'Lomas de Zamora', 221, 130000, 73),
(74, 'Quilmes', 'ARG', 'Quilmes', 221, 130000, 74),
(75, 'Almirante Brown', 'ARG', 'Almirante Brown', 221, 130000, 75),
(76, 'La Plata', 'ARG', 'La Plata', 221, 130000, 76),
(77, 'Mar del Plata', 'ARG', 'Mar del Plata', 221, 130000, 77),
(78, 'San Miguel de Tucumán', 'ARG', 'San Miguel de Tucumán', 1312, 130000, 78),
(79, 'Lanús', 'ARG', 'Lanús', 221, 130000, 79),
(80, 'Merlo', 'ARG', 'Merlo', 221, 130000, 80),
(81, 'General San Martín', 'ARG', 'General San Martín', 221, 130000, 81),
(82, 'Salta', 'ARG', 'Salta', 1100, 130000, 82),
(83, 'Moreno', 'ARG', 'Moreno', 221, 130000, 83),
(84, 'Santa Fé', 'ARG', 'Santa Fé', 1121, 130000, 84),
(85, 'Avellaneda', 'ARG', 'Avellaneda', 221, 130000, 85),
(86, 'Tres de Febrero', 'ARG', 'Tres de Febrero', 221, 130000, 86),
(87, 'Morón', 'ARG', 'Morón', 221, 130000, 87),
(88, 'Florencio Varela', 'ARG', 'Florencio Varela', 221, 130000, 88),
(89, 'San Isidro', 'ARG', 'San Isidro', 221, 130000, 89),
(90, 'Tigre', 'ARG', 'Tigre', 221, 130000, 90),
(91, 'Malvinas Argentinas', 'ARG', 'Malvinas Argentinas', 221, 130000, 91),
(92, 'Vicente López', 'ARG', 'Vicente López', 221, 130000, 92),
(93, 'Berazategui', 'ARG', 'Berazategui', 221, 130000, 93),
(94, 'Corrientes', 'ARG', 'Corrientes', 299, 130000, 94),
(95, 'San Miguel', 'ARG', 'San Miguel', 221, 130000, 95),
(96, 'Bahía Blanca', 'ARG', 'Bahía Blanca', 221, 130000, 96),
(97, 'Esteban Echeverría', 'ARG', 'Esteban Echeverría', 221, 130000, 97),
(98, 'Resistencia', 'ARG', 'Resistencia', 308, 130000, 98),
(99, 'José C. Paz', 'ARG', 'José C. Paz', 221, 130000, 99),
(100, 'Paraná', 'ARG', 'Paraná', 401, 130000, 100),
(101, 'Godoy Cruz', 'ARG', 'Godoy Cruz', 817, 130000, 101),
(102, 'Posadas', 'ARG', 'Posadas', 832, 130000, 102),
(103, 'Guaymallén', 'ARG', 'Guaymallén', 817, 130000, 103),
(104, 'Santiago del Estero', 'ARG', 'Santiago del Estero', 1126, 130000, 104),
(105, 'San Salvador de Jujuy', 'ARG', 'San Salvador de Jujuy', 601, 130000, 105),
(106, 'Hurlingham', 'ARG', 'Hurlingham', 221, 130000, 106),
(107, 'Neuquén', 'ARG', 'Neuquén', 887, 130000, 107),
(108, 'Ituzaingó', 'ARG', 'Ituzaingó', 221, 130000, 108),
(109, 'San Fernando', 'ARG', 'San Fernando', 221, 130000, 109),
(110, 'Formosa', 'ARG', 'Formosa', 424, 130000, 110),
(111, 'Las Heras', 'ARG', 'Las Heras', 817, 130000, 111),
(112, 'La Rioja', 'ARG', 'La Rioja', 712, 130000, 112),
(113, 'San Fernando del Valle de Cata', 'ARG', 'San Fernando del Valle de Cata', 259, 130000, 113),
(114, 'Río Cuarto', 'ARG', 'Río Cuarto', 298, 130000, 114),
(115, 'Comodoro Rivadavia', 'ARG', 'Comodoro Rivadavia', 332, 130000, 115),
(116, 'Mendoza', 'ARG', 'Mendoza', 817, 130000, 116),
(117, 'San Nicolás de los Arroyos', 'ARG', 'San Nicolás de los Arroyos', 221, 130000, 117),
(118, 'San Juan', 'ARG', 'San Juan', 1106, 130000, 118),
(119, 'Escobar', 'ARG', 'Escobar', 221, 130000, 119),
(120, 'Concordia', 'ARG', 'Concordia', 401, 130000, 120),
(121, 'Pilar', 'ARG', 'Pilar', 221, 130000, 121),
(122, 'San Luis', 'ARG', 'San Luis', 1108, 130000, 122),
(123, 'Ezeiza', 'ARG', 'Ezeiza', 221, 130000, 123),
(124, 'San Rafael', 'ARG', 'San Rafael', 817, 130000, 124),
(125, 'Tandil', 'ARG', 'Tandil', 221, 130000, 125),
(126, 'Yerevan', 'ARM', 'Yerevan', 1408, 130000, 126),
(127, 'Gjumri', 'ARM', 'Gjumri', 1170, 130000, 127),
(128, 'Vanadzor', 'ARM', 'Vanadzor', 747, 130000, 128),
(129, 'Oranjestad', 'ABW', 'Oranjestad', 953, 130000, 129),
(130, 'Sydney', 'AUS', 'Sydney', 893, 130000, 130),
(131, 'Melbourne', 'AUS', 'Melbourne', 1351, 130000, 131),
(132, 'Brisbane', 'AUS', 'Brisbane', 1050, 130000, 132),
(133, 'Perth', 'AUS', 'Perth', 1374, 130000, 133),
(134, 'Adelaide', 'AUS', 'Adelaide', 1185, 130000, 134),
(135, 'Canberra', 'AUS', 'Canberra', 247, 130000, 135),
(136, 'Gold Coast', 'AUS', 'Gold Coast', 1050, 130000, 136),
(137, 'Newcastle', 'AUS', 'Newcastle', 893, 130000, 137),
(138, 'Central Coast', 'AUS', 'Central Coast', 893, 130000, 138),
(139, 'Wollongong', 'AUS', 'Wollongong', 893, 130000, 139),
(140, 'Hobart', 'AUS', 'Hobart', 1254, 130000, 140),
(141, 'Geelong', 'AUS', 'Geelong', 1351, 130000, 141),
(142, 'Townsville', 'AUS', 'Townsville', 1050, 130000, 142),
(143, 'Cairns', 'AUS', 'Cairns', 1050, 130000, 143),
(144, 'Baku', 'AZE', 'Baku', 142, 130000, 144),
(145, 'Gäncä', 'AZE', 'Gäncä', 441, 130000, 145),
(146, 'Sumqayit', 'AZE', 'Sumqayit', 1219, 130000, 146),
(147, 'Mingäçevir', 'AZE', 'Mingäçevir', 828, 130000, 147),
(148, 'Nassau', 'BHS', 'Nassau', 892, 130000, 148),
(149, 'al-Manama', 'BHR', 'al-Manama', 35, 130000, 149),
(150, 'Dhaka', 'BGD', 'Dhaka', 352, 130000, 150),
(151, 'Chittagong', 'BGD', 'Chittagong', 326, 130000, 151),
(152, 'Khulna', 'BGD', 'Khulna', 661, 130000, 152),
(153, 'Rajshahi', 'BGD', 'Rajshahi', 1060, 130000, 153),
(154, 'Narayanganj', 'BGD', 'Narayanganj', 352, 130000, 154),
(155, 'Rangpur', 'BGD', 'Rangpur', 1060, 130000, 155),
(156, 'Mymensingh', 'BGD', 'Mymensingh', 352, 130000, 156),
(157, 'Barisal', 'BGD', 'Barisal', 158, 130000, 157),
(158, 'Tungi', 'BGD', 'Tungi', 352, 130000, 158),
(159, 'Jessore', 'BGD', 'Jessore', 661, 130000, 159),
(160, 'Comilla', 'BGD', 'Comilla', 326, 130000, 160),
(161, 'Nawabganj', 'BGD', 'Nawabganj', 1060, 130000, 161),
(162, 'Dinajpur', 'BGD', 'Dinajpur', 1060, 130000, 162),
(163, 'Bogra', 'BGD', 'Bogra', 1060, 130000, 163),
(164, 'Sylhet', 'BGD', 'Sylhet', 1224, 130000, 164),
(165, 'Brahmanbaria', 'BGD', 'Brahmanbaria', 326, 130000, 165),
(166, 'Tangail', 'BGD', 'Tangail', 352, 130000, 166),
(167, 'Jamalpur', 'BGD', 'Jamalpur', 352, 130000, 167),
(168, 'Pabna', 'BGD', 'Pabna', 1060, 130000, 168),
(169, 'Naogaon', 'BGD', 'Naogaon', 1060, 130000, 169),
(170, 'Sirajganj', 'BGD', 'Sirajganj', 1060, 130000, 170),
(171, 'Narsinghdi', 'BGD', 'Narsinghdi', 352, 130000, 171),
(172, 'Saidpur', 'BGD', 'Saidpur', 1060, 130000, 172),
(173, 'Gazipur', 'BGD', 'Gazipur', 352, 130000, 173),
(174, 'Bridgetown', 'BRB', 'Bridgetown', 1201, 130000, 174),
(175, 'Antwerpen', 'BEL', 'Antwerpen', 85, 130000, 175),
(176, 'Gent', 'BEL', 'Gent', 384, 130000, 176),
(177, 'Charleroi', 'BEL', 'Charleroi', 493, 130000, 177),
(178, 'Liège', 'BEL', 'Liège', 729, 130000, 178),
(179, 'Bruxelles [Brussel]', 'BEL', 'Bruxelles [Brussel]', 219, 130000, 179),
(180, 'Brugge', 'BEL', 'Brugge', 1377, 130000, 180),
(181, 'Schaerbeek', 'BEL', 'Schaerbeek', 219, 130000, 181),
(182, 'Namur', 'BEL', 'Namur', 875, 130000, 182),
(183, 'Mons', 'BEL', 'Mons', 493, 130000, 183),
(184, 'Belize City', 'BLZ', 'Belize City', 175, 130000, 184),
(185, 'Belmopan', 'BLZ', 'Belmopan', 262, 130000, 185),
(186, 'Cotonou', 'BEN', 'Cotonou', 122, 130000, 186),
(187, 'Porto-Novo', 'BEN', 'Porto-Novo', 969, 130000, 187),
(188, 'Djougou', 'BEN', 'Djougou', 119, 130000, 188),
(189, 'Parakou', 'BEN', 'Parakou', 199, 130000, 189),
(190, 'Saint George', 'BMU', 'Saint George', 1091, 130000, 190),
(191, 'Hamilton', 'BMU', 'Hamilton', 502, 130000, 191),
(192, 'Thimphu', 'BTN', 'Thimphu', 1271, 130000, 192),
(193, 'Santa Cruz de la Sierra', 'BOL', 'Santa Cruz de la Sierra', 1120, 130000, 193),
(194, 'La Paz', 'BOL', 'La Paz', 711, 130000, 194),
(195, 'El Alto', 'BOL', 'El Alto', 711, 130000, 195),
(196, 'Cochabamba', 'BOL', 'Cochabamba', 288, 130000, 196),
(197, 'Oruro', 'BOL', 'Oruro', 962, 130000, 197),
(198, 'Sucre', 'BOL', 'Sucre', 335, 130000, 198),
(199, 'Potosí', 'BOL', 'Potosí', 1020, 130000, 199),
(200, 'Tarija', 'BOL', 'Tarija', 1252, 130000, 200),
(201, 'Sarajevo', 'BIH', 'Sarajevo', 416, 130000, 201),
(202, 'Banja Luka', 'BIH', 'Banja Luka', 1064, 130000, 202),
(203, 'Zenica', 'BIH', 'Zenica', 416, 130000, 203),
(204, 'Gaborone', 'BWA', 'Gaborone', 438, 130000, 204),
(205, 'Francistown', 'BWA', 'Francistown', 426, 130000, 205),
(206, 'São Paulo', 'BRA', 'São Paulo', 1127, 130000, 206),
(207, 'Rio de Janeiro', 'BRA', 'Rio de Janeiro', 1072, 130000, 207),
(208, 'Salvador', 'BRA', 'Salvador', 137, 130000, 208),
(209, 'Belo Horizonte', 'BRA', 'Belo Horizonte', 827, 130000, 209),
(210, 'Fortaleza', 'BRA', 'Fortaleza', 263, 130000, 210),
(211, 'Brasília', 'BRA', 'Brasília', 359, 130000, 211),
(212, 'Curitiba', 'BRA', 'Curitiba', 982, 130000, 212),
(213, 'Recife', 'BRA', 'Recife', 991, 130000, 213),
(214, 'Porto Alegre', 'BRA', 'Porto Alegre', 1074, 130000, 214),
(215, 'Manaus', 'BRA', 'Manaus', 65, 130000, 215),
(216, 'Belém', 'BRA', 'Belém', 979, 130000, 216),
(217, 'Guarulhos', 'BRA', 'Guarulhos', 1127, 130000, 217),
(218, 'Goiânia', 'BRA', 'Goiânia', 458, 130000, 218),
(219, 'Campinas', 'BRA', 'Campinas', 1127, 130000, 219),
(220, 'São Gonçalo', 'BRA', 'São Gonçalo', 1072, 130000, 220),
(221, 'Nova Iguaçu', 'BRA', 'Nova Iguaçu', 1072, 130000, 221),
(222, 'São Luís', 'BRA', 'São Luís', 789, 130000, 222),
(223, 'Maceió', 'BRA', 'Maceió', 52, 130000, 223),
(224, 'Duque de Caxias', 'BRA', 'Duque de Caxias', 1072, 130000, 224),
(225, 'São Bernardo do Campo', 'BRA', 'São Bernardo do Campo', 1127, 130000, 225),
(226, 'Teresina', 'BRA', 'Teresina', 993, 130000, 226),
(227, 'Natal', 'BRA', 'Natal', 1073, 130000, 227),
(228, 'Osasco', 'BRA', 'Osasco', 1127, 130000, 228),
(229, 'Campo Grande', 'BRA', 'Campo Grande', 804, 130000, 229),
(230, 'Santo André', 'BRA', 'Santo André', 1127, 130000, 230),
(231, 'João Pessoa', 'BRA', 'João Pessoa', 980, 130000, 231),
(232, 'Jaboatão dos Guararapes', 'BRA', 'Jaboatão dos Guararapes', 991, 130000, 232),
(233, 'Contagem', 'BRA', 'Contagem', 827, 130000, 233),
(234, 'São José dos Campos', 'BRA', 'São José dos Campos', 1127, 130000, 234),
(235, 'Uberlândia', 'BRA', 'Uberlândia', 827, 130000, 235),
(236, 'Feira de Santana', 'BRA', 'Feira de Santana', 137, 130000, 236),
(237, 'Ribeirão Preto', 'BRA', 'Ribeirão Preto', 1127, 130000, 237),
(238, 'Sorocaba', 'BRA', 'Sorocaba', 1127, 130000, 238),
(239, 'Niterói', 'BRA', 'Niterói', 1072, 130000, 239),
(240, 'Cuiabá', 'BRA', 'Cuiabá', 803, 130000, 240),
(241, 'Juiz de Fora', 'BRA', 'Juiz de Fora', 827, 130000, 241),
(242, 'Aracaju', 'BRA', 'Aracaju', 1142, 130000, 242),
(243, 'São João de Meriti', 'BRA', 'São João de Meriti', 1072, 130000, 243),
(244, 'Londrina', 'BRA', 'Londrina', 982, 130000, 244),
(245, 'Joinville', 'BRA', 'Joinville', 1119, 130000, 245),
(246, 'Belford Roxo', 'BRA', 'Belford Roxo', 1072, 130000, 246),
(247, 'Santos', 'BRA', 'Santos', 1127, 130000, 247),
(248, 'Ananindeua', 'BRA', 'Ananindeua', 979, 130000, 248),
(249, 'Campos dos Goytacazes', 'BRA', 'Campos dos Goytacazes', 1072, 130000, 249),
(250, 'Mauá', 'BRA', 'Mauá', 1127, 130000, 250),
(251, 'Carapicuíba', 'BRA', 'Carapicuíba', 1127, 130000, 251),
(252, 'Olinda', 'BRA', 'Olinda', 991, 130000, 252),
(253, 'Campina Grande', 'BRA', 'Campina Grande', 980, 130000, 253),
(254, 'São José do Rio Preto', 'BRA', 'São José do Rio Preto', 1127, 130000, 254),
(255, 'Caxias do Sul', 'BRA', 'Caxias do Sul', 1074, 130000, 255),
(256, 'Moji das Cruzes', 'BRA', 'Moji das Cruzes', 1127, 130000, 256),
(257, 'Diadema', 'BRA', 'Diadema', 1127, 130000, 257),
(258, 'Aparecida de Goiânia', 'BRA', 'Aparecida de Goiânia', 458, 130000, 258),
(259, 'Piracicaba', 'BRA', 'Piracicaba', 1127, 130000, 259),
(260, 'Cariacica', 'BRA', 'Cariacica', 408, 130000, 260),
(261, 'Vila Velha', 'BRA', 'Vila Velha', 408, 130000, 261),
(262, 'Pelotas', 'BRA', 'Pelotas', 1074, 130000, 262),
(263, 'Bauru', 'BRA', 'Bauru', 1127, 130000, 263),
(264, 'Porto Velho', 'BRA', 'Porto Velho', 1081, 130000, 264),
(265, 'Serra', 'BRA', 'Serra', 408, 130000, 265),
(266, 'Betim', 'BRA', 'Betim', 827, 130000, 266),
(267, 'Jundíaí', 'BRA', 'Jundíaí', 1127, 130000, 267),
(268, 'Canoas', 'BRA', 'Canoas', 1074, 130000, 268),
(269, 'Franca', 'BRA', 'Franca', 1127, 130000, 269),
(270, 'São Vicente', 'BRA', 'São Vicente', 1127, 130000, 270),
(271, 'Maringá', 'BRA', 'Maringá', 982, 130000, 271),
(272, 'Montes Claros', 'BRA', 'Montes Claros', 827, 130000, 272),
(273, 'Anápolis', 'BRA', 'Anápolis', 458, 130000, 273),
(274, 'Florianópolis', 'BRA', 'Florianópolis', 1119, 130000, 274),
(275, 'Petrópolis', 'BRA', 'Petrópolis', 1072, 130000, 275),
(276, 'Itaquaquecetuba', 'BRA', 'Itaquaquecetuba', 1127, 130000, 276),
(277, 'Vitória', 'BRA', 'Vitória', 408, 130000, 277),
(278, 'Ponta Grossa', 'BRA', 'Ponta Grossa', 982, 130000, 278),
(279, 'Rio Branco', 'BRA', 'Rio Branco', 6, 130000, 279),
(280, 'Foz do Iguaçu', 'BRA', 'Foz do Iguaçu', 982, 130000, 280),
(281, 'Macapá', 'BRA', 'Macapá', 64, 130000, 281),
(282, 'Ilhéus', 'BRA', 'Ilhéus', 137, 130000, 282),
(283, 'Vitória da Conquista', 'BRA', 'Vitória da Conquista', 137, 130000, 283),
(284, 'Uberaba', 'BRA', 'Uberaba', 827, 130000, 284),
(285, 'Paulista', 'BRA', 'Paulista', 991, 130000, 285),
(286, 'Limeira', 'BRA', 'Limeira', 1127, 130000, 286),
(287, 'Blumenau', 'BRA', 'Blumenau', 1119, 130000, 287),
(288, 'Caruaru', 'BRA', 'Caruaru', 991, 130000, 288),
(289, 'Santarém', 'BRA', 'Santarém', 979, 130000, 289),
(290, 'Volta Redonda', 'BRA', 'Volta Redonda', 1072, 130000, 290),
(291, 'Novo Hamburgo', 'BRA', 'Novo Hamburgo', 1074, 130000, 291),
(292, 'Caucaia', 'BRA', 'Caucaia', 263, 130000, 292),
(293, 'Santa Maria', 'BRA', 'Santa Maria', 1074, 130000, 293),
(294, 'Cascavel', 'BRA', 'Cascavel', 982, 130000, 294),
(295, 'Guarujá', 'BRA', 'Guarujá', 1127, 130000, 295),
(296, 'Ribeirão das Neves', 'BRA', 'Ribeirão das Neves', 827, 130000, 296),
(297, 'Governador Valadares', 'BRA', 'Governador Valadares', 827, 130000, 297),
(298, 'Taubaté', 'BRA', 'Taubaté', 1127, 130000, 298),
(299, 'Imperatriz', 'BRA', 'Imperatriz', 789, 130000, 299),
(300, 'Gravataí', 'BRA', 'Gravataí', 1074, 130000, 300),
(301, 'Embu', 'BRA', 'Embu', 1127, 130000, 301),
(302, 'Mossoró', 'BRA', 'Mossoró', 1073, 130000, 302),
(303, 'Várzea Grande', 'BRA', 'Várzea Grande', 803, 130000, 303),
(304, 'Petrolina', 'BRA', 'Petrolina', 991, 130000, 304),
(305, 'Barueri', 'BRA', 'Barueri', 1127, 130000, 305),
(306, 'Viamão', 'BRA', 'Viamão', 1074, 130000, 306),
(307, 'Ipatinga', 'BRA', 'Ipatinga', 827, 130000, 307),
(308, 'Juazeiro', 'BRA', 'Juazeiro', 137, 130000, 308),
(309, 'Juazeiro do Norte', 'BRA', 'Juazeiro do Norte', 263, 130000, 309),
(310, 'Taboão da Serra', 'BRA', 'Taboão da Serra', 1127, 130000, 310),
(311, 'São José dos Pinhais', 'BRA', 'São José dos Pinhais', 982, 130000, 311),
(312, 'Magé', 'BRA', 'Magé', 1072, 130000, 312),
(313, 'Suzano', 'BRA', 'Suzano', 1127, 130000, 313),
(314, 'São Leopoldo', 'BRA', 'São Leopoldo', 1074, 130000, 314),
(315, 'Marília', 'BRA', 'Marília', 1127, 130000, 315),
(316, 'São Carlos', 'BRA', 'São Carlos', 1127, 130000, 316),
(317, 'Sumaré', 'BRA', 'Sumaré', 1127, 130000, 317),
(318, 'Presidente Prudente', 'BRA', 'Presidente Prudente', 1127, 130000, 318),
(319, 'Divinópolis', 'BRA', 'Divinópolis', 827, 130000, 319),
(320, 'Sete Lagoas', 'BRA', 'Sete Lagoas', 827, 130000, 320),
(321, 'Rio Grande', 'BRA', 'Rio Grande', 1074, 130000, 321),
(322, 'Itabuna', 'BRA', 'Itabuna', 137, 130000, 322),
(323, 'Jequié', 'BRA', 'Jequié', 137, 130000, 323),
(324, 'Arapiraca', 'BRA', 'Arapiraca', 52, 130000, 324),
(325, 'Colombo', 'BRA', 'Colombo', 982, 130000, 325),
(326, 'Americana', 'BRA', 'Americana', 1127, 130000, 326),
(327, 'Alvorada', 'BRA', 'Alvorada', 1074, 130000, 327),
(328, 'Araraquara', 'BRA', 'Araraquara', 1127, 130000, 328),
(329, 'Itaboraí', 'BRA', 'Itaboraí', 1072, 130000, 329),
(330, 'Santa Bárbara d´Oeste', 'BRA', 'Santa Bárbara d´Oeste', 1127, 130000, 330),
(331, 'Nova Friburgo', 'BRA', 'Nova Friburgo', 1072, 130000, 331),
(332, 'Jacareí', 'BRA', 'Jacareí', 1127, 130000, 332),
(333, 'Araçatuba', 'BRA', 'Araçatuba', 1127, 130000, 333),
(334, 'Barra Mansa', 'BRA', 'Barra Mansa', 1072, 130000, 334),
(335, 'Praia Grande', 'BRA', 'Praia Grande', 1127, 130000, 335),
(336, 'Marabá', 'BRA', 'Marabá', 979, 130000, 336),
(337, 'Criciúma', 'BRA', 'Criciúma', 1119, 130000, 337),
(338, 'Boa Vista', 'BRA', 'Boa Vista', 1082, 130000, 338),
(339, 'Passo Fundo', 'BRA', 'Passo Fundo', 1074, 130000, 339),
(340, 'Dourados', 'BRA', 'Dourados', 804, 130000, 340),
(341, 'Santa Luzia', 'BRA', 'Santa Luzia', 827, 130000, 341),
(342, 'Rio Claro', 'BRA', 'Rio Claro', 1127, 130000, 342),
(343, 'Maracanaú', 'BRA', 'Maracanaú', 263, 130000, 343),
(344, 'Guarapuava', 'BRA', 'Guarapuava', 982, 130000, 344),
(345, 'Rondonópolis', 'BRA', 'Rondonópolis', 803, 130000, 345),
(346, 'São José', 'BRA', 'São José', 1119, 130000, 346),
(347, 'Cachoeiro de Itapemirim', 'BRA', 'Cachoeiro de Itapemirim', 408, 130000, 347),
(348, 'Nilópolis', 'BRA', 'Nilópolis', 1072, 130000, 348),
(349, 'Itapevi', 'BRA', 'Itapevi', 1127, 130000, 349),
(350, 'Cabo de Santo Agostinho', 'BRA', 'Cabo de Santo Agostinho', 991, 130000, 350),
(351, 'Camaçari', 'BRA', 'Camaçari', 137, 130000, 351),
(352, 'Sobral', 'BRA', 'Sobral', 263, 130000, 352),
(353, 'Itajaí', 'BRA', 'Itajaí', 1119, 130000, 353),
(354, 'Chapecó', 'BRA', 'Chapecó', 1119, 130000, 354),
(355, 'Cotia', 'BRA', 'Cotia', 1127, 130000, 355),
(356, 'Lages', 'BRA', 'Lages', 1119, 130000, 356),
(357, 'Ferraz de Vasconcelos', 'BRA', 'Ferraz de Vasconcelos', 1127, 130000, 357),
(358, 'Indaiatuba', 'BRA', 'Indaiatuba', 1127, 130000, 358),
(359, 'Hortolândia', 'BRA', 'Hortolândia', 1127, 130000, 359),
(360, 'Caxias', 'BRA', 'Caxias', 789, 130000, 360),
(361, 'São Caetano do Sul', 'BRA', 'São Caetano do Sul', 1127, 130000, 361),
(362, 'Itu', 'BRA', 'Itu', 1127, 130000, 362),
(363, 'Nossa Senhora do Socorro', 'BRA', 'Nossa Senhora do Socorro', 1142, 130000, 363),
(364, 'Parnaíba', 'BRA', 'Parnaíba', 993, 130000, 364),
(365, 'Poços de Caldas', 'BRA', 'Poços de Caldas', 827, 130000, 365),
(366, 'Teresópolis', 'BRA', 'Teresópolis', 1072, 130000, 366),
(367, 'Barreiras', 'BRA', 'Barreiras', 137, 130000, 367),
(368, 'Castanhal', 'BRA', 'Castanhal', 979, 130000, 368),
(369, 'Alagoinhas', 'BRA', 'Alagoinhas', 137, 130000, 369),
(370, 'Itapecerica da Serra', 'BRA', 'Itapecerica da Serra', 1127, 130000, 370),
(371, 'Uruguaiana', 'BRA', 'Uruguaiana', 1074, 130000, 371),
(372, 'Paranaguá', 'BRA', 'Paranaguá', 982, 130000, 372),
(373, 'Ibirité', 'BRA', 'Ibirité', 827, 130000, 373),
(374, 'Timon', 'BRA', 'Timon', 789, 130000, 374),
(375, 'Luziânia', 'BRA', 'Luziânia', 458, 130000, 375),
(376, 'Macaé', 'BRA', 'Macaé', 1072, 130000, 376),
(377, 'Teófilo Otoni', 'BRA', 'Teófilo Otoni', 827, 130000, 377),
(378, 'Moji-Guaçu', 'BRA', 'Moji-Guaçu', 1127, 130000, 378),
(379, 'Palmas', 'BRA', 'Palmas', 1286, 130000, 379),
(380, 'Pindamonhangaba', 'BRA', 'Pindamonhangaba', 1127, 130000, 380),
(381, 'Francisco Morato', 'BRA', 'Francisco Morato', 1127, 130000, 381),
(382, 'Bagé', 'BRA', 'Bagé', 1074, 130000, 382),
(383, 'Sapucaia do Sul', 'BRA', 'Sapucaia do Sul', 1074, 130000, 383),
(384, 'Cabo Frio', 'BRA', 'Cabo Frio', 1072, 130000, 384),
(385, 'Itapetininga', 'BRA', 'Itapetininga', 1127, 130000, 385),
(386, 'Patos de Minas', 'BRA', 'Patos de Minas', 827, 130000, 386),
(387, 'Camaragibe', 'BRA', 'Camaragibe', 991, 130000, 387),
(388, 'Bragança Paulista', 'BRA', 'Bragança Paulista', 1127, 130000, 388),
(389, 'Queimados', 'BRA', 'Queimados', 1072, 130000, 389),
(390, 'Araguaína', 'BRA', 'Araguaína', 1286, 130000, 390),
(391, 'Garanhuns', 'BRA', 'Garanhuns', 991, 130000, 391),
(392, 'Vitória de Santo Antão', 'BRA', 'Vitória de Santo Antão', 991, 130000, 392),
(393, 'Santa Rita', 'BRA', 'Santa Rita', 980, 130000, 393),
(394, 'Barbacena', 'BRA', 'Barbacena', 827, 130000, 394),
(395, 'Abaetetuba', 'BRA', 'Abaetetuba', 979, 130000, 395),
(396, 'Jaú', 'BRA', 'Jaú', 1127, 130000, 396),
(397, 'Lauro de Freitas', 'BRA', 'Lauro de Freitas', 137, 130000, 397),
(398, 'Franco da Rocha', 'BRA', 'Franco da Rocha', 1127, 130000, 398),
(399, 'Teixeira de Freitas', 'BRA', 'Teixeira de Freitas', 137, 130000, 399),
(400, 'Varginha', 'BRA', 'Varginha', 827, 130000, 400),
(401, 'Ribeirão Pires', 'BRA', 'Ribeirão Pires', 1127, 130000, 401),
(402, 'Sabará', 'BRA', 'Sabará', 827, 130000, 402),
(403, 'Catanduva', 'BRA', 'Catanduva', 1127, 130000, 403),
(404, 'Rio Verde', 'BRA', 'Rio Verde', 458, 130000, 404),
(405, 'Botucatu', 'BRA', 'Botucatu', 1127, 130000, 405),
(406, 'Colatina', 'BRA', 'Colatina', 408, 130000, 406),
(407, 'Santa Cruz do Sul', 'BRA', 'Santa Cruz do Sul', 1074, 130000, 407),
(408, 'Linhares', 'BRA', 'Linhares', 408, 130000, 408),
(409, 'Apucarana', 'BRA', 'Apucarana', 982, 130000, 409),
(410, 'Barretos', 'BRA', 'Barretos', 1127, 130000, 410),
(411, 'Guaratinguetá', 'BRA', 'Guaratinguetá', 1127, 130000, 411),
(412, 'Cachoeirinha', 'BRA', 'Cachoeirinha', 1074, 130000, 412),
(413, 'Codó', 'BRA', 'Codó', 789, 130000, 413),
(414, 'Jaraguá do Sul', 'BRA', 'Jaraguá do Sul', 1119, 130000, 414),
(415, 'Cubatão', 'BRA', 'Cubatão', 1127, 130000, 415),
(416, 'Itabira', 'BRA', 'Itabira', 827, 130000, 416),
(417, 'Itaituba', 'BRA', 'Itaituba', 979, 130000, 417),
(418, 'Araras', 'BRA', 'Araras', 1127, 130000, 418),
(419, 'Resende', 'BRA', 'Resende', 1072, 130000, 419),
(420, 'Atibaia', 'BRA', 'Atibaia', 1127, 130000, 420),
(421, 'Pouso Alegre', 'BRA', 'Pouso Alegre', 827, 130000, 421),
(422, 'Toledo', 'BRA', 'Toledo', 982, 130000, 422),
(423, 'Crato', 'BRA', 'Crato', 263, 130000, 423),
(424, 'Passos', 'BRA', 'Passos', 827, 130000, 424),
(425, 'Araguari', 'BRA', 'Araguari', 827, 130000, 425),
(426, 'São José de Ribamar', 'BRA', 'São José de Ribamar', 789, 130000, 426),
(427, 'Pinhais', 'BRA', 'Pinhais', 982, 130000, 427),
(428, 'Sertãozinho', 'BRA', 'Sertãozinho', 1127, 130000, 428),
(429, 'Conselheiro Lafaiete', 'BRA', 'Conselheiro Lafaiete', 827, 130000, 429),
(430, 'Paulo Afonso', 'BRA', 'Paulo Afonso', 137, 130000, 430),
(431, 'Angra dos Reis', 'BRA', 'Angra dos Reis', 1072, 130000, 431),
(432, 'Eunápolis', 'BRA', 'Eunápolis', 137, 130000, 432),
(433, 'Salto', 'BRA', 'Salto', 1127, 130000, 433),
(434, 'Ourinhos', 'BRA', 'Ourinhos', 1127, 130000, 434),
(435, 'Parnamirim', 'BRA', 'Parnamirim', 1073, 130000, 435),
(436, 'Jacobina', 'BRA', 'Jacobina', 137, 130000, 436),
(437, 'Coronel Fabriciano', 'BRA', 'Coronel Fabriciano', 827, 130000, 437),
(438, 'Birigui', 'BRA', 'Birigui', 1127, 130000, 438),
(439, 'Tatuí', 'BRA', 'Tatuí', 1127, 130000, 439),
(440, 'Ji-Paraná', 'BRA', 'Ji-Paraná', 1081, 130000, 440),
(441, 'Bacabal', 'BRA', 'Bacabal', 789, 130000, 441),
(442, 'Cametá', 'BRA', 'Cametá', 979, 130000, 442),
(443, 'Guaíba', 'BRA', 'Guaíba', 1074, 130000, 443),
(444, 'São Lourenço da Mata', 'BRA', 'São Lourenço da Mata', 991, 130000, 444),
(445, 'Santana do Livramento', 'BRA', 'Santana do Livramento', 1074, 130000, 445),
(446, 'Votorantim', 'BRA', 'Votorantim', 1127, 130000, 446),
(447, 'Campo Largo', 'BRA', 'Campo Largo', 982, 130000, 447),
(448, 'Patos', 'BRA', 'Patos', 980, 130000, 448),
(449, 'Ituiutaba', 'BRA', 'Ituiutaba', 827, 130000, 449),
(450, 'Corumbá', 'BRA', 'Corumbá', 804, 130000, 450),
(451, 'Palhoça', 'BRA', 'Palhoça', 1119, 130000, 451),
(452, 'Barra do Piraí', 'BRA', 'Barra do Piraí', 1072, 130000, 452),
(453, 'Bento Gonçalves', 'BRA', 'Bento Gonçalves', 1074, 130000, 453),
(454, 'Poá', 'BRA', 'Poá', 1127, 130000, 454),
(455, 'Águas Lindas de Goiás', 'BRA', 'Águas Lindas de Goiás', 458, 130000, 455),
(456, 'London', 'GBR', 'London', 400, 130000, 456),
(457, 'Birmingham', 'GBR', 'Birmingham', 400, 130000, 457),
(458, 'Glasgow', 'GBR', 'Glasgow', 1136, 130000, 458),
(459, 'Liverpool', 'GBR', 'Liverpool', 400, 130000, 459),
(460, 'Edinburgh', 'GBR', 'Edinburgh', 1136, 130000, 460),
(461, 'Sheffield', 'GBR', 'Sheffield', 400, 130000, 461),
(462, 'Manchester', 'GBR', 'Manchester', 400, 130000, 462),
(463, 'Leeds', 'GBR', 'Leeds', 400, 130000, 463),
(464, 'Bristol', 'GBR', 'Bristol', 400, 130000, 464),
(465, 'Cardiff', 'GBR', 'Cardiff', 1368, 130000, 465),
(466, 'Coventry', 'GBR', 'Coventry', 400, 130000, 466),
(467, 'Leicester', 'GBR', 'Leicester', 400, 130000, 467),
(468, 'Bradford', 'GBR', 'Bradford', 400, 130000, 468),
(469, 'Belfast', 'GBR', 'Belfast', 920, 130000, 469),
(470, 'Nottingham', 'GBR', 'Nottingham', 400, 130000, 470),
(471, 'Kingston upon Hull', 'GBR', 'Kingston upon Hull', 400, 130000, 471),
(472, 'Plymouth', 'GBR', 'Plymouth', 400, 130000, 472),
(473, 'Stoke-on-Trent', 'GBR', 'Stoke-on-Trent', 400, 130000, 473),
(474, 'Wolverhampton', 'GBR', 'Wolverhampton', 400, 130000, 474),
(475, 'Derby', 'GBR', 'Derby', 400, 130000, 475),
(476, 'Swansea', 'GBR', 'Swansea', 1368, 130000, 476),
(477, 'Southampton', 'GBR', 'Southampton', 400, 130000, 477),
(478, 'Aberdeen', 'GBR', 'Aberdeen', 1136, 130000, 478),
(479, 'Northampton', 'GBR', 'Northampton', 400, 130000, 479),
(480, 'Dudley', 'GBR', 'Dudley', 400, 130000, 480),
(481, 'Portsmouth', 'GBR', 'Portsmouth', 400, 130000, 481),
(482, 'Newcastle upon Tyne', 'GBR', 'Newcastle upon Tyne', 400, 130000, 482),
(483, 'Sunderland', 'GBR', 'Sunderland', 400, 130000, 483),
(484, 'Luton', 'GBR', 'Luton', 400, 130000, 484),
(485, 'Swindon', 'GBR', 'Swindon', 400, 130000, 485),
(486, 'Southend-on-Sea', 'GBR', 'Southend-on-Sea', 400, 130000, 486),
(487, 'Walsall', 'GBR', 'Walsall', 400, 130000, 487),
(488, 'Bournemouth', 'GBR', 'Bournemouth', 400, 130000, 488),
(489, 'Peterborough', 'GBR', 'Peterborough', 400, 130000, 489),
(490, 'Brighton', 'GBR', 'Brighton', 400, 130000, 490),
(491, 'Blackpool', 'GBR', 'Blackpool', 400, 130000, 491),
(492, 'Dundee', 'GBR', 'Dundee', 1136, 130000, 492),
(493, 'West Bromwich', 'GBR', 'West Bromwich', 400, 130000, 493),
(494, 'Reading', 'GBR', 'Reading', 400, 130000, 494),
(495, 'Oldbury/Smethwick (Warley)', 'GBR', 'Oldbury/Smethwick (Warley)', 400, 130000, 495),
(496, 'Middlesbrough', 'GBR', 'Middlesbrough', 400, 130000, 496),
(497, 'Huddersfield', 'GBR', 'Huddersfield', 400, 130000, 497),
(498, 'Oxford', 'GBR', 'Oxford', 400, 130000, 498),
(499, 'Poole', 'GBR', 'Poole', 400, 130000, 499),
(500, 'Bolton', 'GBR', 'Bolton', 400, 130000, 500),
(501, 'Blackburn', 'GBR', 'Blackburn', 400, 130000, 501),
(502, 'Newport', 'GBR', 'Newport', 1368, 130000, 502),
(503, 'Preston', 'GBR', 'Preston', 400, 130000, 503),
(504, 'Stockport', 'GBR', 'Stockport', 400, 130000, 504),
(505, 'Norwich', 'GBR', 'Norwich', 400, 130000, 505),
(506, 'Rotherham', 'GBR', 'Rotherham', 400, 130000, 506),
(507, 'Cambridge', 'GBR', 'Cambridge', 400, 130000, 507),
(508, 'Watford', 'GBR', 'Watford', 400, 130000, 508),
(509, 'Ipswich', 'GBR', 'Ipswich', 400, 130000, 509),
(510, 'Slough', 'GBR', 'Slough', 400, 130000, 510),
(511, 'Exeter', 'GBR', 'Exeter', 400, 130000, 511),
(512, 'Cheltenham', 'GBR', 'Cheltenham', 400, 130000, 512),
(513, 'Gloucester', 'GBR', 'Gloucester', 400, 130000, 513),
(514, 'Saint Helens', 'GBR', 'Saint Helens', 400, 130000, 514),
(515, 'Sutton Coldfield', 'GBR', 'Sutton Coldfield', 400, 130000, 515),
(516, 'York', 'GBR', 'York', 400, 130000, 516),
(517, 'Oldham', 'GBR', 'Oldham', 400, 130000, 517),
(518, 'Basildon', 'GBR', 'Basildon', 400, 130000, 518),
(519, 'Worthing', 'GBR', 'Worthing', 400, 130000, 519),
(520, 'Chelmsford', 'GBR', 'Chelmsford', 400, 130000, 520),
(521, 'Colchester', 'GBR', 'Colchester', 400, 130000, 521),
(522, 'Crawley', 'GBR', 'Crawley', 400, 130000, 522),
(523, 'Gillingham', 'GBR', 'Gillingham', 400, 130000, 523),
(524, 'Solihull', 'GBR', 'Solihull', 400, 130000, 524),
(525, 'Rochdale', 'GBR', 'Rochdale', 400, 130000, 525),
(526, 'Birkenhead', 'GBR', 'Birkenhead', 400, 130000, 526),
(527, 'Worcester', 'GBR', 'Worcester', 400, 130000, 527),
(528, 'Hartlepool', 'GBR', 'Hartlepool', 400, 130000, 528),
(529, 'Halifax', 'GBR', 'Halifax', 400, 130000, 529),
(530, 'Woking/Byfleet', 'GBR', 'Woking/Byfleet', 400, 130000, 530),
(531, 'Southport', 'GBR', 'Southport', 400, 130000, 531),
(532, 'Maidstone', 'GBR', 'Maidstone', 400, 130000, 532),
(533, 'Eastbourne', 'GBR', 'Eastbourne', 400, 130000, 533),
(534, 'Grimsby', 'GBR', 'Grimsby', 400, 130000, 534),
(535, 'Saint Helier', 'GBR', 'Saint Helier', 590, 130000, 535),
(536, 'Douglas', 'GBR', 'Douglas', 375, 130000, 536),
(537, 'Road Town', 'VGB', 'Road Town', 1294, 130000, 537),
(538, 'Bandar Seri Begawan', 'BRN', 'Bandar Seri Begawan', 218, 130000, 538),
(539, 'Sofija', 'BGR', 'Sofija', 462, 130000, 539),
(540, 'Plovdiv', 'BGR', 'Plovdiv', 1005, 130000, 540),
(541, 'Varna', 'BGR', 'Varna', 1340, 130000, 541),
(542, 'Burgas', 'BGR', 'Burgas', 226, 130000, 542),
(543, 'Ruse', 'BGR', 'Ruse', 1084, 130000, 543),
(544, 'Stara Zagora', 'BGR', 'Stara Zagora', 510, 130000, 544),
(545, 'Pleven', 'BGR', 'Pleven', 752, 130000, 545),
(546, 'Sliven', 'BGR', 'Sliven', 226, 130000, 546),
(547, 'Dobric', 'BGR', 'Dobric', 1340, 130000, 547),
(548, 'Šumen', 'BGR', 'Šumen', 1340, 130000, 548),
(549, 'Ouagadougou', 'BFA', 'Ouagadougou', 605, 130000, 549),
(550, 'Bobo-Dioulasso', 'BFA', 'Bobo-Dioulasso', 540, 130000, 550),
(551, 'Koudougou', 'BFA', 'Koudougou', 204, 130000, 551),
(552, 'Bujumbura', 'BDI', 'Bujumbura', 223, 130000, 552),
(553, 'George Town', 'CYM', 'George Town', 464, 130000, 553),
(554, 'Santiago de Chile', 'CHL', 'Santiago de Chile', 1123, 130000, 554),
(555, 'Puente Alto', 'CHL', 'Puente Alto', 1123, 130000, 555),
(556, 'Viña del Mar', 'CHL', 'Viña del Mar', 1337, 130000, 556),
(557, 'Valparaíso', 'CHL', 'Valparaíso', 1337, 130000, 557),
(558, 'Talcahuano', 'CHL', 'Talcahuano', 188, 130000, 558),
(559, 'Antofagasta', 'CHL', 'Antofagasta', 84, 130000, 559),
(560, 'San Bernardo', 'CHL', 'San Bernardo', 1123, 130000, 560),
(561, 'Temuco', 'CHL', 'Temuco', 706, 130000, 561),
(562, 'Concepción', 'CHL', 'Concepción', 188, 130000, 562),
(563, 'Rancagua', 'CHL', 'Rancagua', 939, 130000, 563),
(564, 'Arica', 'CHL', 'Arica', 1250, 130000, 564),
(565, 'Talca', 'CHL', 'Talca', 805, 130000, 565),
(566, 'Chillán', 'CHL', 'Chillán', 188, 130000, 566),
(567, 'Iquique', 'CHL', 'Iquique', 1250, 130000, 567),
(568, 'Los Angeles', 'CHL', 'Los Angeles', 188, 130000, 568),
(569, 'Puerto Montt', 'CHL', 'Puerto Montt', 749, 130000, 569),
(570, 'Coquimbo', 'CHL', 'Coquimbo', 297, 130000, 570),
(571, 'Osorno', 'CHL', 'Osorno', 749, 130000, 571),
(572, 'La Serena', 'CHL', 'La Serena', 297, 130000, 572),
(573, 'Calama', 'CHL', 'Calama', 84, 130000, 573),
(574, 'Valdivia', 'CHL', 'Valdivia', 749, 130000, 574),
(575, 'Punta Arenas', 'CHL', 'Punta Arenas', 767, 130000, 575),
(576, 'Copiapó', 'CHL', 'Copiapó', 118, 130000, 576),
(577, 'Quilpué', 'CHL', 'Quilpué', 1337, 130000, 577),
(578, 'Curicó', 'CHL', 'Curicó', 805, 130000, 578),
(579, 'Ovalle', 'CHL', 'Ovalle', 297, 130000, 579),
(580, 'Coronel', 'CHL', 'Coronel', 188, 130000, 580),
(581, 'San Pedro de la Paz', 'CHL', 'San Pedro de la Paz', 188, 130000, 581),
(582, 'Melipilla', 'CHL', 'Melipilla', 1123, 130000, 582),
(583, 'Avarua', 'COK', 'Avarua', 1063, 130000, 583),
(584, 'San José', 'CRI', 'San José', 1105, 130000, 584),
(585, 'Djibouti', 'DJI', 'Djibouti', 366, 130000, 585),
(586, 'Roseau', 'DMA', 'Roseau', 1196, 130000, 586),
(587, 'Santo Domingo de Guzmán', 'DOM', 'Santo Domingo de Guzmán', 363, 130000, 587),
(588, 'Santiago de los Caballeros', 'DOM', 'Santiago de los Caballeros', 1123, 130000, 588),
(589, 'La Romana', 'DOM', 'La Romana', 714, 130000, 589),
(590, 'San Pedro de Macorís', 'DOM', 'San Pedro de Macorís', 1113, 130000, 590),
(591, 'San Francisco de Macorís', 'DOM', 'San Francisco de Macorís', 378, 130000, 591),
(592, 'San Felipe de Puerto Plata', 'DOM', 'San Felipe de Puerto Plata', 1026, 130000, 592),
(593, 'Guayaquil', 'ECU', 'Guayaquil', 479, 130000, 593),
(594, 'Quito', 'ECU', 'Quito', 995, 130000, 594),
(595, 'Cuenca', 'ECU', 'Cuenca', 129, 130000, 595),
(596, 'Machala', 'ECU', 'Machala', 396, 130000, 596),
(597, 'Santo Domingo de los Colorados', 'ECU', 'Santo Domingo de los Colorados', 995, 130000, 597),
(598, 'Portoviejo', 'ECU', 'Portoviejo', 777, 130000, 598),
(599, 'Ambato', 'ECU', 'Ambato', 1315, 130000, 599),
(600, 'Manta', 'ECU', 'Manta', 777, 130000, 600),
(601, 'Duran [Eloy Alfaro]', 'ECU', 'Duran [Eloy Alfaro]', 479, 130000, 601),
(602, 'Ibarra', 'ECU', 'Ibarra', 563, 130000, 602),
(603, 'Quevedo', 'ECU', 'Quevedo', 750, 130000, 603),
(604, 'Milagro', 'ECU', 'Milagro', 479, 130000, 604),
(605, 'Loja', 'ECU', 'Loja', 743, 130000, 605),
(606, 'Ríobamba', 'ECU', 'Ríobamba', 323, 130000, 606),
(607, 'Esmeraldas', 'ECU', 'Esmeraldas', 407, 130000, 607),
(608, 'Cairo', 'EGY', 'Cairo', 612, 130000, 608),
(609, 'Alexandria', 'EGY', 'Alexandria', 55, 130000, 609),
(610, 'Giza', 'EGY', 'Giza', 457, 130000, 610),
(611, 'Shubra al-Khayma', 'EGY', 'Shubra al-Khayma', 41, 130000, 611),
(612, 'Port Said', 'EGY', 'Port Said', 1015, 130000, 612),
(613, 'Suez', 'EGY', 'Suez', 1211, 130000, 613),
(614, 'al-Mahallat al-Kubra', 'EGY', 'al-Mahallat al-Kubra', 31, 130000, 614),
(615, 'Tanta', 'EGY', 'Tanta', 31, 130000, 615),
(616, 'al-Mansura', 'EGY', 'al-Mansura', 29, 130000, 616),
(617, 'Luxor', 'EGY', 'Luxor', 759, 130000, 617),
(618, 'Asyut', 'EGY', 'Asyut', 117, 130000, 618),
(619, 'Bahtim', 'EGY', 'Bahtim', 41, 130000, 619),
(620, 'Zagazig', 'EGY', 'Zagazig', 45, 130000, 620),
(621, 'al-Faiyum', 'EGY', 'al-Faiyum', 30, 130000, 621),
(622, 'Ismailia', 'EGY', 'Ismailia', 578, 130000, 622),
(623, 'Kafr al-Dawwar', 'EGY', 'Kafr al-Dawwar', 28, 130000, 623),
(624, 'Assuan', 'EGY', 'Assuan', 112, 130000, 624),
(625, 'Damanhur', 'EGY', 'Damanhur', 28, 130000, 625),
(626, 'al-Minya', 'EGY', 'al-Minya', 37, 130000, 626),
(627, 'Bani Suwayf', 'EGY', 'Bani Suwayf', 154, 130000, 627),
(628, 'Qina', 'EGY', 'Qina', 1042, 130000, 628),
(629, 'Sawhaj', 'EGY', 'Sawhaj', 1135, 130000, 629),
(630, 'Shibin al-Kawm', 'EGY', 'Shibin al-Kawm', 36, 130000, 630),
(631, 'Bulaq al-Dakrur', 'EGY', 'Bulaq al-Dakrur', 457, 130000, 631),
(632, 'Banha', 'EGY', 'Banha', 41, 130000, 632),
(633, 'Warraq al-Arab', 'EGY', 'Warraq al-Arab', 457, 130000, 633),
(634, 'Kafr al-Shaykh', 'EGY', 'Kafr al-Shaykh', 608, 130000, 634),
(635, 'Mallawi', 'EGY', 'Mallawi', 37, 130000, 635),
(636, 'Bilbays', 'EGY', 'Bilbays', 45, 130000, 636),
(637, 'Mit Ghamr', 'EGY', 'Mit Ghamr', 29, 130000, 637),
(638, 'al-Arish', 'EGY', 'al-Arish', 1150, 130000, 638),
(639, 'Talkha', 'EGY', 'Talkha', 29, 130000, 639),
(640, 'Qalyub', 'EGY', 'Qalyub', 41, 130000, 640),
(641, 'Jirja', 'EGY', 'Jirja', 1135, 130000, 641),
(642, 'Idfu', 'EGY', 'Idfu', 1042, 130000, 642),
(643, 'al-Hawamidiya', 'EGY', 'al-Hawamidiya', 457, 130000, 643),
(644, 'Disuq', 'EGY', 'Disuq', 608, 130000, 644),
(645, 'San Salvador', 'SLV', 'San Salvador', 1114, 130000, 645),
(646, 'Santa Ana', 'SLV', 'Santa Ana', 1118, 130000, 646),
(647, 'Mejicanos', 'SLV', 'Mejicanos', 1114, 130000, 647),
(648, 'Soyapango', 'SLV', 'Soyapango', 1114, 130000, 648),
(649, 'San Miguel', 'SLV', 'San Miguel', 1111, 130000, 649),
(650, 'Nueva San Salvador', 'SLV', 'Nueva San Salvador', 709, 130000, 650),
(651, 'Apopa', 'SLV', 'Apopa', 1114, 130000, 651),
(652, 'Asmara', 'ERI', 'Asmara', 765, 130000, 652),
(653, 'Madrid', 'ESP', 'Madrid', 764, 130000, 653),
(654, 'Barcelona', 'ESP', 'Barcelona', 641, 130000, 654),
(655, 'Valencia', 'ESP', 'Valencia', 1336, 130000, 655),
(656, 'Sevilla', 'ESP', 'Sevilla', 73, 130000, 656),
(657, 'Zaragoza', 'ESP', 'Zaragoza', 94, 130000, 657),
(658, 'Málaga', 'ESP', 'Málaga', 73, 130000, 658),
(659, 'Bilbao', 'ESP', 'Bilbao', 161, 130000, 659),
(660, 'Las Palmas de Gran Canaria', 'ESP', 'Las Palmas de Gran Canaria', 243, 130000, 660),
(661, 'Murcia', 'ESP', 'Murcia', 857, 130000, 661),
(662, 'Palma de Mallorca', 'ESP', 'Palma de Mallorca', 143, 130000, 662),
(663, 'Valladolid', 'ESP', 'Valladolid', 257, 130000, 663),
(664, 'Córdoba', 'ESP', 'Córdoba', 73, 130000, 664),
(665, 'Vigo', 'ESP', 'Vigo', 440, 130000, 665),
(666, 'Alicante [Alacant]', 'ESP', 'Alicante [Alacant]', 1336, 130000, 666),
(667, 'Gijón', 'ESP', 'Gijón', 115, 130000, 667),
(668, 'L´Hospitalet de Llobregat', 'ESP', 'L´Hospitalet de Llobregat', 641, 130000, 668),
(669, 'Granada', 'ESP', 'Granada', 73, 130000, 669),
(670, 'A Coruña (La Coruña)', 'ESP', 'A Coruña (La Coruña)', 440, 130000, 670),
(671, 'Vitoria-Gasteiz', 'ESP', 'Vitoria-Gasteiz', 161, 130000, 671),
(672, 'Santa Cruz de Tenerife', 'ESP', 'Santa Cruz de Tenerife', 243, 130000, 672),
(673, 'Badalona', 'ESP', 'Badalona', 641, 130000, 673),
(674, 'Oviedo', 'ESP', 'Oviedo', 115, 130000, 674),
(675, 'Móstoles', 'ESP', 'Móstoles', 764, 130000, 675),
(676, 'Elche [Elx]', 'ESP', 'Elche [Elx]', 1336, 130000, 676),
(677, 'Sabadell', 'ESP', 'Sabadell', 641, 130000, 677),
(678, 'Santander', 'ESP', 'Santander', 244, 130000, 678),
(679, 'Jerez de la Frontera', 'ESP', 'Jerez de la Frontera', 73, 130000, 679),
(680, 'Pamplona [Iruña]', 'ESP', 'Pamplona [Iruña]', 881, 130000, 680),
(681, 'Donostia-San Sebastián', 'ESP', 'Donostia-San Sebastián', 161, 130000, 681),
(682, 'Cartagena', 'ESP', 'Cartagena', 857, 130000, 682),
(683, 'Leganés', 'ESP', 'Leganés', 764, 130000, 683),
(684, 'Fuenlabrada', 'ESP', 'Fuenlabrada', 764, 130000, 684),
(685, 'Almería', 'ESP', 'Almería', 73, 130000, 685),
(686, 'Terrassa', 'ESP', 'Terrassa', 641, 130000, 686),
(687, 'Alcalá de Henares', 'ESP', 'Alcalá de Henares', 764, 130000, 687),
(688, 'Burgos', 'ESP', 'Burgos', 257, 130000, 688),
(689, 'Salamanca', 'ESP', 'Salamanca', 257, 130000, 689),
(690, 'Albacete', 'ESP', 'Albacete', 640, 130000, 690),
(691, 'Getafe', 'ESP', 'Getafe', 764, 130000, 691),
(692, 'Cádiz', 'ESP', 'Cádiz', 73, 130000, 692),
(693, 'Alcorcón', 'ESP', 'Alcorcón', 764, 130000, 693),
(694, 'Huelva', 'ESP', 'Huelva', 73, 130000, 694),
(695, 'León', 'ESP', 'León', 257, 130000, 695),
(696, 'Castellón de la Plana [Castell', 'ESP', 'Castellón de la Plana [Castell', 1336, 130000, 696),
(697, 'Badajoz', 'ESP', 'Badajoz', 410, 130000, 697),
(698, '[San Cristóbal de] la Laguna', 'ESP', '[San Cristóbal de] la Laguna', 243, 130000, 698),
(699, 'Logroño', 'ESP', 'Logroño', 712, 130000, 699),
(700, 'Santa Coloma de Gramenet', 'ESP', 'Santa Coloma de Gramenet', 641, 130000, 700),
(701, 'Tarragona', 'ESP', 'Tarragona', 641, 130000, 701),
(702, 'Lleida (Lérida)', 'ESP', 'Lleida (Lérida)', 641, 130000, 702),
(703, 'Jaén', 'ESP', 'Jaén', 73, 130000, 703),
(704, 'Ourense (Orense)', 'ESP', 'Ourense (Orense)', 440, 130000, 704),
(705, 'Mataró', 'ESP', 'Mataró', 641, 130000, 705),
(706, 'Algeciras', 'ESP', 'Algeciras', 73, 130000, 706),
(707, 'Marbella', 'ESP', 'Marbella', 73, 130000, 707),
(708, 'Barakaldo', 'ESP', 'Barakaldo', 161, 130000, 708),
(709, 'Dos Hermanas', 'ESP', 'Dos Hermanas', 73, 130000, 709),
(710, 'Santiago de Compostela', 'ESP', 'Santiago de Compostela', 440, 130000, 710),
(711, 'Torrejón de Ardoz', 'ESP', 'Torrejón de Ardoz', 764, 130000, 711),
(712, 'Cape Town', 'ZAF', 'Cape Town', 1389, 130000, 712),
(713, 'Soweto', 'ZAF', 'Soweto', 443, 130000, 713),
(714, 'Johannesburg', 'ZAF', 'Johannesburg', 443, 130000, 714),
(715, 'Port Elizabeth', 'ZAF', 'Port Elizabeth', 391, 130000, 715),
(716, 'Pretoria', 'ZAF', 'Pretoria', 443, 130000, 716),
(717, 'Inanda', 'ZAF', 'Inanda', 701, 130000, 717),
(718, 'Durban', 'ZAF', 'Durban', 701, 130000, 718),
(719, 'Vanderbijlpark', 'ZAF', 'Vanderbijlpark', 443, 130000, 719),
(720, 'Kempton Park', 'ZAF', 'Kempton Park', 443, 130000, 720),
(721, 'Alberton', 'ZAF', 'Alberton', 443, 130000, 721),
(722, 'Pinetown', 'ZAF', 'Pinetown', 701, 130000, 722),
(723, 'Pietermaritzburg', 'ZAF', 'Pietermaritzburg', 701, 130000, 723),
(724, 'Benoni', 'ZAF', 'Benoni', 443, 130000, 724),
(725, 'Randburg', 'ZAF', 'Randburg', 443, 130000, 725),
(726, 'Umlazi', 'ZAF', 'Umlazi', 701, 130000, 726),
(727, 'Bloemfontein', 'ZAF', 'Bloemfontein', 429, 130000, 727),
(728, 'Vereeniging', 'ZAF', 'Vereeniging', 443, 130000, 728),
(729, 'Wonderboom', 'ZAF', 'Wonderboom', 443, 130000, 729),
(730, 'Roodepoort', 'ZAF', 'Roodepoort', 443, 130000, 730),
(731, 'Boksburg', 'ZAF', 'Boksburg', 443, 130000, 731),
(732, 'Klerksdorp', 'ZAF', 'Klerksdorp', 924, 130000, 732),
(733, 'Soshanguve', 'ZAF', 'Soshanguve', 443, 130000, 733),
(734, 'Newcastle', 'ZAF', 'Newcastle', 701, 130000, 734),
(735, 'East London', 'ZAF', 'East London', 391, 130000, 735),
(736, 'Welkom', 'ZAF', 'Welkom', 429, 130000, 736),
(737, 'Kimberley', 'ZAF', 'Kimberley', 927, 130000, 737),
(738, 'Uitenhage', 'ZAF', 'Uitenhage', 391, 130000, 738),
(739, 'Chatsworth', 'ZAF', 'Chatsworth', 701, 130000, 739),
(740, 'Mdantsane', 'ZAF', 'Mdantsane', 391, 130000, 740),
(741, 'Krugersdorp', 'ZAF', 'Krugersdorp', 443, 130000, 741),
(742, 'Botshabelo', 'ZAF', 'Botshabelo', 429, 130000, 742),
(743, 'Brakpan', 'ZAF', 'Brakpan', 443, 130000, 743),
(744, 'Witbank', 'ZAF', 'Witbank', 855, 130000, 744),
(745, 'Oberholzer', 'ZAF', 'Oberholzer', 443, 130000, 745),
(746, 'Germiston', 'ZAF', 'Germiston', 443, 130000, 746),
(747, 'Springs', 'ZAF', 'Springs', 443, 130000, 747),
(748, 'Westonaria', 'ZAF', 'Westonaria', 443, 130000, 748),
(749, 'Randfontein', 'ZAF', 'Randfontein', 443, 130000, 749),
(750, 'Paarl', 'ZAF', 'Paarl', 1389, 130000, 750),
(751, 'Potchefstroom', 'ZAF', 'Potchefstroom', 924, 130000, 751),
(752, 'Rustenburg', 'ZAF', 'Rustenburg', 924, 130000, 752),
(753, 'Nigel', 'ZAF', 'Nigel', 443, 130000, 753),
(754, 'George', 'ZAF', 'George', 1389, 130000, 754),
(755, 'Ladysmith', 'ZAF', 'Ladysmith', 701, 130000, 755),
(756, 'Addis Abeba', 'ETH', 'Addis Abeba', 9, 130000, 756),
(757, 'Dire Dawa', 'ETH', 'Dire Dawa', 356, 130000, 757),
(758, 'Nazret', 'ETH', 'Nazret', 961, 130000, 758),
(759, 'Gonder', 'ETH', 'Gonder', 67, 130000, 759),
(760, 'Dese', 'ETH', 'Dese', 67, 130000, 760),
(761, 'Mekele', 'ETH', 'Mekele', 1278, 130000, 761),
(762, 'Bahir Dar', 'ETH', 'Bahir Dar', 67, 130000, 762),
(763, 'Stanley', 'FLK', 'Stanley', 383, 130000, 763),
(764, 'Suva', 'FJI', 'Suva', 264, 130000, 764),
(765, 'Quezon', 'PHL', 'Quezon', 880, 130000, 765),
(766, 'Manila', 'PHL', 'Manila', 880, 130000, 766),
(767, 'Kalookan', 'PHL', 'Kalookan', 880, 130000, 767),
(768, 'Davao', 'PHL', 'Davao', 1192, 130000, 768),
(769, 'Cebu', 'PHL', 'Cebu', 276, 130000, 769),
(770, 'Zamboanga', 'PHL', 'Zamboanga', 1390, 130000, 770),
(771, 'Pasig', 'PHL', 'Pasig', 880, 130000, 771),
(772, 'Valenzuela', 'PHL', 'Valenzuela', 880, 130000, 772),
(773, 'Las Piñas', 'PHL', 'Las Piñas', 880, 130000, 773),
(774, 'Antipolo', 'PHL', 'Antipolo', 1193, 130000, 774),
(775, 'Taguig', 'PHL', 'Taguig', 880, 130000, 775),
(776, 'Cagayan de Oro', 'PHL', 'Cagayan de Oro', 928, 130000, 776),
(777, 'Parañaque', 'PHL', 'Parañaque', 880, 130000, 777),
(778, 'Makati', 'PHL', 'Makati', 880, 130000, 778),
(779, 'Bacolod', 'PHL', 'Bacolod', 1391, 130000, 779),
(780, 'General Santos', 'PHL', 'General Santos', 1192, 130000, 780),
(781, 'Marikina', 'PHL', 'Marikina', 880, 130000, 781),
(782, 'Dasmariñas', 'PHL', 'Dasmariñas', 1193, 130000, 782),
(783, 'Muntinlupa', 'PHL', 'Muntinlupa', 880, 130000, 783),
(784, 'Iloilo', 'PHL', 'Iloilo', 1391, 130000, 784),
(785, 'Pasay', 'PHL', 'Pasay', 880, 130000, 785),
(786, 'Malabon', 'PHL', 'Malabon', 880, 130000, 786),
(787, 'San José del Monte', 'PHL', 'San José del Monte', 272, 130000, 787),
(788, 'Bacoor', 'PHL', 'Bacoor', 1193, 130000, 788),
(789, 'Iligan', 'PHL', 'Iligan', 274, 130000, 789),
(790, 'Calamba', 'PHL', 'Calamba', 1193, 130000, 790),
(791, 'Mandaluyong', 'PHL', 'Mandaluyong', 880, 130000, 791),
(792, 'Butuan', 'PHL', 'Butuan', 251, 130000, 792),
(793, 'Angeles', 'PHL', 'Angeles', 272, 130000, 793),
(794, 'Tarlac', 'PHL', 'Tarlac', 272, 130000, 794),
(795, 'Mandaue', 'PHL', 'Mandaue', 276, 130000, 795),
(796, 'Baguio', 'PHL', 'Baguio', 249, 130000, 796),
(797, 'Batangas', 'PHL', 'Batangas', 1193, 130000, 797),
(798, 'Cainta', 'PHL', 'Cainta', 1193, 130000, 798),
(799, 'San Pedro', 'PHL', 'San Pedro', 1193, 130000, 799),
(800, 'Navotas', 'PHL', 'Navotas', 880, 130000, 800),
(801, 'Cabanatuan', 'PHL', 'Cabanatuan', 272, 130000, 801),
(802, 'San Fernando', 'PHL', 'San Fernando', 272, 130000, 802),
(803, 'Lipa', 'PHL', 'Lipa', 1193, 130000, 803),
(804, 'Lapu-Lapu', 'PHL', 'Lapu-Lapu', 276, 130000, 804),
(805, 'San Pablo', 'PHL', 'San Pablo', 1193, 130000, 805),
(806, 'Biñan', 'PHL', 'Biñan', 1193, 130000, 806),
(807, 'Taytay', 'PHL', 'Taytay', 1193, 130000, 807),
(808, 'Lucena', 'PHL', 'Lucena', 1193, 130000, 808),
(809, 'Imus', 'PHL', 'Imus', 1193, 130000, 809),
(810, 'Olongapo', 'PHL', 'Olongapo', 272, 130000, 810),
(811, 'Binangonan', 'PHL', 'Binangonan', 1193, 130000, 811),
(812, 'Santa Rosa', 'PHL', 'Santa Rosa', 1193, 130000, 812),
(813, 'Tagum', 'PHL', 'Tagum', 1192, 130000, 813),
(814, 'Tacloban', 'PHL', 'Tacloban', 392, 130000, 814),
(815, 'Malolos', 'PHL', 'Malolos', 272, 130000, 815),
(816, 'Mabalacat', 'PHL', 'Mabalacat', 272, 130000, 816),
(817, 'Cotabato', 'PHL', 'Cotabato', 274, 130000, 817),
(818, 'Meycauayan', 'PHL', 'Meycauayan', 272, 130000, 818),
(819, 'Puerto Princesa', 'PHL', 'Puerto Princesa', 1193, 130000, 819),
(820, 'Legazpi', 'PHL', 'Legazpi', 183, 130000, 820),
(821, 'Silang', 'PHL', 'Silang', 1193, 130000, 821),
(822, 'Ormoc', 'PHL', 'Ormoc', 392, 130000, 822),
(823, 'San Carlos', 'PHL', 'San Carlos', 561, 130000, 823),
(824, 'Kabankalan', 'PHL', 'Kabankalan', 1391, 130000, 824),
(825, 'Talisay', 'PHL', 'Talisay', 276, 130000, 825),
(826, 'Valencia', 'PHL', 'Valencia', 928, 130000, 826),
(827, 'Calbayog', 'PHL', 'Calbayog', 392, 130000, 827),
(828, 'Santa Maria', 'PHL', 'Santa Maria', 272, 130000, 828),
(829, 'Pagadian', 'PHL', 'Pagadian', 1390, 130000, 829),
(830, 'Cadiz', 'PHL', 'Cadiz', 1391, 130000, 830),
(831, 'Bago', 'PHL', 'Bago', 1391, 130000, 831),
(832, 'Toledo', 'PHL', 'Toledo', 276, 130000, 832),
(833, 'Naga', 'PHL', 'Naga', 183, 130000, 833),
(834, 'San Mateo', 'PHL', 'San Mateo', 1193, 130000, 834),
(835, 'Panabo', 'PHL', 'Panabo', 1192, 130000, 835),
(836, 'Koronadal', 'PHL', 'Koronadal', 1192, 130000, 836),
(837, 'Marawi', 'PHL', 'Marawi', 274, 130000, 837),
(838, 'Dagupan', 'PHL', 'Dagupan', 561, 130000, 838),
(839, 'Sagay', 'PHL', 'Sagay', 1391, 130000, 839),
(840, 'Roxas', 'PHL', 'Roxas', 1391, 130000, 840),
(841, 'Lubao', 'PHL', 'Lubao', 272, 130000, 841),
(842, 'Digos', 'PHL', 'Digos', 1192, 130000, 842),
(843, 'San Miguel', 'PHL', 'San Miguel', 272, 130000, 843),
(844, 'Malaybalay', 'PHL', 'Malaybalay', 928, 130000, 844),
(845, 'Tuguegarao', 'PHL', 'Tuguegarao', 232, 130000, 845),
(846, 'Ilagan', 'PHL', 'Ilagan', 232, 130000, 846),
(847, 'Baliuag', 'PHL', 'Baliuag', 272, 130000, 847),
(848, 'Surigao', 'PHL', 'Surigao', 251, 130000, 848),
(849, 'San Carlos', 'PHL', 'San Carlos', 1391, 130000, 849),
(850, 'San Juan del Monte', 'PHL', 'San Juan del Monte', 880, 130000, 850),
(851, 'Tanauan', 'PHL', 'Tanauan', 1193, 130000, 851),
(852, 'Concepcion', 'PHL', 'Concepcion', 272, 130000, 852),
(853, 'Rodriguez (Montalban)', 'PHL', 'Rodriguez (Montalban)', 1193, 130000, 853),
(854, 'Sariaya', 'PHL', 'Sariaya', 1193, 130000, 854),
(855, 'Malasiqui', 'PHL', 'Malasiqui', 561, 130000, 855),
(856, 'General Mariano Alvarez', 'PHL', 'General Mariano Alvarez', 1193, 130000, 856),
(857, 'Urdaneta', 'PHL', 'Urdaneta', 561, 130000, 857),
(858, 'Hagonoy', 'PHL', 'Hagonoy', 272, 130000, 858),
(859, 'San Jose', 'PHL', 'San Jose', 1193, 130000, 859),
(860, 'Polomolok', 'PHL', 'Polomolok', 1192, 130000, 860),
(861, 'Santiago', 'PHL', 'Santiago', 232, 130000, 861),
(862, 'Tanza', 'PHL', 'Tanza', 1193, 130000, 862),
(863, 'Ozamis', 'PHL', 'Ozamis', 928, 130000, 863),
(864, 'Mexico', 'PHL', 'Mexico', 272, 130000, 864),
(865, 'San Jose', 'PHL', 'San Jose', 272, 130000, 865),
(866, 'Silay', 'PHL', 'Silay', 1391, 130000, 866),
(867, 'General Trias', 'PHL', 'General Trias', 1193, 130000, 867),
(868, 'Tabaco', 'PHL', 'Tabaco', 183, 130000, 868),
(869, 'Cabuyao', 'PHL', 'Cabuyao', 1193, 130000, 869),
(870, 'Calapan', 'PHL', 'Calapan', 1193, 130000, 870),
(871, 'Mati', 'PHL', 'Mati', 1192, 130000, 871),
(872, 'Midsayap', 'PHL', 'Midsayap', 274, 130000, 872),
(873, 'Cauayan', 'PHL', 'Cauayan', 232, 130000, 873),
(874, 'Gingoog', 'PHL', 'Gingoog', 928, 130000, 874),
(875, 'Dumaguete', 'PHL', 'Dumaguete', 276, 130000, 875),
(876, 'San Fernando', 'PHL', 'San Fernando', 561, 130000, 876),
(877, 'Arayat', 'PHL', 'Arayat', 272, 130000, 877);
INSERT INTO `cities` (`CiuCodigo`, `CiuNombre`, `CodPais`, `Distrito`, `CodDistrito`, `flete`, `id`) VALUES
(878, 'Bayawan (Tulong)', 'PHL', 'Bayawan (Tulong)', 276, 130000, 878),
(879, 'Kidapawan', 'PHL', 'Kidapawan', 274, 130000, 879),
(880, 'Daraga (Locsin)', 'PHL', 'Daraga (Locsin)', 183, 130000, 880),
(881, 'Marilao', 'PHL', 'Marilao', 272, 130000, 881),
(882, 'Malita', 'PHL', 'Malita', 1192, 130000, 882),
(883, 'Dipolog', 'PHL', 'Dipolog', 1390, 130000, 883),
(884, 'Cavite', 'PHL', 'Cavite', 1193, 130000, 884),
(885, 'Danao', 'PHL', 'Danao', 276, 130000, 885),
(886, 'Bislig', 'PHL', 'Bislig', 251, 130000, 886),
(887, 'Talavera', 'PHL', 'Talavera', 272, 130000, 887),
(888, 'Guagua', 'PHL', 'Guagua', 272, 130000, 888),
(889, 'Bayambang', 'PHL', 'Bayambang', 561, 130000, 889),
(890, 'Nasugbu', 'PHL', 'Nasugbu', 1193, 130000, 890),
(891, 'Baybay', 'PHL', 'Baybay', 392, 130000, 891),
(892, 'Capas', 'PHL', 'Capas', 272, 130000, 892),
(893, 'Sultan Kudarat', 'PHL', 'Sultan Kudarat', 107, 130000, 893),
(894, 'Laoag', 'PHL', 'Laoag', 561, 130000, 894),
(895, 'Bayugan', 'PHL', 'Bayugan', 251, 130000, 895),
(896, 'Malungon', 'PHL', 'Malungon', 1192, 130000, 896),
(897, 'Santa Cruz', 'PHL', 'Santa Cruz', 1193, 130000, 897),
(898, 'Sorsogon', 'PHL', 'Sorsogon', 183, 130000, 898),
(899, 'Candelaria', 'PHL', 'Candelaria', 1193, 130000, 899),
(900, 'Ligao', 'PHL', 'Ligao', 183, 130000, 900),
(901, 'Tórshavn', 'FRO', 'Tórshavn', 1207, 130000, 901),
(902, 'Libreville', 'GAB', 'Libreville', 409, 130000, 902),
(903, 'Serekunda', 'GMB', 'Serekunda', 677, 130000, 903),
(904, 'Banjul', 'GMB', 'Banjul', 155, 130000, 904),
(905, 'Tbilisi', 'GEO', 'Tbilisi', 1257, 130000, 905),
(906, 'Kutaisi', 'GEO', 'Kutaisi', 564, 130000, 906),
(907, 'Rustavi', 'GEO', 'Rustavi', 698, 130000, 907),
(908, 'Batumi', 'GEO', 'Batumi', 13, 130000, 908),
(909, 'Sohumi', 'GEO', 'Sohumi', 1, 130000, 909),
(910, 'Accra', 'GHA', 'Accra', 468, 130000, 910),
(911, 'Kumasi', 'GHA', 'Kumasi', 109, 130000, 911),
(912, 'Tamale', 'GHA', 'Tamale', 925, 130000, 912),
(913, 'Tema', 'GHA', 'Tema', 468, 130000, 913),
(914, 'Sekondi-Takoradi', 'GHA', 'Sekondi-Takoradi', 1385, 130000, 914),
(915, 'Gibraltar', 'GIB', 'Gibraltar', 454, 130000, 915),
(916, 'Saint George´s', 'GRD', 'Saint George´s', 1196, 130000, 916),
(917, 'Nuuk', 'GRL', 'Nuuk', 673, 130000, 917),
(918, 'Les Abymes', 'GLP', 'Les Abymes', 466, 130000, 918),
(919, 'Basse-Terre', 'GLP', 'Basse-Terre', 165, 130000, 919),
(920, 'Tamuning', 'GUM', 'Tamuning', 1246, 130000, 920),
(921, 'Agaña', 'GUM', 'Agaña', 15, 130000, 921),
(922, 'Ciudad de Guatemala', 'GTM', 'Ciudad de Guatemala', 477, 130000, 922),
(923, 'Mixco', 'GTM', 'Mixco', 477, 130000, 923),
(924, 'Villa Nueva', 'GTM', 'Villa Nueva', 477, 130000, 924),
(925, 'Quetzaltenango', 'GTM', 'Quetzaltenango', 1053, 130000, 925),
(926, 'Conakry', 'GIN', 'Conakry', 292, 130000, 926),
(927, 'Bissau', 'GNB', 'Bissau', 193, 130000, 927),
(928, 'Georgetown', 'GUY', 'Georgetown', 450, 130000, 928),
(929, 'Port-au-Prince', 'HTI', 'Port-au-Prince', 970, 130000, 929),
(930, 'Carrefour', 'HTI', 'Carrefour', 970, 130000, 930),
(931, 'Delmas', 'HTI', 'Delmas', 970, 130000, 931),
(932, 'Le-Cap-Haïtien', 'HTI', 'Le-Cap-Haïtien', 910, 130000, 932),
(933, 'Tegucigalpa', 'HND', 'Tegucigalpa', 358, 130000, 933),
(934, 'San Pedro Sula', 'HND', 'San Pedro Sula', 300, 130000, 934),
(935, 'La Ceiba', 'HND', 'La Ceiba', 121, 130000, 935),
(936, 'Kowloon and New Kowloon', 'HKG', 'Kowloon and New Kowloon', 686, 130000, 936),
(937, 'Victoria', 'HKG', 'Victoria', 535, 130000, 937),
(938, 'Longyearbyen', 'SJM', 'Longyearbyen', 720, 130000, 938),
(939, 'Jakarta', 'IDN', 'Jakarta', 585, 130000, 939),
(940, 'Surabaya', 'IDN', 'Surabaya', 386, 130000, 940),
(941, 'Bandung', 'IDN', 'Bandung', 1382, 130000, 941),
(942, 'Medan', 'IDN', 'Medan', 1218, 130000, 942),
(943, 'Palembang', 'IDN', 'Palembang', 1217, 130000, 943),
(944, 'Tangerang', 'IDN', 'Tangerang', 1382, 130000, 944),
(945, 'Semarang', 'IDN', 'Semarang', 271, 130000, 945),
(946, 'Ujung Pandang', 'IDN', 'Ujung Pandang', 1212, 130000, 946),
(947, 'Malang', 'IDN', 'Malang', 386, 130000, 947),
(948, 'Bandar Lampung', 'IDN', 'Bandar Lampung', 718, 130000, 948),
(949, 'Bekasi', 'IDN', 'Bekasi', 1382, 130000, 949),
(950, 'Padang', 'IDN', 'Padang', 1216, 130000, 950),
(951, 'Surakarta', 'IDN', 'Surakarta', 271, 130000, 951),
(952, 'Banjarmasin', 'IDN', 'Banjarmasin', 615, 130000, 952),
(953, 'Pekan Baru', 'IDN', 'Pekan Baru', 1069, 130000, 953),
(954, 'Denpasar', 'IDN', 'Denpasar', 144, 130000, 954),
(955, 'Yogyakarta', 'IDN', 'Yogyakarta', 1409, 130000, 955),
(956, 'Pontianak', 'IDN', 'Pontianak', 614, 130000, 956),
(957, 'Samarinda', 'IDN', 'Samarinda', 617, 130000, 957),
(958, 'Jambi', 'IDN', 'Jambi', 587, 130000, 958),
(959, 'Depok', 'IDN', 'Depok', 1382, 130000, 959),
(960, 'Cimahi', 'IDN', 'Cimahi', 1382, 130000, 960),
(961, 'Balikpapan', 'IDN', 'Balikpapan', 617, 130000, 961),
(962, 'Manado', 'IDN', 'Manado', 1215, 130000, 962),
(963, 'Mataram', 'IDN', 'Mataram', 936, 130000, 963),
(964, 'Pekalongan', 'IDN', 'Pekalongan', 271, 130000, 964),
(965, 'Tegal', 'IDN', 'Tegal', 271, 130000, 965),
(966, 'Bogor', 'IDN', 'Bogor', 1382, 130000, 966),
(967, 'Ciputat', 'IDN', 'Ciputat', 1382, 130000, 967),
(968, 'Pondokgede', 'IDN', 'Pondokgede', 1382, 130000, 968),
(969, 'Cirebon', 'IDN', 'Cirebon', 1382, 130000, 969),
(970, 'Kediri', 'IDN', 'Kediri', 386, 130000, 970),
(971, 'Ambon', 'IDN', 'Ambon', 840, 130000, 971),
(972, 'Jember', 'IDN', 'Jember', 386, 130000, 972),
(973, 'Cilacap', 'IDN', 'Cilacap', 271, 130000, 973),
(974, 'Cimanggis', 'IDN', 'Cimanggis', 1382, 130000, 974),
(975, 'Pematang Siantar', 'IDN', 'Pematang Siantar', 1218, 130000, 975),
(976, 'Purwokerto', 'IDN', 'Purwokerto', 271, 130000, 976),
(977, 'Ciomas', 'IDN', 'Ciomas', 1382, 130000, 977),
(978, 'Tasikmalaya', 'IDN', 'Tasikmalaya', 1382, 130000, 978),
(979, 'Madiun', 'IDN', 'Madiun', 386, 130000, 979),
(980, 'Bengkulu', 'IDN', 'Bengkulu', 178, 130000, 980),
(981, 'Karawang', 'IDN', 'Karawang', 1382, 130000, 981),
(982, 'Banda Aceh', 'IDN', 'Banda Aceh', 5, 130000, 982),
(983, 'Palu', 'IDN', 'Palu', 1213, 130000, 983),
(984, 'Pasuruan', 'IDN', 'Pasuruan', 386, 130000, 984),
(985, 'Kupang', 'IDN', 'Kupang', 937, 130000, 985),
(986, 'Tebing Tinggi', 'IDN', 'Tebing Tinggi', 1218, 130000, 986),
(987, 'Percut Sei Tuan', 'IDN', 'Percut Sei Tuan', 1218, 130000, 987),
(988, 'Binjai', 'IDN', 'Binjai', 1218, 130000, 988),
(989, 'Sukabumi', 'IDN', 'Sukabumi', 1382, 130000, 989),
(990, 'Waru', 'IDN', 'Waru', 386, 130000, 990),
(991, 'Pangkal Pinang', 'IDN', 'Pangkal Pinang', 1217, 130000, 991),
(992, 'Magelang', 'IDN', 'Magelang', 271, 130000, 992),
(993, 'Blitar', 'IDN', 'Blitar', 386, 130000, 993),
(994, 'Serang', 'IDN', 'Serang', 1382, 130000, 994),
(995, 'Probolinggo', 'IDN', 'Probolinggo', 386, 130000, 995),
(996, 'Cilegon', 'IDN', 'Cilegon', 1382, 130000, 996),
(997, 'Cianjur', 'IDN', 'Cianjur', 1382, 130000, 997),
(998, 'Ciparay', 'IDN', 'Ciparay', 1382, 130000, 998),
(999, 'Lhokseumawe', 'IDN', 'Lhokseumawe', 5, 130000, 999),
(1000, 'Taman', 'IDN', 'Taman', 386, 130000, 1000),
(1001, 'Depok', 'IDN', 'Depok', 1409, 130000, 1001),
(1002, 'Citeureup', 'IDN', 'Citeureup', 1382, 130000, 1002),
(1003, 'Pemalang', 'IDN', 'Pemalang', 271, 130000, 1003),
(1004, 'Klaten', 'IDN', 'Klaten', 271, 130000, 1004),
(1005, 'Salatiga', 'IDN', 'Salatiga', 271, 130000, 1005),
(1006, 'Cibinong', 'IDN', 'Cibinong', 1382, 130000, 1006),
(1007, 'Palangka Raya', 'IDN', 'Palangka Raya', 616, 130000, 1007),
(1008, 'Mojokerto', 'IDN', 'Mojokerto', 386, 130000, 1008),
(1009, 'Purwakarta', 'IDN', 'Purwakarta', 1382, 130000, 1009),
(1010, 'Garut', 'IDN', 'Garut', 1382, 130000, 1010),
(1011, 'Kudus', 'IDN', 'Kudus', 271, 130000, 1011),
(1012, 'Kendari', 'IDN', 'Kendari', 1214, 130000, 1012),
(1013, 'Jaya Pura', 'IDN', 'Jaya Pura', 1380, 130000, 1013),
(1014, 'Gorontalo', 'IDN', 'Gorontalo', 1215, 130000, 1014),
(1015, 'Majalaya', 'IDN', 'Majalaya', 1382, 130000, 1015),
(1016, 'Pondok Aren', 'IDN', 'Pondok Aren', 1382, 130000, 1016),
(1017, 'Jombang', 'IDN', 'Jombang', 386, 130000, 1017),
(1018, 'Sunggal', 'IDN', 'Sunggal', 1218, 130000, 1018),
(1019, 'Batam', 'IDN', 'Batam', 1069, 130000, 1019),
(1020, 'Padang Sidempuan', 'IDN', 'Padang Sidempuan', 1218, 130000, 1020),
(1021, 'Sawangan', 'IDN', 'Sawangan', 1382, 130000, 1021),
(1022, 'Banyuwangi', 'IDN', 'Banyuwangi', 386, 130000, 1022),
(1023, 'Tanjung Pinang', 'IDN', 'Tanjung Pinang', 1069, 130000, 1023),
(1024, 'Mumbai (Bombay)', 'IND', 'Mumbai (Bombay)', 771, 130000, 1024),
(1025, 'Delhi', 'IND', 'Delhi', 350, 130000, 1025),
(1026, 'Calcutta [Kolkata]', 'IND', 'Calcutta [Kolkata]', 1376, 130000, 1026),
(1027, 'Chennai (Madras)', 'IND', 'Chennai (Madras)', 1245, 130000, 1027),
(1028, 'Hyderabad', 'IND', 'Hyderabad', 74, 130000, 1028),
(1029, 'Ahmedabad', 'IND', 'Ahmedabad', 483, 130000, 1029),
(1030, 'Bangalore', 'IND', 'Bangalore', 635, 130000, 1030),
(1031, 'Kanpur', 'IND', 'Kanpur', 1332, 130000, 1031),
(1032, 'Nagpur', 'IND', 'Nagpur', 771, 130000, 1032),
(1033, 'Lucknow', 'IND', 'Lucknow', 1332, 130000, 1033),
(1034, 'Pune', 'IND', 'Pune', 771, 130000, 1034),
(1035, 'Surat', 'IND', 'Surat', 483, 130000, 1035),
(1036, 'Jaipur', 'IND', 'Jaipur', 1059, 130000, 1036),
(1037, 'Indore', 'IND', 'Indore', 763, 130000, 1037),
(1038, 'Bhopal', 'IND', 'Bhopal', 763, 130000, 1038),
(1039, 'Ludhiana', 'IND', 'Ludhiana', 1029, 130000, 1039),
(1040, 'Vadodara (Baroda)', 'IND', 'Vadodara (Baroda)', 483, 130000, 1040),
(1041, 'Kalyan', 'IND', 'Kalyan', 771, 130000, 1041),
(1042, 'Madurai', 'IND', 'Madurai', 1245, 130000, 1042),
(1043, 'Haora (Howrah)', 'IND', 'Haora (Howrah)', 1376, 130000, 1043),
(1044, 'Varanasi (Benares)', 'IND', 'Varanasi (Benares)', 1332, 130000, 1044),
(1045, 'Patna', 'IND', 'Patna', 184, 130000, 1045),
(1046, 'Srinagar', 'IND', 'Srinagar', 588, 130000, 1046),
(1047, 'Agra', 'IND', 'Agra', 1332, 130000, 1047),
(1048, 'Coimbatore', 'IND', 'Coimbatore', 1245, 130000, 1048),
(1049, 'Thane (Thana)', 'IND', 'Thane (Thana)', 771, 130000, 1049),
(1050, 'Allahabad', 'IND', 'Allahabad', 1332, 130000, 1050),
(1051, 'Meerut', 'IND', 'Meerut', 1332, 130000, 1051),
(1052, 'Vishakhapatnam', 'IND', 'Vishakhapatnam', 74, 130000, 1052),
(1053, 'Jabalpur', 'IND', 'Jabalpur', 763, 130000, 1053),
(1054, 'Amritsar', 'IND', 'Amritsar', 1029, 130000, 1054),
(1055, 'Faridabad', 'IND', 'Faridabad', 509, 130000, 1055),
(1056, 'Vijayawada', 'IND', 'Vijayawada', 74, 130000, 1056),
(1057, 'Gwalior', 'IND', 'Gwalior', 763, 130000, 1057),
(1058, 'Jodhpur', 'IND', 'Jodhpur', 1059, 130000, 1058),
(1059, 'Nashik (Nasik)', 'IND', 'Nashik (Nasik)', 771, 130000, 1059),
(1060, 'Hubli-Dharwad', 'IND', 'Hubli-Dharwad', 635, 130000, 1060),
(1061, 'Solapur (Sholapur)', 'IND', 'Solapur (Sholapur)', 771, 130000, 1061),
(1062, 'Ranchi', 'IND', 'Ranchi', 592, 130000, 1062),
(1063, 'Bareilly', 'IND', 'Bareilly', 1332, 130000, 1063),
(1064, 'Guwahati (Gauhati)', 'IND', 'Guwahati (Gauhati)', 111, 130000, 1064),
(1065, 'Shambajinagar (Aurangabad)', 'IND', 'Shambajinagar (Aurangabad)', 771, 130000, 1065),
(1066, 'Cochin (Kochi)', 'IND', 'Cochin (Kochi)', 650, 130000, 1066),
(1067, 'Rajkot', 'IND', 'Rajkot', 483, 130000, 1067),
(1068, 'Kota', 'IND', 'Kota', 1059, 130000, 1068),
(1069, 'Thiruvananthapuram (Trivandrum', 'IND', 'Thiruvananthapuram (Trivandrum', 650, 130000, 1069),
(1070, 'Pimpri-Chinchwad', 'IND', 'Pimpri-Chinchwad', 771, 130000, 1070),
(1071, 'Jalandhar (Jullundur)', 'IND', 'Jalandhar (Jullundur)', 1029, 130000, 1071),
(1072, 'Gorakhpur', 'IND', 'Gorakhpur', 1332, 130000, 1072),
(1073, 'Chandigarh', 'IND', 'Chandigarh', 312, 130000, 1073),
(1074, 'Mysore', 'IND', 'Mysore', 635, 130000, 1074),
(1075, 'Aligarh', 'IND', 'Aligarh', 1332, 130000, 1075),
(1076, 'Guntur', 'IND', 'Guntur', 74, 130000, 1076),
(1077, 'Jamshedpur', 'IND', 'Jamshedpur', 592, 130000, 1077),
(1078, 'Ghaziabad', 'IND', 'Ghaziabad', 1332, 130000, 1078),
(1079, 'Warangal', 'IND', 'Warangal', 74, 130000, 1079),
(1080, 'Raipur', 'IND', 'Raipur', 317, 130000, 1080),
(1081, 'Moradabad', 'IND', 'Moradabad', 1332, 130000, 1081),
(1082, 'Durgapur', 'IND', 'Durgapur', 1376, 130000, 1082),
(1083, 'Amravati', 'IND', 'Amravati', 771, 130000, 1083),
(1084, 'Calicut (Kozhikode)', 'IND', 'Calicut (Kozhikode)', 650, 130000, 1084),
(1085, 'Bikaner', 'IND', 'Bikaner', 1059, 130000, 1085),
(1086, 'Bhubaneswar', 'IND', 'Bhubaneswar', 959, 130000, 1086),
(1087, 'Kolhapur', 'IND', 'Kolhapur', 771, 130000, 1087),
(1088, 'Kataka (Cuttack)', 'IND', 'Kataka (Cuttack)', 959, 130000, 1088),
(1089, 'Ajmer', 'IND', 'Ajmer', 1059, 130000, 1089),
(1090, 'Bhavnagar', 'IND', 'Bhavnagar', 483, 130000, 1090),
(1091, 'Tiruchirapalli', 'IND', 'Tiruchirapalli', 1245, 130000, 1091),
(1092, 'Bhilai', 'IND', 'Bhilai', 317, 130000, 1092),
(1093, 'Bhiwandi', 'IND', 'Bhiwandi', 771, 130000, 1093),
(1094, 'Saharanpur', 'IND', 'Saharanpur', 1332, 130000, 1094),
(1095, 'Ulhasnagar', 'IND', 'Ulhasnagar', 771, 130000, 1095),
(1096, 'Salem', 'IND', 'Salem', 1245, 130000, 1096),
(1097, 'Ujjain', 'IND', 'Ujjain', 763, 130000, 1097),
(1098, 'Malegaon', 'IND', 'Malegaon', 771, 130000, 1098),
(1099, 'Jamnagar', 'IND', 'Jamnagar', 483, 130000, 1099),
(1100, 'Bokaro Steel City', 'IND', 'Bokaro Steel City', 592, 130000, 1100),
(1101, 'Akola', 'IND', 'Akola', 771, 130000, 1101),
(1102, 'Belgaum', 'IND', 'Belgaum', 635, 130000, 1102),
(1103, 'Rajahmundry', 'IND', 'Rajahmundry', 74, 130000, 1103),
(1104, 'Nellore', 'IND', 'Nellore', 74, 130000, 1104),
(1105, 'Udaipur', 'IND', 'Udaipur', 1059, 130000, 1105),
(1106, 'New Bombay', 'IND', 'New Bombay', 771, 130000, 1106),
(1107, 'Bhatpara', 'IND', 'Bhatpara', 1376, 130000, 1107),
(1108, 'Gulbarga', 'IND', 'Gulbarga', 635, 130000, 1108),
(1109, 'New Delhi', 'IND', 'New Delhi', 350, 130000, 1109),
(1110, 'Jhansi', 'IND', 'Jhansi', 1332, 130000, 1110),
(1111, 'Gaya', 'IND', 'Gaya', 184, 130000, 1111),
(1112, 'Kakinada', 'IND', 'Kakinada', 74, 130000, 1112),
(1113, 'Dhule (Dhulia)', 'IND', 'Dhule (Dhulia)', 771, 130000, 1113),
(1114, 'Panihati', 'IND', 'Panihati', 1376, 130000, 1114),
(1115, 'Nanded (Nander)', 'IND', 'Nanded (Nander)', 771, 130000, 1115),
(1116, 'Mangalore', 'IND', 'Mangalore', 635, 130000, 1116),
(1117, 'Dehra Dun', 'IND', 'Dehra Dun', 1333, 130000, 1117),
(1118, 'Kamarhati', 'IND', 'Kamarhati', 1376, 130000, 1118),
(1119, 'Davangere', 'IND', 'Davangere', 635, 130000, 1119),
(1120, 'Asansol', 'IND', 'Asansol', 1376, 130000, 1120),
(1121, 'Bhagalpur', 'IND', 'Bhagalpur', 184, 130000, 1121),
(1122, 'Bellary', 'IND', 'Bellary', 635, 130000, 1122),
(1123, 'Barddhaman (Burdwan)', 'IND', 'Barddhaman (Burdwan)', 1376, 130000, 1123),
(1124, 'Rampur', 'IND', 'Rampur', 1332, 130000, 1124),
(1125, 'Jalgaon', 'IND', 'Jalgaon', 771, 130000, 1125),
(1126, 'Muzaffarpur', 'IND', 'Muzaffarpur', 184, 130000, 1126),
(1127, 'Nizamabad', 'IND', 'Nizamabad', 74, 130000, 1127),
(1128, 'Muzaffarnagar', 'IND', 'Muzaffarnagar', 1332, 130000, 1128),
(1129, 'Patiala', 'IND', 'Patiala', 1029, 130000, 1129),
(1130, 'Shahjahanpur', 'IND', 'Shahjahanpur', 1332, 130000, 1130),
(1131, 'Kurnool', 'IND', 'Kurnool', 74, 130000, 1131),
(1132, 'Tiruppur (Tirupper)', 'IND', 'Tiruppur (Tirupper)', 1245, 130000, 1132),
(1133, 'Rohtak', 'IND', 'Rohtak', 509, 130000, 1133),
(1134, 'South Dum Dum', 'IND', 'South Dum Dum', 1376, 130000, 1134),
(1135, 'Mathura', 'IND', 'Mathura', 1332, 130000, 1135),
(1136, 'Chandrapur', 'IND', 'Chandrapur', 771, 130000, 1136),
(1137, 'Barahanagar (Baranagar)', 'IND', 'Barahanagar (Baranagar)', 1376, 130000, 1137),
(1138, 'Darbhanga', 'IND', 'Darbhanga', 184, 130000, 1138),
(1139, 'Siliguri (Shiliguri)', 'IND', 'Siliguri (Shiliguri)', 1376, 130000, 1139),
(1140, 'Raurkela', 'IND', 'Raurkela', 959, 130000, 1140),
(1141, 'Ambattur', 'IND', 'Ambattur', 1245, 130000, 1141),
(1142, 'Panipat', 'IND', 'Panipat', 509, 130000, 1142),
(1143, 'Firozabad', 'IND', 'Firozabad', 1332, 130000, 1143),
(1144, 'Ichalkaranji', 'IND', 'Ichalkaranji', 771, 130000, 1144),
(1145, 'Jammu', 'IND', 'Jammu', 588, 130000, 1145),
(1146, 'Ramagundam', 'IND', 'Ramagundam', 74, 130000, 1146),
(1147, 'Eluru', 'IND', 'Eluru', 74, 130000, 1147),
(1148, 'Brahmapur', 'IND', 'Brahmapur', 959, 130000, 1148),
(1149, 'Alwar', 'IND', 'Alwar', 1059, 130000, 1149),
(1150, 'Pondicherry', 'IND', 'Pondicherry', 1014, 130000, 1150),
(1151, 'Thanjavur', 'IND', 'Thanjavur', 1245, 130000, 1151),
(1152, 'Bihar Sharif', 'IND', 'Bihar Sharif', 184, 130000, 1152),
(1153, 'Tuticorin', 'IND', 'Tuticorin', 1245, 130000, 1153),
(1154, 'Imphal', 'IND', 'Imphal', 783, 130000, 1154),
(1155, 'Latur', 'IND', 'Latur', 771, 130000, 1155),
(1156, 'Sagar', 'IND', 'Sagar', 763, 130000, 1156),
(1157, 'Farrukhabad-cum-Fatehgarh', 'IND', 'Farrukhabad-cum-Fatehgarh', 1332, 130000, 1157),
(1158, 'Sangli', 'IND', 'Sangli', 771, 130000, 1158),
(1159, 'Parbhani', 'IND', 'Parbhani', 771, 130000, 1159),
(1160, 'Nagar Coil', 'IND', 'Nagar Coil', 1245, 130000, 1160),
(1161, 'Bijapur', 'IND', 'Bijapur', 635, 130000, 1161),
(1162, 'Kukatpalle', 'IND', 'Kukatpalle', 74, 130000, 1162),
(1163, 'Bally', 'IND', 'Bally', 1376, 130000, 1163),
(1164, 'Bhilwara', 'IND', 'Bhilwara', 1059, 130000, 1164),
(1165, 'Ratlam', 'IND', 'Ratlam', 763, 130000, 1165),
(1166, 'Avadi', 'IND', 'Avadi', 1245, 130000, 1166),
(1167, 'Dindigul', 'IND', 'Dindigul', 1245, 130000, 1167),
(1168, 'Ahmadnagar', 'IND', 'Ahmadnagar', 771, 130000, 1168),
(1169, 'Bilaspur', 'IND', 'Bilaspur', 317, 130000, 1169),
(1170, 'Shimoga', 'IND', 'Shimoga', 635, 130000, 1170),
(1171, 'Kharagpur', 'IND', 'Kharagpur', 1376, 130000, 1171),
(1172, 'Mira Bhayandar', 'IND', 'Mira Bhayandar', 771, 130000, 1172),
(1173, 'Vellore', 'IND', 'Vellore', 1245, 130000, 1173),
(1174, 'Jalna', 'IND', 'Jalna', 771, 130000, 1174),
(1175, 'Burnpur', 'IND', 'Burnpur', 1376, 130000, 1175),
(1176, 'Anantapur', 'IND', 'Anantapur', 74, 130000, 1176),
(1177, 'Allappuzha (Alleppey)', 'IND', 'Allappuzha (Alleppey)', 650, 130000, 1177),
(1178, 'Tirupati', 'IND', 'Tirupati', 74, 130000, 1178),
(1179, 'Karnal', 'IND', 'Karnal', 509, 130000, 1179),
(1180, 'Burhanpur', 'IND', 'Burhanpur', 763, 130000, 1180),
(1181, 'Hisar (Hissar)', 'IND', 'Hisar (Hissar)', 509, 130000, 1181),
(1182, 'Tiruvottiyur', 'IND', 'Tiruvottiyur', 1245, 130000, 1182),
(1183, 'Mirzapur-cum-Vindhyachal', 'IND', 'Mirzapur-cum-Vindhyachal', 1332, 130000, 1183),
(1184, 'Secunderabad', 'IND', 'Secunderabad', 74, 130000, 1184),
(1185, 'Nadiad', 'IND', 'Nadiad', 483, 130000, 1185),
(1186, 'Dewas', 'IND', 'Dewas', 763, 130000, 1186),
(1187, 'Murwara (Katni)', 'IND', 'Murwara (Katni)', 763, 130000, 1187),
(1188, 'Ganganagar', 'IND', 'Ganganagar', 1059, 130000, 1188),
(1189, 'Vizianagaram', 'IND', 'Vizianagaram', 74, 130000, 1189),
(1190, 'Erode', 'IND', 'Erode', 1245, 130000, 1190),
(1191, 'Machilipatnam (Masulipatam)', 'IND', 'Machilipatnam (Masulipatam)', 74, 130000, 1191),
(1192, 'Bhatinda (Bathinda)', 'IND', 'Bhatinda (Bathinda)', 1029, 130000, 1192),
(1193, 'Raichur', 'IND', 'Raichur', 635, 130000, 1193),
(1194, 'Agartala', 'IND', 'Agartala', 1303, 130000, 1194),
(1195, 'Arrah (Ara)', 'IND', 'Arrah (Ara)', 184, 130000, 1195),
(1196, 'Satna', 'IND', 'Satna', 763, 130000, 1196),
(1197, 'Lalbahadur Nagar', 'IND', 'Lalbahadur Nagar', 74, 130000, 1197),
(1198, 'Aizawl', 'IND', 'Aizawl', 838, 130000, 1198),
(1199, 'Uluberia', 'IND', 'Uluberia', 1376, 130000, 1199),
(1200, 'Katihar', 'IND', 'Katihar', 184, 130000, 1200),
(1201, 'Cuddalore', 'IND', 'Cuddalore', 1245, 130000, 1201),
(1202, 'Hugli-Chinsurah', 'IND', 'Hugli-Chinsurah', 1376, 130000, 1202),
(1203, 'Dhanbad', 'IND', 'Dhanbad', 592, 130000, 1203),
(1204, 'Raiganj', 'IND', 'Raiganj', 1376, 130000, 1204),
(1205, 'Sambhal', 'IND', 'Sambhal', 1332, 130000, 1205),
(1206, 'Durg', 'IND', 'Durg', 317, 130000, 1206),
(1207, 'Munger (Monghyr)', 'IND', 'Munger (Monghyr)', 184, 130000, 1207),
(1208, 'Kanchipuram', 'IND', 'Kanchipuram', 1245, 130000, 1208),
(1209, 'North Dum Dum', 'IND', 'North Dum Dum', 1376, 130000, 1209),
(1210, 'Karimnagar', 'IND', 'Karimnagar', 74, 130000, 1210),
(1211, 'Bharatpur', 'IND', 'Bharatpur', 1059, 130000, 1211),
(1212, 'Sikar', 'IND', 'Sikar', 1059, 130000, 1212),
(1213, 'Hardwar (Haridwar)', 'IND', 'Hardwar (Haridwar)', 1333, 130000, 1213),
(1214, 'Dabgram', 'IND', 'Dabgram', 1376, 130000, 1214),
(1215, 'Morena', 'IND', 'Morena', 763, 130000, 1215),
(1216, 'Noida', 'IND', 'Noida', 1332, 130000, 1216),
(1217, 'Hapur', 'IND', 'Hapur', 1332, 130000, 1217),
(1218, 'Bhusawal', 'IND', 'Bhusawal', 771, 130000, 1218),
(1219, 'Khandwa', 'IND', 'Khandwa', 763, 130000, 1219),
(1220, 'Yamuna Nagar', 'IND', 'Yamuna Nagar', 509, 130000, 1220),
(1221, 'Sonipat (Sonepat)', 'IND', 'Sonipat (Sonepat)', 509, 130000, 1221),
(1222, 'Tenali', 'IND', 'Tenali', 74, 130000, 1222),
(1223, 'Raurkela Civil Township', 'IND', 'Raurkela Civil Township', 959, 130000, 1223),
(1224, 'Kollam (Quilon)', 'IND', 'Kollam (Quilon)', 650, 130000, 1224),
(1225, 'Kumbakonam', 'IND', 'Kumbakonam', 1245, 130000, 1225),
(1226, 'Ingraj Bazar (English Bazar)', 'IND', 'Ingraj Bazar (English Bazar)', 1376, 130000, 1226),
(1227, 'Timkur', 'IND', 'Timkur', 635, 130000, 1227),
(1228, 'Amroha', 'IND', 'Amroha', 1332, 130000, 1228),
(1229, 'Serampore', 'IND', 'Serampore', 1376, 130000, 1229),
(1230, 'Chapra', 'IND', 'Chapra', 184, 130000, 1230),
(1231, 'Pali', 'IND', 'Pali', 1059, 130000, 1231),
(1232, 'Maunath Bhanjan', 'IND', 'Maunath Bhanjan', 1332, 130000, 1232),
(1233, 'Adoni', 'IND', 'Adoni', 74, 130000, 1233),
(1234, 'Jaunpur', 'IND', 'Jaunpur', 1332, 130000, 1234),
(1235, 'Tirunelveli', 'IND', 'Tirunelveli', 1245, 130000, 1235),
(1236, 'Bahraich', 'IND', 'Bahraich', 1332, 130000, 1236),
(1237, 'Gadag Betigeri', 'IND', 'Gadag Betigeri', 635, 130000, 1237),
(1238, 'Proddatur', 'IND', 'Proddatur', 74, 130000, 1238),
(1239, 'Chittoor', 'IND', 'Chittoor', 74, 130000, 1239),
(1240, 'Barrackpur', 'IND', 'Barrackpur', 1376, 130000, 1240),
(1241, 'Bharuch (Broach)', 'IND', 'Bharuch (Broach)', 483, 130000, 1241),
(1242, 'Naihati', 'IND', 'Naihati', 1376, 130000, 1242),
(1243, 'Shillong', 'IND', 'Shillong', 813, 130000, 1243),
(1244, 'Sambalpur', 'IND', 'Sambalpur', 959, 130000, 1244),
(1245, 'Junagadh', 'IND', 'Junagadh', 483, 130000, 1245),
(1246, 'Rae Bareli', 'IND', 'Rae Bareli', 1332, 130000, 1246),
(1247, 'Rewa', 'IND', 'Rewa', 763, 130000, 1247),
(1248, 'Gurgaon', 'IND', 'Gurgaon', 509, 130000, 1248),
(1249, 'Khammam', 'IND', 'Khammam', 74, 130000, 1249),
(1250, 'Bulandshahr', 'IND', 'Bulandshahr', 1332, 130000, 1250),
(1251, 'Navsari', 'IND', 'Navsari', 483, 130000, 1251),
(1252, 'Malkajgiri', 'IND', 'Malkajgiri', 74, 130000, 1252),
(1253, 'Midnapore (Medinipur)', 'IND', 'Midnapore (Medinipur)', 1376, 130000, 1253),
(1254, 'Miraj', 'IND', 'Miraj', 771, 130000, 1254),
(1255, 'Raj Nandgaon', 'IND', 'Raj Nandgaon', 317, 130000, 1255),
(1256, 'Alandur', 'IND', 'Alandur', 1245, 130000, 1256),
(1257, 'Puri', 'IND', 'Puri', 959, 130000, 1257),
(1258, 'Navadwip', 'IND', 'Navadwip', 1376, 130000, 1258),
(1259, 'Sirsa', 'IND', 'Sirsa', 509, 130000, 1259),
(1260, 'Korba', 'IND', 'Korba', 317, 130000, 1260),
(1261, 'Faizabad', 'IND', 'Faizabad', 1332, 130000, 1261),
(1262, 'Etawah', 'IND', 'Etawah', 1332, 130000, 1262),
(1263, 'Pathankot', 'IND', 'Pathankot', 1029, 130000, 1263),
(1264, 'Gandhinagar', 'IND', 'Gandhinagar', 483, 130000, 1264),
(1265, 'Palghat (Palakkad)', 'IND', 'Palghat (Palakkad)', 650, 130000, 1265),
(1266, 'Veraval', 'IND', 'Veraval', 483, 130000, 1266),
(1267, 'Hoshiarpur', 'IND', 'Hoshiarpur', 1029, 130000, 1267),
(1268, 'Ambala', 'IND', 'Ambala', 509, 130000, 1268),
(1269, 'Sitapur', 'IND', 'Sitapur', 1332, 130000, 1269),
(1270, 'Bhiwani', 'IND', 'Bhiwani', 509, 130000, 1270),
(1271, 'Cuddapah', 'IND', 'Cuddapah', 74, 130000, 1271),
(1272, 'Bhimavaram', 'IND', 'Bhimavaram', 74, 130000, 1272),
(1273, 'Krishnanagar', 'IND', 'Krishnanagar', 1376, 130000, 1273),
(1274, 'Chandannagar', 'IND', 'Chandannagar', 1376, 130000, 1274),
(1275, 'Mandya', 'IND', 'Mandya', 635, 130000, 1275),
(1276, 'Dibrugarh', 'IND', 'Dibrugarh', 111, 130000, 1276),
(1277, 'Nandyal', 'IND', 'Nandyal', 74, 130000, 1277),
(1278, 'Balurghat', 'IND', 'Balurghat', 1376, 130000, 1278),
(1279, 'Neyveli', 'IND', 'Neyveli', 1245, 130000, 1279),
(1280, 'Fatehpur', 'IND', 'Fatehpur', 1332, 130000, 1280),
(1281, 'Mahbubnagar', 'IND', 'Mahbubnagar', 74, 130000, 1281),
(1282, 'Budaun', 'IND', 'Budaun', 1332, 130000, 1282),
(1283, 'Porbandar', 'IND', 'Porbandar', 483, 130000, 1283),
(1284, 'Silchar', 'IND', 'Silchar', 111, 130000, 1284),
(1285, 'Berhampore (Baharampur)', 'IND', 'Berhampore (Baharampur)', 1376, 130000, 1285),
(1286, 'Purnea (Purnia)', 'IND', 'Purnea (Purnia)', 592, 130000, 1286),
(1287, 'Bankura', 'IND', 'Bankura', 1376, 130000, 1287),
(1288, 'Rajapalaiyam', 'IND', 'Rajapalaiyam', 1245, 130000, 1288),
(1289, 'Titagarh', 'IND', 'Titagarh', 1376, 130000, 1289),
(1290, 'Halisahar', 'IND', 'Halisahar', 1376, 130000, 1290),
(1291, 'Hathras', 'IND', 'Hathras', 1332, 130000, 1291),
(1292, 'Bhir (Bid)', 'IND', 'Bhir (Bid)', 771, 130000, 1292),
(1293, 'Pallavaram', 'IND', 'Pallavaram', 1245, 130000, 1293),
(1294, 'Anand', 'IND', 'Anand', 483, 130000, 1294),
(1295, 'Mango', 'IND', 'Mango', 592, 130000, 1295),
(1296, 'Santipur', 'IND', 'Santipur', 1376, 130000, 1296),
(1297, 'Bhind', 'IND', 'Bhind', 763, 130000, 1297),
(1298, 'Gondiya', 'IND', 'Gondiya', 771, 130000, 1298),
(1299, 'Tiruvannamalai', 'IND', 'Tiruvannamalai', 1245, 130000, 1299),
(1300, 'Yeotmal (Yavatmal)', 'IND', 'Yeotmal (Yavatmal)', 771, 130000, 1300),
(1301, 'Kulti-Barakar', 'IND', 'Kulti-Barakar', 1376, 130000, 1301),
(1302, 'Moga', 'IND', 'Moga', 1029, 130000, 1302),
(1303, 'Shivapuri', 'IND', 'Shivapuri', 763, 130000, 1303),
(1304, 'Bidar', 'IND', 'Bidar', 635, 130000, 1304),
(1305, 'Guntakal', 'IND', 'Guntakal', 74, 130000, 1305),
(1306, 'Unnao', 'IND', 'Unnao', 1332, 130000, 1306),
(1307, 'Barasat', 'IND', 'Barasat', 1376, 130000, 1307),
(1308, 'Tambaram', 'IND', 'Tambaram', 1245, 130000, 1308),
(1309, 'Abohar', 'IND', 'Abohar', 1029, 130000, 1309),
(1310, 'Pilibhit', 'IND', 'Pilibhit', 1332, 130000, 1310),
(1311, 'Valparai', 'IND', 'Valparai', 1245, 130000, 1311),
(1312, 'Gonda', 'IND', 'Gonda', 1332, 130000, 1312),
(1313, 'Surendranagar', 'IND', 'Surendranagar', 483, 130000, 1313),
(1314, 'Qutubullapur', 'IND', 'Qutubullapur', 74, 130000, 1314),
(1315, 'Beawar', 'IND', 'Beawar', 1059, 130000, 1315),
(1316, 'Hindupur', 'IND', 'Hindupur', 74, 130000, 1316),
(1317, 'Gandhidham', 'IND', 'Gandhidham', 483, 130000, 1317),
(1318, 'Haldwani-cum-Kathgodam', 'IND', 'Haldwani-cum-Kathgodam', 1333, 130000, 1318),
(1319, 'Tellicherry (Thalassery)', 'IND', 'Tellicherry (Thalassery)', 650, 130000, 1319),
(1320, 'Wardha', 'IND', 'Wardha', 771, 130000, 1320),
(1321, 'Rishra', 'IND', 'Rishra', 1376, 130000, 1321),
(1322, 'Bhuj', 'IND', 'Bhuj', 483, 130000, 1322),
(1323, 'Modinagar', 'IND', 'Modinagar', 1332, 130000, 1323),
(1324, 'Gudivada', 'IND', 'Gudivada', 74, 130000, 1324),
(1325, 'Basirhat', 'IND', 'Basirhat', 1376, 130000, 1325),
(1326, 'Uttarpara-Kotrung', 'IND', 'Uttarpara-Kotrung', 1376, 130000, 1326),
(1327, 'Ongole', 'IND', 'Ongole', 74, 130000, 1327),
(1328, 'North Barrackpur', 'IND', 'North Barrackpur', 1376, 130000, 1328),
(1329, 'Guna', 'IND', 'Guna', 763, 130000, 1329),
(1330, 'Haldia', 'IND', 'Haldia', 1376, 130000, 1330),
(1331, 'Habra', 'IND', 'Habra', 1376, 130000, 1331),
(1332, 'Kanchrapara', 'IND', 'Kanchrapara', 1376, 130000, 1332),
(1333, 'Tonk', 'IND', 'Tonk', 1059, 130000, 1333),
(1334, 'Champdani', 'IND', 'Champdani', 1376, 130000, 1334),
(1335, 'Orai', 'IND', 'Orai', 1332, 130000, 1335),
(1336, 'Pudukkottai', 'IND', 'Pudukkottai', 1245, 130000, 1336),
(1337, 'Sasaram', 'IND', 'Sasaram', 184, 130000, 1337),
(1338, 'Hazaribag', 'IND', 'Hazaribag', 592, 130000, 1338),
(1339, 'Palayankottai', 'IND', 'Palayankottai', 1245, 130000, 1339),
(1340, 'Banda', 'IND', 'Banda', 1332, 130000, 1340),
(1341, 'Godhra', 'IND', 'Godhra', 483, 130000, 1341),
(1342, 'Hospet', 'IND', 'Hospet', 635, 130000, 1342),
(1343, 'Ashoknagar-Kalyangarh', 'IND', 'Ashoknagar-Kalyangarh', 1376, 130000, 1343),
(1344, 'Achalpur', 'IND', 'Achalpur', 771, 130000, 1344),
(1345, 'Patan', 'IND', 'Patan', 483, 130000, 1345),
(1346, 'Mandasor', 'IND', 'Mandasor', 763, 130000, 1346),
(1347, 'Damoh', 'IND', 'Damoh', 763, 130000, 1347),
(1348, 'Satara', 'IND', 'Satara', 771, 130000, 1348),
(1349, 'Meerut Cantonment', 'IND', 'Meerut Cantonment', 1332, 130000, 1349),
(1350, 'Dehri', 'IND', 'Dehri', 184, 130000, 1350),
(1351, 'Delhi Cantonment', 'IND', 'Delhi Cantonment', 350, 130000, 1351),
(1352, 'Chhindwara', 'IND', 'Chhindwara', 763, 130000, 1352),
(1353, 'Bansberia', 'IND', 'Bansberia', 1376, 130000, 1353),
(1354, 'Nagaon', 'IND', 'Nagaon', 111, 130000, 1354),
(1355, 'Kanpur Cantonment', 'IND', 'Kanpur Cantonment', 1332, 130000, 1355),
(1356, 'Vidisha', 'IND', 'Vidisha', 763, 130000, 1356),
(1357, 'Bettiah', 'IND', 'Bettiah', 184, 130000, 1357),
(1358, 'Purulia', 'IND', 'Purulia', 592, 130000, 1358),
(1359, 'Hassan', 'IND', 'Hassan', 635, 130000, 1359),
(1360, 'Ambala Sadar', 'IND', 'Ambala Sadar', 509, 130000, 1360),
(1361, 'Baidyabati', 'IND', 'Baidyabati', 1376, 130000, 1361),
(1362, 'Morvi', 'IND', 'Morvi', 483, 130000, 1362),
(1363, 'Raigarh', 'IND', 'Raigarh', 317, 130000, 1363),
(1364, 'Vejalpur', 'IND', 'Vejalpur', 483, 130000, 1364),
(1365, 'Baghdad', 'IRQ', 'Baghdad', 136, 130000, 1365),
(1366, 'Mosul', 'IRQ', 'Mosul', 903, 130000, 1366),
(1367, 'Irbil', 'IRQ', 'Irbil', 573, 130000, 1367),
(1368, 'Kirkuk', 'IRQ', 'Kirkuk', 48, 130000, 1368),
(1369, 'Basra', 'IRQ', 'Basra', 163, 130000, 1369),
(1370, 'al-Sulaymaniya', 'IRQ', 'al-Sulaymaniya', 47, 130000, 1370),
(1371, 'al-Najaf', 'IRQ', 'al-Najaf', 38, 130000, 1371),
(1372, 'Karbala', 'IRQ', 'Karbala', 633, 130000, 1372),
(1373, 'al-Hilla', 'IRQ', 'al-Hilla', 131, 130000, 1373),
(1374, 'al-Nasiriya', 'IRQ', 'al-Nasiriya', 353, 130000, 1374),
(1375, 'al-Amara', 'IRQ', 'al-Amara', 807, 130000, 1375),
(1376, 'al-Diwaniya', 'IRQ', 'al-Diwaniya', 40, 130000, 1376),
(1377, 'al-Ramadi', 'IRQ', 'al-Ramadi', 23, 130000, 1377),
(1378, 'al-Kut', 'IRQ', 'al-Kut', 1372, 130000, 1378),
(1379, 'Baquba', 'IRQ', 'Baquba', 364, 130000, 1379),
(1380, 'Teheran', 'IRN', 'Teheran', 1259, 130000, 1380),
(1381, 'Mashhad', 'IRN', 'Mashhad', 658, 130000, 1381),
(1382, 'Esfahan', 'IRN', 'Esfahan', 405, 130000, 1382),
(1383, 'Tabriz', 'IRN', 'Tabriz', 382, 130000, 1383),
(1384, 'Shiraz', 'IRN', 'Shiraz', 415, 130000, 1384),
(1385, 'Karaj', 'IRN', 'Karaj', 1259, 130000, 1385),
(1386, 'Ahvaz', 'IRN', 'Ahvaz', 662, 130000, 1386),
(1387, 'Qom', 'IRN', 'Qom', 1044, 130000, 1387),
(1388, 'Kermanshah', 'IRN', 'Kermanshah', 652, 130000, 1388),
(1389, 'Urmia', 'IRN', 'Urmia', 1375, 130000, 1389),
(1390, 'Zahedan', 'IRN', 'Zahedan', 1172, 130000, 1390),
(1391, 'Rasht', 'IRN', 'Rasht', 456, 130000, 1391),
(1392, 'Hamadan', 'IRN', 'Hamadan', 498, 130000, 1392),
(1393, 'Kerman', 'IRN', 'Kerman', 651, 130000, 1393),
(1394, 'Arak', 'IRN', 'Arak', 794, 130000, 1394),
(1395, 'Ardebil', 'IRN', 'Ardebil', 98, 130000, 1395),
(1396, 'Yazd', 'IRN', 'Yazd', 1407, 130000, 1396),
(1397, 'Qazvin', 'IRN', 'Qazvin', 1041, 130000, 1397),
(1398, 'Zanjan', 'IRN', 'Zanjan', 1416, 130000, 1398),
(1399, 'Sanandaj', 'IRN', 'Sanandaj', 680, 130000, 1399),
(1400, 'Bandar-e-Abbas', 'IRN', 'Bandar-e-Abbas', 539, 130000, 1400),
(1401, 'Khorramabad', 'IRN', 'Khorramabad', 745, 130000, 1401),
(1402, 'Eslamshahr', 'IRN', 'Eslamshahr', 1259, 130000, 1402),
(1403, 'Borujerd', 'IRN', 'Borujerd', 745, 130000, 1403),
(1404, 'Abadan', 'IRN', 'Abadan', 662, 130000, 1404),
(1405, 'Dezful', 'IRN', 'Dezful', 662, 130000, 1405),
(1406, 'Kashan', 'IRN', 'Kashan', 405, 130000, 1406),
(1407, 'Sari', 'IRN', 'Sari', 808, 130000, 1407),
(1408, 'Gorgan', 'IRN', 'Gorgan', 459, 130000, 1408),
(1409, 'Najafabad', 'IRN', 'Najafabad', 405, 130000, 1409),
(1410, 'Sabzevar', 'IRN', 'Sabzevar', 658, 130000, 1410),
(1411, 'Khomeynishahr', 'IRN', 'Khomeynishahr', 405, 130000, 1411),
(1412, 'Amol', 'IRN', 'Amol', 808, 130000, 1412),
(1413, 'Neyshabur', 'IRN', 'Neyshabur', 658, 130000, 1413),
(1414, 'Babol', 'IRN', 'Babol', 808, 130000, 1414),
(1415, 'Khoy', 'IRN', 'Khoy', 1375, 130000, 1415),
(1416, 'Malayer', 'IRN', 'Malayer', 498, 130000, 1416),
(1417, 'Bushehr', 'IRN', 'Bushehr', 229, 130000, 1417),
(1418, 'Qaemshahr', 'IRN', 'Qaemshahr', 808, 130000, 1418),
(1419, 'Qarchak', 'IRN', 'Qarchak', 1259, 130000, 1419),
(1420, 'Qods', 'IRN', 'Qods', 1259, 130000, 1420),
(1421, 'Sirjan', 'IRN', 'Sirjan', 651, 130000, 1421),
(1422, 'Bojnurd', 'IRN', 'Bojnurd', 658, 130000, 1422),
(1423, 'Maragheh', 'IRN', 'Maragheh', 382, 130000, 1423),
(1424, 'Birjand', 'IRN', 'Birjand', 658, 130000, 1424),
(1425, 'Ilam', 'IRN', 'Ilam', 558, 130000, 1425),
(1426, 'Bukan', 'IRN', 'Bukan', 1375, 130000, 1426),
(1427, 'Masjed-e-Soleyman', 'IRN', 'Masjed-e-Soleyman', 662, 130000, 1427),
(1428, 'Saqqez', 'IRN', 'Saqqez', 680, 130000, 1428),
(1429, 'Gonbad-e Qabus', 'IRN', 'Gonbad-e Qabus', 808, 130000, 1429),
(1430, 'Saveh', 'IRN', 'Saveh', 1044, 130000, 1430),
(1431, 'Mahabad', 'IRN', 'Mahabad', 1375, 130000, 1431),
(1432, 'Varamin', 'IRN', 'Varamin', 1259, 130000, 1432),
(1433, 'Andimeshk', 'IRN', 'Andimeshk', 662, 130000, 1433),
(1434, 'Khorramshahr', 'IRN', 'Khorramshahr', 662, 130000, 1434),
(1435, 'Shahrud', 'IRN', 'Shahrud', 1140, 130000, 1435),
(1436, 'Marv Dasht', 'IRN', 'Marv Dasht', 415, 130000, 1436),
(1437, 'Zabol', 'IRN', 'Zabol', 1172, 130000, 1437),
(1438, 'Shahr-e Kord', 'IRN', 'Shahr-e Kord', 310, 130000, 1438),
(1439, 'Bandar-e Anzali', 'IRN', 'Bandar-e Anzali', 456, 130000, 1439),
(1440, 'Rafsanjan', 'IRN', 'Rafsanjan', 651, 130000, 1440),
(1441, 'Marand', 'IRN', 'Marand', 382, 130000, 1441),
(1442, 'Torbat-e Heydariyeh', 'IRN', 'Torbat-e Heydariyeh', 658, 130000, 1442),
(1443, 'Jahrom', 'IRN', 'Jahrom', 415, 130000, 1443),
(1444, 'Semnan', 'IRN', 'Semnan', 1140, 130000, 1444),
(1445, 'Miandoab', 'IRN', 'Miandoab', 1375, 130000, 1445),
(1446, 'Qomsheh', 'IRN', 'Qomsheh', 405, 130000, 1446),
(1447, 'Dublin', 'IRL', 'Dublin', 726, 130000, 1447),
(1448, 'Cork', 'IRL', 'Cork', 856, 130000, 1448),
(1449, 'Reykjavík', 'ISL', 'Reykjavík', 531, 130000, 1449),
(1450, 'Jerusalem', 'ISR', 'Jerusalem', 591, 130000, 1450),
(1451, 'Tel Aviv-Jaffa', 'ISR', 'Tel Aviv-Jaffa', 1261, 130000, 1451),
(1452, 'Haifa', 'ISR', 'Haifa', 490, 130000, 1452),
(1453, 'Rishon Le Ziyyon', 'ISR', 'Rishon Le Ziyyon', 487, 130000, 1453),
(1454, 'Beerseba', 'ISR', 'Beerseba', 486, 130000, 1454),
(1455, 'Holon', 'ISR', 'Holon', 1261, 130000, 1455),
(1456, 'Petah Tiqwa', 'ISR', 'Petah Tiqwa', 487, 130000, 1456),
(1457, 'Ashdod', 'ISR', 'Ashdod', 486, 130000, 1457),
(1458, 'Netanya', 'ISR', 'Netanya', 487, 130000, 1458),
(1459, 'Bat Yam', 'ISR', 'Bat Yam', 1261, 130000, 1459),
(1460, 'Bene Beraq', 'ISR', 'Bene Beraq', 1261, 130000, 1460),
(1461, 'Ramat Gan', 'ISR', 'Ramat Gan', 1261, 130000, 1461),
(1462, 'Ashqelon', 'ISR', 'Ashqelon', 486, 130000, 1462),
(1463, 'Rehovot', 'ISR', 'Rehovot', 487, 130000, 1463),
(1464, 'Roma', 'ITA', 'Roma', 724, 130000, 1464),
(1465, 'Milano', 'ITA', 'Milano', 744, 130000, 1465),
(1466, 'Napoli', 'ITA', 'Napoli', 240, 130000, 1466),
(1467, 'Torino', 'ITA', 'Torino', 996, 130000, 1467),
(1468, 'Palermo', 'ITA', 'Palermo', 1171, 130000, 1468),
(1469, 'Genova', 'ITA', 'Genova', 731, 130000, 1469),
(1470, 'Bologna', 'ITA', 'Bologna', 399, 130000, 1470),
(1471, 'Firenze', 'ITA', 'Firenze', 1295, 130000, 1471),
(1472, 'Catania', 'ITA', 'Catania', 1171, 130000, 1472),
(1473, 'Bari', 'ITA', 'Bari', 88, 130000, 1473),
(1474, 'Venezia', 'ITA', 'Venezia', 1347, 130000, 1474),
(1475, 'Messina', 'ITA', 'Messina', 1171, 130000, 1475),
(1476, 'Verona', 'ITA', 'Verona', 1347, 130000, 1476),
(1477, 'Trieste', 'ITA', 'Trieste', 430, 130000, 1477),
(1478, 'Padova', 'ITA', 'Padova', 1347, 130000, 1478),
(1479, 'Taranto', 'ITA', 'Taranto', 88, 130000, 1479),
(1480, 'Brescia', 'ITA', 'Brescia', 744, 130000, 1480),
(1481, 'Reggio di Calabria', 'ITA', 'Reggio di Calabria', 235, 130000, 1481),
(1482, 'Modena', 'ITA', 'Modena', 399, 130000, 1482),
(1483, 'Prato', 'ITA', 'Prato', 1295, 130000, 1483),
(1484, 'Parma', 'ITA', 'Parma', 399, 130000, 1484),
(1485, 'Cagliari', 'ITA', 'Cagliari', 1131, 130000, 1485),
(1486, 'Livorno', 'ITA', 'Livorno', 1295, 130000, 1486),
(1487, 'Perugia', 'ITA', 'Perugia', 1326, 130000, 1487),
(1488, 'Foggia', 'ITA', 'Foggia', 88, 130000, 1488),
(1489, 'Reggio nell´ Emilia', 'ITA', 'Reggio nell´ Emilia', 399, 130000, 1489),
(1490, 'Salerno', 'ITA', 'Salerno', 240, 130000, 1490),
(1491, 'Ravenna', 'ITA', 'Ravenna', 399, 130000, 1491),
(1492, 'Ferrara', 'ITA', 'Ferrara', 399, 130000, 1492),
(1493, 'Rimini', 'ITA', 'Rimini', 399, 130000, 1493),
(1494, 'Syrakusa', 'ITA', 'Syrakusa', 1171, 130000, 1494),
(1495, 'Sassari', 'ITA', 'Sassari', 1131, 130000, 1495),
(1496, 'Monza', 'ITA', 'Monza', 744, 130000, 1496),
(1497, 'Bergamo', 'ITA', 'Bergamo', 744, 130000, 1497),
(1498, 'Pescara', 'ITA', 'Pescara', 3, 130000, 1498),
(1499, 'Latina', 'ITA', 'Latina', 724, 130000, 1499),
(1500, 'Vicenza', 'ITA', 'Vicenza', 1347, 130000, 1500),
(1501, 'Terni', 'ITA', 'Terni', 1326, 130000, 1501),
(1502, 'Forlì', 'ITA', 'Forlì', 399, 130000, 1502),
(1503, 'Trento', 'ITA', 'Trento', 1301, 130000, 1503),
(1504, 'Novara', 'ITA', 'Novara', 996, 130000, 1504),
(1505, 'Piacenza', 'ITA', 'Piacenza', 399, 130000, 1505),
(1506, 'Ancona', 'ITA', 'Ancona', 790, 130000, 1506),
(1507, 'Lecce', 'ITA', 'Lecce', 88, 130000, 1507),
(1508, 'Bolzano', 'ITA', 'Bolzano', 1301, 130000, 1508),
(1509, 'Catanzaro', 'ITA', 'Catanzaro', 235, 130000, 1509),
(1510, 'La Spezia', 'ITA', 'La Spezia', 731, 130000, 1510),
(1511, 'Udine', 'ITA', 'Udine', 430, 130000, 1511),
(1512, 'Torre del Greco', 'ITA', 'Torre del Greco', 240, 130000, 1512),
(1513, 'Andria', 'ITA', 'Andria', 88, 130000, 1513),
(1514, 'Brindisi', 'ITA', 'Brindisi', 88, 130000, 1514),
(1515, 'Giugliano in Campania', 'ITA', 'Giugliano in Campania', 240, 130000, 1515),
(1516, 'Pisa', 'ITA', 'Pisa', 1295, 130000, 1516),
(1517, 'Barletta', 'ITA', 'Barletta', 88, 130000, 1517),
(1518, 'Arezzo', 'ITA', 'Arezzo', 1295, 130000, 1518),
(1519, 'Alessandria', 'ITA', 'Alessandria', 996, 130000, 1519),
(1520, 'Cesena', 'ITA', 'Cesena', 399, 130000, 1520),
(1521, 'Pesaro', 'ITA', 'Pesaro', 790, 130000, 1521),
(1522, 'Dili', 'TMP', 'Dili', 354, 130000, 1522),
(1523, 'Wien', 'AUT', 'Wien', 1393, 130000, 1523),
(1524, 'Graz', 'AUT', 'Graz', 1206, 130000, 1524),
(1525, 'Linz', 'AUT', 'Linz', 917, 130000, 1525),
(1526, 'Salzburg', 'AUT', 'Salzburg', 1101, 130000, 1526),
(1527, 'Innsbruck', 'AUT', 'Innsbruck', 1281, 130000, 1527),
(1528, 'Klagenfurt', 'AUT', 'Klagenfurt', 636, 130000, 1528),
(1529, 'Spanish Town', 'JAM', 'Spanish Town', 1204, 130000, 1529),
(1530, 'Kingston', 'JAM', 'Kingston', 1203, 130000, 1530),
(1531, 'Portmore', 'JAM', 'Portmore', 1203, 130000, 1531),
(1532, 'Tokyo', 'JPN', 'Tokyo', 1290, 130000, 1532),
(1533, 'Jokohama [Yokohama]', 'JPN', 'Jokohama [Yokohama]', 622, 130000, 1533),
(1534, 'Osaka', 'JPN', 'Osaka', 963, 130000, 1534),
(1535, 'Nagoya', 'JPN', 'Nagoya', 18, 130000, 1535),
(1536, 'Sapporo', 'JPN', 'Sapporo', 532, 130000, 1536),
(1537, 'Kioto', 'JPN', 'Kioto', 705, 130000, 1537),
(1538, 'Kobe', 'JPN', 'Kobe', 550, 130000, 1538),
(1539, 'Fukuoka', 'JPN', 'Fukuoka', 433, 130000, 1539),
(1540, 'Kawasaki', 'JPN', 'Kawasaki', 622, 130000, 1540),
(1541, 'Hiroshima', 'JPN', 'Hiroshima', 526, 130000, 1541),
(1542, 'Kitakyushu', 'JPN', 'Kitakyushu', 433, 130000, 1542),
(1543, 'Sendai', 'JPN', 'Sendai', 836, 130000, 1543),
(1544, 'Chiba', 'JPN', 'Chiba', 321, 130000, 1544),
(1545, 'Sakai', 'JPN', 'Sakai', 963, 130000, 1545),
(1546, 'Kumamoto', 'JPN', 'Kumamoto', 693, 130000, 1546),
(1547, 'Okayama', 'JPN', 'Okayama', 945, 130000, 1547),
(1548, 'Sagamihara', 'JPN', 'Sagamihara', 622, 130000, 1548),
(1549, 'Hamamatsu', 'JPN', 'Hamamatsu', 1159, 130000, 1549),
(1550, 'Kagoshima', 'JPN', 'Kagoshima', 610, 130000, 1550),
(1551, 'Funabashi', 'JPN', 'Funabashi', 321, 130000, 1551),
(1552, 'Higashiosaka', 'JPN', 'Higashiosaka', 963, 130000, 1552),
(1553, 'Hachioji', 'JPN', 'Hachioji', 1290, 130000, 1553),
(1554, 'Niigata', 'JPN', 'Niigata', 902, 130000, 1554),
(1555, 'Amagasaki', 'JPN', 'Amagasaki', 550, 130000, 1555),
(1556, 'Himeji', 'JPN', 'Himeji', 550, 130000, 1556),
(1557, 'Shizuoka', 'JPN', 'Shizuoka', 1159, 130000, 1557),
(1558, 'Urawa', 'JPN', 'Urawa', 1097, 130000, 1558),
(1559, 'Matsuyama', 'JPN', 'Matsuyama', 395, 130000, 1559),
(1560, 'Matsudo', 'JPN', 'Matsudo', 321, 130000, 1560),
(1561, 'Kanazawa', 'JPN', 'Kanazawa', 576, 130000, 1561),
(1562, 'Kawaguchi', 'JPN', 'Kawaguchi', 1097, 130000, 1562),
(1563, 'Ichikawa', 'JPN', 'Ichikawa', 321, 130000, 1563),
(1564, 'Omiya', 'JPN', 'Omiya', 1097, 130000, 1564),
(1565, 'Utsunomiya', 'JPN', 'Utsunomiya', 1287, 130000, 1565),
(1566, 'Oita', 'JPN', 'Oita', 944, 130000, 1566),
(1567, 'Nagasaki', 'JPN', 'Nagasaki', 864, 130000, 1567),
(1568, 'Yokosuka', 'JPN', 'Yokosuka', 622, 130000, 1568),
(1569, 'Kurashiki', 'JPN', 'Kurashiki', 945, 130000, 1569),
(1570, 'Gifu', 'JPN', 'Gifu', 455, 130000, 1570),
(1571, 'Hirakata', 'JPN', 'Hirakata', 963, 130000, 1571),
(1572, 'Nishinomiya', 'JPN', 'Nishinomiya', 550, 130000, 1572),
(1573, 'Toyonaka', 'JPN', 'Toyonaka', 963, 130000, 1573),
(1574, 'Wakayama', 'JPN', 'Wakayama', 1367, 130000, 1574),
(1575, 'Fukuyama', 'JPN', 'Fukuyama', 526, 130000, 1575),
(1576, 'Fujisawa', 'JPN', 'Fujisawa', 622, 130000, 1576),
(1577, 'Asahikawa', 'JPN', 'Asahikawa', 532, 130000, 1577),
(1578, 'Machida', 'JPN', 'Machida', 1290, 130000, 1578),
(1579, 'Nara', 'JPN', 'Nara', 877, 130000, 1579),
(1580, 'Takatsuki', 'JPN', 'Takatsuki', 963, 130000, 1580),
(1581, 'Iwaki', 'JPN', 'Iwaki', 434, 130000, 1581),
(1582, 'Nagano', 'JPN', 'Nagano', 863, 130000, 1582),
(1583, 'Toyohashi', 'JPN', 'Toyohashi', 18, 130000, 1583),
(1584, 'Toyota', 'JPN', 'Toyota', 18, 130000, 1584),
(1585, 'Suita', 'JPN', 'Suita', 963, 130000, 1585),
(1586, 'Takamatsu', 'JPN', 'Takamatsu', 609, 130000, 1586),
(1587, 'Koriyama', 'JPN', 'Koriyama', 434, 130000, 1587),
(1588, 'Okazaki', 'JPN', 'Okazaki', 18, 130000, 1588),
(1589, 'Kawagoe', 'JPN', 'Kawagoe', 1097, 130000, 1589),
(1590, 'Tokorozawa', 'JPN', 'Tokorozawa', 1097, 130000, 1590),
(1591, 'Toyama', 'JPN', 'Toyama', 1299, 130000, 1591),
(1592, 'Kochi', 'JPN', 'Kochi', 676, 130000, 1592),
(1593, 'Kashiwa', 'JPN', 'Kashiwa', 321, 130000, 1593),
(1594, 'Akita', 'JPN', 'Akita', 21, 130000, 1594),
(1595, 'Miyazaki', 'JPN', 'Miyazaki', 837, 130000, 1595),
(1596, 'Koshigaya', 'JPN', 'Koshigaya', 1097, 130000, 1596),
(1597, 'Naha', 'JPN', 'Naha', 946, 130000, 1597),
(1598, 'Aomori', 'JPN', 'Aomori', 87, 130000, 1598),
(1599, 'Hakodate', 'JPN', 'Hakodate', 532, 130000, 1599),
(1600, 'Akashi', 'JPN', 'Akashi', 550, 130000, 1600),
(1601, 'Yokkaichi', 'JPN', 'Yokkaichi', 826, 130000, 1601),
(1602, 'Fukushima', 'JPN', 'Fukushima', 434, 130000, 1602),
(1603, 'Morioka', 'JPN', 'Morioka', 583, 130000, 1603),
(1604, 'Maebashi', 'JPN', 'Maebashi', 484, 130000, 1604),
(1605, 'Kasugai', 'JPN', 'Kasugai', 18, 130000, 1605),
(1606, 'Otsu', 'JPN', 'Otsu', 1157, 130000, 1606),
(1607, 'Ichihara', 'JPN', 'Ichihara', 321, 130000, 1607),
(1608, 'Yao', 'JPN', 'Yao', 963, 130000, 1608),
(1609, 'Ichinomiya', 'JPN', 'Ichinomiya', 18, 130000, 1609),
(1610, 'Tokushima', 'JPN', 'Tokushima', 1289, 130000, 1610),
(1611, 'Kakogawa', 'JPN', 'Kakogawa', 550, 130000, 1611),
(1612, 'Ibaraki', 'JPN', 'Ibaraki', 963, 130000, 1612),
(1613, 'Neyagawa', 'JPN', 'Neyagawa', 963, 130000, 1613),
(1614, 'Shimonoseki', 'JPN', 'Shimonoseki', 1399, 130000, 1614),
(1615, 'Yamagata', 'JPN', 'Yamagata', 1398, 130000, 1615),
(1616, 'Fukui', 'JPN', 'Fukui', 432, 130000, 1616),
(1617, 'Hiratsuka', 'JPN', 'Hiratsuka', 622, 130000, 1617),
(1618, 'Mito', 'JPN', 'Mito', 552, 130000, 1618),
(1619, 'Sasebo', 'JPN', 'Sasebo', 864, 130000, 1619),
(1620, 'Hachinohe', 'JPN', 'Hachinohe', 87, 130000, 1620),
(1621, 'Takasaki', 'JPN', 'Takasaki', 484, 130000, 1621),
(1622, 'Shimizu', 'JPN', 'Shimizu', 1159, 130000, 1622),
(1623, 'Kurume', 'JPN', 'Kurume', 433, 130000, 1623),
(1624, 'Fuji', 'JPN', 'Fuji', 1159, 130000, 1624),
(1625, 'Soka', 'JPN', 'Soka', 1097, 130000, 1625),
(1626, 'Fuchu', 'JPN', 'Fuchu', 1290, 130000, 1626),
(1627, 'Chigasaki', 'JPN', 'Chigasaki', 622, 130000, 1627),
(1628, 'Atsugi', 'JPN', 'Atsugi', 622, 130000, 1628),
(1629, 'Numazu', 'JPN', 'Numazu', 1159, 130000, 1629),
(1630, 'Ageo', 'JPN', 'Ageo', 1097, 130000, 1630),
(1631, 'Yamato', 'JPN', 'Yamato', 622, 130000, 1631),
(1632, 'Matsumoto', 'JPN', 'Matsumoto', 863, 130000, 1632),
(1633, 'Kure', 'JPN', 'Kure', 526, 130000, 1633),
(1634, 'Takarazuka', 'JPN', 'Takarazuka', 550, 130000, 1634),
(1635, 'Kasukabe', 'JPN', 'Kasukabe', 1097, 130000, 1635),
(1636, 'Chofu', 'JPN', 'Chofu', 1290, 130000, 1636),
(1637, 'Odawara', 'JPN', 'Odawara', 622, 130000, 1637),
(1638, 'Kofu', 'JPN', 'Kofu', 1401, 130000, 1638),
(1639, 'Kushiro', 'JPN', 'Kushiro', 532, 130000, 1639),
(1640, 'Kishiwada', 'JPN', 'Kishiwada', 963, 130000, 1640),
(1641, 'Hitachi', 'JPN', 'Hitachi', 552, 130000, 1641),
(1642, 'Nagaoka', 'JPN', 'Nagaoka', 902, 130000, 1642),
(1643, 'Itami', 'JPN', 'Itami', 550, 130000, 1643),
(1644, 'Uji', 'JPN', 'Uji', 705, 130000, 1644),
(1645, 'Suzuka', 'JPN', 'Suzuka', 826, 130000, 1645),
(1646, 'Hirosaki', 'JPN', 'Hirosaki', 87, 130000, 1646),
(1647, 'Ube', 'JPN', 'Ube', 1399, 130000, 1647),
(1648, 'Kodaira', 'JPN', 'Kodaira', 1290, 130000, 1648),
(1649, 'Takaoka', 'JPN', 'Takaoka', 1299, 130000, 1649),
(1650, 'Obihiro', 'JPN', 'Obihiro', 532, 130000, 1650),
(1651, 'Tomakomai', 'JPN', 'Tomakomai', 532, 130000, 1651),
(1652, 'Saga', 'JPN', 'Saga', 1087, 130000, 1652),
(1653, 'Sakura', 'JPN', 'Sakura', 321, 130000, 1653),
(1654, 'Kamakura', 'JPN', 'Kamakura', 622, 130000, 1654),
(1655, 'Mitaka', 'JPN', 'Mitaka', 1290, 130000, 1655),
(1656, 'Izumi', 'JPN', 'Izumi', 963, 130000, 1656),
(1657, 'Hino', 'JPN', 'Hino', 1290, 130000, 1657),
(1658, 'Hadano', 'JPN', 'Hadano', 622, 130000, 1658),
(1659, 'Ashikaga', 'JPN', 'Ashikaga', 1287, 130000, 1659),
(1660, 'Tsu', 'JPN', 'Tsu', 826, 130000, 1660),
(1661, 'Sayama', 'JPN', 'Sayama', 1097, 130000, 1661),
(1662, 'Yachiyo', 'JPN', 'Yachiyo', 321, 130000, 1662),
(1663, 'Tsukuba', 'JPN', 'Tsukuba', 552, 130000, 1663),
(1664, 'Tachikawa', 'JPN', 'Tachikawa', 1290, 130000, 1664),
(1665, 'Kumagaya', 'JPN', 'Kumagaya', 1097, 130000, 1665),
(1666, 'Moriguchi', 'JPN', 'Moriguchi', 963, 130000, 1666),
(1667, 'Otaru', 'JPN', 'Otaru', 532, 130000, 1667),
(1668, 'Anjo', 'JPN', 'Anjo', 18, 130000, 1668),
(1669, 'Narashino', 'JPN', 'Narashino', 321, 130000, 1669),
(1670, 'Oyama', 'JPN', 'Oyama', 1287, 130000, 1670),
(1671, 'Ogaki', 'JPN', 'Ogaki', 455, 130000, 1671),
(1672, 'Matsue', 'JPN', 'Matsue', 1158, 130000, 1672),
(1673, 'Kawanishi', 'JPN', 'Kawanishi', 550, 130000, 1673),
(1674, 'Hitachinaka', 'JPN', 'Hitachinaka', 1290, 130000, 1674),
(1675, 'Niiza', 'JPN', 'Niiza', 1097, 130000, 1675),
(1676, 'Nagareyama', 'JPN', 'Nagareyama', 321, 130000, 1676),
(1677, 'Tottori', 'JPN', 'Tottori', 1298, 130000, 1677),
(1678, 'Tama', 'JPN', 'Tama', 552, 130000, 1678),
(1679, 'Iruma', 'JPN', 'Iruma', 1097, 130000, 1679),
(1680, 'Ota', 'JPN', 'Ota', 484, 130000, 1680),
(1681, 'Omuta', 'JPN', 'Omuta', 433, 130000, 1681),
(1682, 'Komaki', 'JPN', 'Komaki', 18, 130000, 1682),
(1683, 'Ome', 'JPN', 'Ome', 1290, 130000, 1683),
(1684, 'Kadoma', 'JPN', 'Kadoma', 963, 130000, 1684),
(1685, 'Yamaguchi', 'JPN', 'Yamaguchi', 1399, 130000, 1685),
(1686, 'Higashimurayama', 'JPN', 'Higashimurayama', 1290, 130000, 1686),
(1687, 'Yonago', 'JPN', 'Yonago', 1298, 130000, 1687),
(1688, 'Matsubara', 'JPN', 'Matsubara', 963, 130000, 1688),
(1689, 'Musashino', 'JPN', 'Musashino', 1290, 130000, 1689),
(1690, 'Tsuchiura', 'JPN', 'Tsuchiura', 552, 130000, 1690),
(1691, 'Joetsu', 'JPN', 'Joetsu', 902, 130000, 1691),
(1692, 'Miyakonojo', 'JPN', 'Miyakonojo', 837, 130000, 1692),
(1693, 'Misato', 'JPN', 'Misato', 1097, 130000, 1693),
(1694, 'Kakamigahara', 'JPN', 'Kakamigahara', 455, 130000, 1694),
(1695, 'Daito', 'JPN', 'Daito', 963, 130000, 1695),
(1696, 'Seto', 'JPN', 'Seto', 18, 130000, 1696),
(1697, 'Kariya', 'JPN', 'Kariya', 18, 130000, 1697),
(1698, 'Urayasu', 'JPN', 'Urayasu', 321, 130000, 1698),
(1699, 'Beppu', 'JPN', 'Beppu', 944, 130000, 1699),
(1700, 'Niihama', 'JPN', 'Niihama', 395, 130000, 1700),
(1701, 'Minoo', 'JPN', 'Minoo', 963, 130000, 1701),
(1702, 'Fujieda', 'JPN', 'Fujieda', 1159, 130000, 1702),
(1703, 'Abiko', 'JPN', 'Abiko', 321, 130000, 1703),
(1704, 'Nobeoka', 'JPN', 'Nobeoka', 837, 130000, 1704),
(1705, 'Tondabayashi', 'JPN', 'Tondabayashi', 963, 130000, 1705),
(1706, 'Ueda', 'JPN', 'Ueda', 863, 130000, 1706),
(1707, 'Kashihara', 'JPN', 'Kashihara', 877, 130000, 1707),
(1708, 'Matsusaka', 'JPN', 'Matsusaka', 826, 130000, 1708),
(1709, 'Isesaki', 'JPN', 'Isesaki', 484, 130000, 1709),
(1710, 'Zama', 'JPN', 'Zama', 622, 130000, 1710),
(1711, 'Kisarazu', 'JPN', 'Kisarazu', 321, 130000, 1711),
(1712, 'Noda', 'JPN', 'Noda', 321, 130000, 1712),
(1713, 'Ishinomaki', 'JPN', 'Ishinomaki', 836, 130000, 1713),
(1714, 'Fujinomiya', 'JPN', 'Fujinomiya', 1159, 130000, 1714),
(1715, 'Kawachinagano', 'JPN', 'Kawachinagano', 963, 130000, 1715),
(1716, 'Imabari', 'JPN', 'Imabari', 395, 130000, 1716),
(1717, 'Aizuwakamatsu', 'JPN', 'Aizuwakamatsu', 434, 130000, 1717),
(1718, 'Higashihiroshima', 'JPN', 'Higashihiroshima', 526, 130000, 1718),
(1719, 'Habikino', 'JPN', 'Habikino', 963, 130000, 1719),
(1720, 'Ebetsu', 'JPN', 'Ebetsu', 532, 130000, 1720),
(1721, 'Hofu', 'JPN', 'Hofu', 1399, 130000, 1721),
(1722, 'Kiryu', 'JPN', 'Kiryu', 484, 130000, 1722),
(1723, 'Okinawa', 'JPN', 'Okinawa', 946, 130000, 1723),
(1724, 'Yaizu', 'JPN', 'Yaizu', 1159, 130000, 1724),
(1725, 'Toyokawa', 'JPN', 'Toyokawa', 18, 130000, 1725),
(1726, 'Ebina', 'JPN', 'Ebina', 622, 130000, 1726),
(1727, 'Asaka', 'JPN', 'Asaka', 1097, 130000, 1727),
(1728, 'Higashikurume', 'JPN', 'Higashikurume', 1290, 130000, 1728),
(1729, 'Ikoma', 'JPN', 'Ikoma', 877, 130000, 1729),
(1730, 'Kitami', 'JPN', 'Kitami', 532, 130000, 1730),
(1731, 'Koganei', 'JPN', 'Koganei', 1290, 130000, 1731),
(1732, 'Iwatsuki', 'JPN', 'Iwatsuki', 1097, 130000, 1732),
(1733, 'Mishima', 'JPN', 'Mishima', 1159, 130000, 1733),
(1734, 'Handa', 'JPN', 'Handa', 18, 130000, 1734),
(1735, 'Muroran', 'JPN', 'Muroran', 532, 130000, 1735),
(1736, 'Komatsu', 'JPN', 'Komatsu', 576, 130000, 1736),
(1737, 'Yatsushiro', 'JPN', 'Yatsushiro', 693, 130000, 1737),
(1738, 'Iida', 'JPN', 'Iida', 863, 130000, 1738),
(1739, 'Tokuyama', 'JPN', 'Tokuyama', 1399, 130000, 1739),
(1740, 'Kokubunji', 'JPN', 'Kokubunji', 1290, 130000, 1740),
(1741, 'Akishima', 'JPN', 'Akishima', 1290, 130000, 1741),
(1742, 'Iwakuni', 'JPN', 'Iwakuni', 1399, 130000, 1742),
(1743, 'Kusatsu', 'JPN', 'Kusatsu', 1157, 130000, 1743),
(1744, 'Kuwana', 'JPN', 'Kuwana', 826, 130000, 1744),
(1745, 'Sanda', 'JPN', 'Sanda', 550, 130000, 1745),
(1746, 'Hikone', 'JPN', 'Hikone', 1157, 130000, 1746),
(1747, 'Toda', 'JPN', 'Toda', 1097, 130000, 1747),
(1748, 'Tajimi', 'JPN', 'Tajimi', 455, 130000, 1748),
(1749, 'Ikeda', 'JPN', 'Ikeda', 963, 130000, 1749),
(1750, 'Fukaya', 'JPN', 'Fukaya', 1097, 130000, 1750),
(1751, 'Ise', 'JPN', 'Ise', 826, 130000, 1751),
(1752, 'Sakata', 'JPN', 'Sakata', 1398, 130000, 1752),
(1753, 'Kasuga', 'JPN', 'Kasuga', 433, 130000, 1753),
(1754, 'Kamagaya', 'JPN', 'Kamagaya', 321, 130000, 1754),
(1755, 'Tsuruoka', 'JPN', 'Tsuruoka', 1398, 130000, 1755),
(1756, 'Hoya', 'JPN', 'Hoya', 1290, 130000, 1756),
(1757, 'Nishio', 'JPN', 'Nishio', 321, 130000, 1757);
INSERT INTO `cities` (`CiuCodigo`, `CiuNombre`, `CodPais`, `Distrito`, `CodDistrito`, `flete`, `id`) VALUES
(1758, 'Tokai', 'JPN', 'Tokai', 18, 130000, 1758),
(1759, 'Inazawa', 'JPN', 'Inazawa', 18, 130000, 1759),
(1760, 'Sakado', 'JPN', 'Sakado', 1097, 130000, 1760),
(1761, 'Isehara', 'JPN', 'Isehara', 622, 130000, 1761),
(1762, 'Takasago', 'JPN', 'Takasago', 550, 130000, 1762),
(1763, 'Fujimi', 'JPN', 'Fujimi', 1097, 130000, 1763),
(1764, 'Urasoe', 'JPN', 'Urasoe', 946, 130000, 1764),
(1765, 'Yonezawa', 'JPN', 'Yonezawa', 1398, 130000, 1765),
(1766, 'Konan', 'JPN', 'Konan', 18, 130000, 1766),
(1767, 'Yamatokoriyama', 'JPN', 'Yamatokoriyama', 877, 130000, 1767),
(1768, 'Maizuru', 'JPN', 'Maizuru', 705, 130000, 1768),
(1769, 'Onomichi', 'JPN', 'Onomichi', 526, 130000, 1769),
(1770, 'Higashimatsuyama', 'JPN', 'Higashimatsuyama', 1097, 130000, 1770),
(1771, 'Kimitsu', 'JPN', 'Kimitsu', 321, 130000, 1771),
(1772, 'Isahaya', 'JPN', 'Isahaya', 864, 130000, 1772),
(1773, 'Kanuma', 'JPN', 'Kanuma', 1287, 130000, 1773),
(1774, 'Izumisano', 'JPN', 'Izumisano', 963, 130000, 1774),
(1775, 'Kameoka', 'JPN', 'Kameoka', 705, 130000, 1775),
(1776, 'Mobara', 'JPN', 'Mobara', 321, 130000, 1776),
(1777, 'Narita', 'JPN', 'Narita', 321, 130000, 1777),
(1778, 'Kashiwazaki', 'JPN', 'Kashiwazaki', 902, 130000, 1778),
(1779, 'Tsuyama', 'JPN', 'Tsuyama', 945, 130000, 1779),
(1780, 'Sanaa', 'YEM', 'Sanaa', 1115, 130000, 1780),
(1781, 'Aden', 'YEM', 'Aden', 10, 130000, 1781),
(1782, 'Taizz', 'YEM', 'Taizz', 1240, 130000, 1782),
(1783, 'Hodeida', 'YEM', 'Hodeida', 530, 130000, 1783),
(1784, 'al-Mukalla', 'YEM', 'al-Mukalla', 489, 130000, 1784),
(1785, 'Ibb', 'YEM', 'Ibb', 553, 130000, 1785),
(1786, 'Amman', 'JOR', 'Amman', 68, 130000, 1786),
(1787, 'al-Zarqa', 'JOR', 'al-Zarqa', 49, 130000, 1787),
(1788, 'Irbid', 'JOR', 'Irbid', 572, 130000, 1788),
(1789, 'al-Rusayfa', 'JOR', 'al-Rusayfa', 49, 130000, 1789),
(1790, 'Wadi al-Sir', 'JOR', 'Wadi al-Sir', 68, 130000, 1790),
(1791, 'Flying Fish Cove', 'CXR', 'Flying Fish Cove', 423, 130000, 1791),
(1792, 'Beograd', 'YUG', 'Beograd', 275, 130000, 1792),
(1793, 'Novi Sad', 'YUG', 'Novi Sad', 1359, 130000, 1793),
(1794, 'Niš', 'YUG', 'Niš', 275, 130000, 1794),
(1795, 'Priština', 'YUG', 'Priština', 683, 130000, 1795),
(1796, 'Kragujevac', 'YUG', 'Kragujevac', 275, 130000, 1796),
(1797, 'Podgorica', 'YUG', 'Podgorica', 846, 130000, 1797),
(1798, 'Subotica', 'YUG', 'Subotica', 1359, 130000, 1798),
(1799, 'Prizren', 'YUG', 'Prizren', 683, 130000, 1799),
(1800, 'Phnom Penh', 'KHM', 'Phnom Penh', 992, 130000, 1800),
(1801, 'Battambang', 'KHM', 'Battambang', 168, 130000, 1801),
(1802, 'Siem Reap', 'KHM', 'Siem Reap', 1164, 130000, 1802),
(1803, 'Douala', 'CMR', 'Douala', 740, 130000, 1803),
(1804, 'Yaoundé', 'CMR', 'Yaoundé', 277, 130000, 1804),
(1805, 'Garoua', 'CMR', 'Garoua', 910, 130000, 1805),
(1806, 'Maroua', 'CMR', 'Maroua', 411, 130000, 1806),
(1807, 'Bamenda', 'CMR', 'Bamenda', 912, 130000, 1807),
(1808, 'Bafoussam', 'CMR', 'Bafoussam', 970, 130000, 1808),
(1809, 'Nkongsamba', 'CMR', 'Nkongsamba', 740, 130000, 1809),
(1810, 'Montréal', 'CAN', 'Montréal', 1049, 130000, 1810),
(1811, 'Calgary', 'CAN', 'Calgary', 54, 130000, 1811),
(1812, 'Toronto', 'CAN', 'Toronto', 950, 130000, 1812),
(1813, 'North York', 'CAN', 'North York', 950, 130000, 1813),
(1814, 'Winnipeg', 'CAN', 'Winnipeg', 785, 130000, 1814),
(1815, 'Edmonton', 'CAN', 'Edmonton', 54, 130000, 1815),
(1816, 'Mississauga', 'CAN', 'Mississauga', 950, 130000, 1816),
(1817, 'Scarborough', 'CAN', 'Scarborough', 950, 130000, 1817),
(1818, 'Vancouver', 'CAN', 'Vancouver', 216, 130000, 1818),
(1819, 'Etobicoke', 'CAN', 'Etobicoke', 950, 130000, 1819),
(1820, 'London', 'CAN', 'London', 950, 130000, 1820),
(1821, 'Hamilton', 'CAN', 'Hamilton', 950, 130000, 1821),
(1822, 'Ottawa', 'CAN', 'Ottawa', 950, 130000, 1822),
(1823, 'Laval', 'CAN', 'Laval', 1049, 130000, 1823),
(1824, 'Surrey', 'CAN', 'Surrey', 216, 130000, 1824),
(1825, 'Brampton', 'CAN', 'Brampton', 950, 130000, 1825),
(1826, 'Windsor', 'CAN', 'Windsor', 950, 130000, 1826),
(1827, 'Saskatoon', 'CAN', 'Saskatoon', 1132, 130000, 1827),
(1828, 'Kitchener', 'CAN', 'Kitchener', 950, 130000, 1828),
(1829, 'Markham', 'CAN', 'Markham', 950, 130000, 1829),
(1830, 'Regina', 'CAN', 'Regina', 1132, 130000, 1830),
(1831, 'Burnaby', 'CAN', 'Burnaby', 216, 130000, 1831),
(1832, 'Québec', 'CAN', 'Québec', 1049, 130000, 1832),
(1833, 'York', 'CAN', 'York', 950, 130000, 1833),
(1834, 'Richmond', 'CAN', 'Richmond', 216, 130000, 1834),
(1835, 'Vaughan', 'CAN', 'Vaughan', 950, 130000, 1835),
(1836, 'Burlington', 'CAN', 'Burlington', 950, 130000, 1836),
(1837, 'Oshawa', 'CAN', 'Oshawa', 950, 130000, 1837),
(1838, 'Oakville', 'CAN', 'Oakville', 950, 130000, 1838),
(1839, 'Saint Catharines', 'CAN', 'Saint Catharines', 950, 130000, 1839),
(1840, 'Longueuil', 'CAN', 'Longueuil', 1049, 130000, 1840),
(1841, 'Richmond Hill', 'CAN', 'Richmond Hill', 950, 130000, 1841),
(1842, 'Thunder Bay', 'CAN', 'Thunder Bay', 950, 130000, 1842),
(1843, 'Nepean', 'CAN', 'Nepean', 950, 130000, 1843),
(1844, 'Cape Breton', 'CAN', 'Cape Breton', 932, 130000, 1844),
(1845, 'East York', 'CAN', 'East York', 950, 130000, 1845),
(1846, 'Halifax', 'CAN', 'Halifax', 932, 130000, 1846),
(1847, 'Cambridge', 'CAN', 'Cambridge', 950, 130000, 1847),
(1848, 'Gloucester', 'CAN', 'Gloucester', 950, 130000, 1848),
(1849, 'Abbotsford', 'CAN', 'Abbotsford', 216, 130000, 1849),
(1850, 'Guelph', 'CAN', 'Guelph', 950, 130000, 1850),
(1851, 'Saint John´s', 'CAN', 'Saint John´s', 895, 130000, 1851),
(1852, 'Coquitlam', 'CAN', 'Coquitlam', 216, 130000, 1852),
(1853, 'Saanich', 'CAN', 'Saanich', 216, 130000, 1853),
(1854, 'Gatineau', 'CAN', 'Gatineau', 1049, 130000, 1854),
(1855, 'Delta', 'CAN', 'Delta', 216, 130000, 1855),
(1856, 'Sudbury', 'CAN', 'Sudbury', 950, 130000, 1856),
(1857, 'Kelowna', 'CAN', 'Kelowna', 216, 130000, 1857),
(1858, 'Barrie', 'CAN', 'Barrie', 950, 130000, 1858),
(1859, 'Praia', 'CPV', 'Praia', 1128, 130000, 1859),
(1860, 'Almaty', 'KAZ', 'Almaty', 59, 130000, 1860),
(1861, 'Qaraghandy', 'KAZ', 'Qaraghandy', 1038, 130000, 1861),
(1862, 'Shymkent', 'KAZ', 'Shymkent', 1189, 130000, 1862),
(1863, 'Taraz', 'KAZ', 'Taraz', 1251, 130000, 1863),
(1864, 'Astana', 'KAZ', 'Astana', 113, 130000, 1864),
(1865, 'Öskemen', 'KAZ', 'Öskemen', 388, 130000, 1865),
(1866, 'Pavlodar', 'KAZ', 'Pavlodar', 983, 130000, 1866),
(1867, 'Semey', 'KAZ', 'Semey', 388, 130000, 1867),
(1868, 'Aqtöbe', 'KAZ', 'Aqtöbe', 90, 130000, 1868),
(1869, 'Qostanay', 'KAZ', 'Qostanay', 1045, 130000, 1869),
(1870, 'Petropavl', 'KAZ', 'Petropavl', 921, 130000, 1870),
(1871, 'Oral', 'KAZ', 'Oral', 1384, 130000, 1871),
(1872, 'Temirtau', 'KAZ', 'Temirtau', 1038, 130000, 1872),
(1873, 'Qyzylorda', 'KAZ', 'Qyzylorda', 1056, 130000, 1873),
(1874, 'Aqtau', 'KAZ', 'Aqtau', 780, 130000, 1874),
(1875, 'Atyrau', 'KAZ', 'Atyrau', 124, 130000, 1875),
(1876, 'Ekibastuz', 'KAZ', 'Ekibastuz', 983, 130000, 1876),
(1877, 'Kökshetau', 'KAZ', 'Kökshetau', 921, 130000, 1877),
(1878, 'Rudnyy', 'KAZ', 'Rudnyy', 1045, 130000, 1878),
(1879, 'Taldyqorghan', 'KAZ', 'Taldyqorghan', 58, 130000, 1879),
(1880, 'Zhezqazghan', 'KAZ', 'Zhezqazghan', 1038, 130000, 1880),
(1881, 'Nairobi', 'KEN', 'Nairobi', 865, 130000, 1881),
(1882, 'Mombasa', 'KEN', 'Mombasa', 287, 130000, 1882),
(1883, 'Kisumu', 'KEN', 'Kisumu', 938, 130000, 1883),
(1884, 'Nakuru', 'KEN', 'Nakuru', 1070, 130000, 1884),
(1885, 'Machakos', 'KEN', 'Machakos', 389, 130000, 1885),
(1886, 'Eldoret', 'KEN', 'Eldoret', 1070, 130000, 1886),
(1887, 'Meru', 'KEN', 'Meru', 389, 130000, 1887),
(1888, 'Nyeri', 'KEN', 'Nyeri', 264, 130000, 1888),
(1889, 'Bangui', 'CAF', 'Bangui', 153, 130000, 1889),
(1890, 'Shanghai', 'CHN', 'Shanghai', 1153, 130000, 1890),
(1891, 'Peking', 'CHN', 'Peking', 986, 130000, 1891),
(1892, 'Chongqing', 'CHN', 'Chongqing', 331, 130000, 1892),
(1893, 'Tianjin', 'CHN', 'Tianjin', 1274, 130000, 1893),
(1894, 'Wuhan', 'CHN', 'Wuhan', 545, 130000, 1894),
(1895, 'Harbin', 'CHN', 'Harbin', 518, 130000, 1895),
(1896, 'Shenyang', 'CHN', 'Shenyang', 728, 130000, 1896),
(1897, 'Kanton [Guangzhou]', 'CHN', 'Kanton [Guangzhou]', 473, 130000, 1897),
(1898, 'Chengdu', 'CHN', 'Chengdu', 1162, 130000, 1898),
(1899, 'Nanking [Nanjing]', 'CHN', 'Nanking [Nanjing]', 593, 130000, 1899),
(1900, 'Changchun', 'CHN', 'Changchun', 595, 130000, 1900),
(1901, 'Xi´an', 'CHN', 'Xi´an', 1148, 130000, 1901),
(1902, 'Dalian', 'CHN', 'Dalian', 728, 130000, 1902),
(1903, 'Qingdao', 'CHN', 'Qingdao', 1152, 130000, 1903),
(1904, 'Jinan', 'CHN', 'Jinan', 1152, 130000, 1904),
(1905, 'Hangzhou', 'CHN', 'Hangzhou', 1420, 130000, 1905),
(1906, 'Zhengzhou', 'CHN', 'Zhengzhou', 519, 130000, 1906),
(1907, 'Shijiazhuang', 'CHN', 'Shijiazhuang', 516, 130000, 1907),
(1908, 'Taiyuan', 'CHN', 'Taiyuan', 1154, 130000, 1908),
(1909, 'Kunming', 'CHN', 'Kunming', 1412, 130000, 1909),
(1910, 'Changsha', 'CHN', 'Changsha', 547, 130000, 1910),
(1911, 'Nanchang', 'CHN', 'Nanchang', 594, 130000, 1911),
(1912, 'Fuzhou', 'CHN', 'Fuzhou', 431, 130000, 1912),
(1913, 'Lanzhou', 'CHN', 'Lanzhou', 442, 130000, 1913),
(1914, 'Guiyang', 'CHN', 'Guiyang', 482, 130000, 1914),
(1915, 'Ningbo', 'CHN', 'Ningbo', 1420, 130000, 1915),
(1916, 'Hefei', 'CHN', 'Hefei', 78, 130000, 1916),
(1917, 'Urumtši [Ürümqi]', 'CHN', 'Urumtši [Ürümqi]', 1397, 130000, 1917),
(1918, 'Anshan', 'CHN', 'Anshan', 728, 130000, 1918),
(1919, 'Fushun', 'CHN', 'Fushun', 728, 130000, 1919),
(1920, 'Nanning', 'CHN', 'Nanning', 474, 130000, 1920),
(1921, 'Zibo', 'CHN', 'Zibo', 1152, 130000, 1921),
(1922, 'Qiqihar', 'CHN', 'Qiqihar', 518, 130000, 1922),
(1923, 'Jilin', 'CHN', 'Jilin', 595, 130000, 1923),
(1924, 'Tangshan', 'CHN', 'Tangshan', 516, 130000, 1924),
(1925, 'Baotou', 'CHN', 'Baotou', 570, 130000, 1925),
(1926, 'Shenzhen', 'CHN', 'Shenzhen', 473, 130000, 1926),
(1927, 'Hohhot', 'CHN', 'Hohhot', 570, 130000, 1927),
(1928, 'Handan', 'CHN', 'Handan', 516, 130000, 1928),
(1929, 'Wuxi', 'CHN', 'Wuxi', 593, 130000, 1929),
(1930, 'Xuzhou', 'CHN', 'Xuzhou', 593, 130000, 1930),
(1931, 'Datong', 'CHN', 'Datong', 1154, 130000, 1931),
(1932, 'Yichun', 'CHN', 'Yichun', 518, 130000, 1932),
(1933, 'Benxi', 'CHN', 'Benxi', 728, 130000, 1933),
(1934, 'Luoyang', 'CHN', 'Luoyang', 519, 130000, 1934),
(1935, 'Suzhou', 'CHN', 'Suzhou', 593, 130000, 1935),
(1936, 'Xining', 'CHN', 'Xining', 1043, 130000, 1936),
(1937, 'Huainan', 'CHN', 'Huainan', 78, 130000, 1937),
(1938, 'Jixi', 'CHN', 'Jixi', 518, 130000, 1938),
(1939, 'Daqing', 'CHN', 'Daqing', 518, 130000, 1939),
(1940, 'Fuxin', 'CHN', 'Fuxin', 728, 130000, 1940),
(1941, 'Amoy [Xiamen]', 'CHN', 'Amoy [Xiamen]', 431, 130000, 1941),
(1942, 'Liuzhou', 'CHN', 'Liuzhou', 474, 130000, 1942),
(1943, 'Shantou', 'CHN', 'Shantou', 473, 130000, 1943),
(1944, 'Jinzhou', 'CHN', 'Jinzhou', 728, 130000, 1944),
(1945, 'Mudanjiang', 'CHN', 'Mudanjiang', 518, 130000, 1945),
(1946, 'Yinchuan', 'CHN', 'Yinchuan', 904, 130000, 1946),
(1947, 'Changzhou', 'CHN', 'Changzhou', 593, 130000, 1947),
(1948, 'Zhangjiakou', 'CHN', 'Zhangjiakou', 516, 130000, 1948),
(1949, 'Dandong', 'CHN', 'Dandong', 728, 130000, 1949),
(1950, 'Hegang', 'CHN', 'Hegang', 518, 130000, 1950),
(1951, 'Kaifeng', 'CHN', 'Kaifeng', 519, 130000, 1951),
(1952, 'Jiamusi', 'CHN', 'Jiamusi', 518, 130000, 1952),
(1953, 'Liaoyang', 'CHN', 'Liaoyang', 728, 130000, 1953),
(1954, 'Hengyang', 'CHN', 'Hengyang', 547, 130000, 1954),
(1955, 'Baoding', 'CHN', 'Baoding', 516, 130000, 1955),
(1956, 'Hunjiang', 'CHN', 'Hunjiang', 595, 130000, 1956),
(1957, 'Xinxiang', 'CHN', 'Xinxiang', 519, 130000, 1957),
(1958, 'Huangshi', 'CHN', 'Huangshi', 545, 130000, 1958),
(1959, 'Haikou', 'CHN', 'Haikou', 492, 130000, 1959),
(1960, 'Yantai', 'CHN', 'Yantai', 1152, 130000, 1960),
(1961, 'Bengbu', 'CHN', 'Bengbu', 78, 130000, 1961),
(1962, 'Xiangtan', 'CHN', 'Xiangtan', 547, 130000, 1962),
(1963, 'Weifang', 'CHN', 'Weifang', 1152, 130000, 1963),
(1964, 'Wuhu', 'CHN', 'Wuhu', 78, 130000, 1964),
(1965, 'Pingxiang', 'CHN', 'Pingxiang', 594, 130000, 1965),
(1966, 'Yingkou', 'CHN', 'Yingkou', 728, 130000, 1966),
(1967, 'Anyang', 'CHN', 'Anyang', 519, 130000, 1967),
(1968, 'Panzhihua', 'CHN', 'Panzhihua', 1162, 130000, 1968),
(1969, 'Pingdingshan', 'CHN', 'Pingdingshan', 519, 130000, 1969),
(1970, 'Xiangfan', 'CHN', 'Xiangfan', 545, 130000, 1970),
(1971, 'Zhuzhou', 'CHN', 'Zhuzhou', 547, 130000, 1971),
(1972, 'Jiaozuo', 'CHN', 'Jiaozuo', 519, 130000, 1972),
(1973, 'Wenzhou', 'CHN', 'Wenzhou', 1420, 130000, 1973),
(1974, 'Zhangjiang', 'CHN', 'Zhangjiang', 473, 130000, 1974),
(1975, 'Zigong', 'CHN', 'Zigong', 1162, 130000, 1975),
(1976, 'Shuangyashan', 'CHN', 'Shuangyashan', 518, 130000, 1976),
(1977, 'Zaozhuang', 'CHN', 'Zaozhuang', 1152, 130000, 1977),
(1978, 'Yakeshi', 'CHN', 'Yakeshi', 570, 130000, 1978),
(1979, 'Yichang', 'CHN', 'Yichang', 545, 130000, 1979),
(1980, 'Zhenjiang', 'CHN', 'Zhenjiang', 593, 130000, 1980),
(1981, 'Huaibei', 'CHN', 'Huaibei', 78, 130000, 1981),
(1982, 'Qinhuangdao', 'CHN', 'Qinhuangdao', 516, 130000, 1982),
(1983, 'Guilin', 'CHN', 'Guilin', 474, 130000, 1983),
(1984, 'Liupanshui', 'CHN', 'Liupanshui', 482, 130000, 1984),
(1985, 'Panjin', 'CHN', 'Panjin', 728, 130000, 1985),
(1986, 'Yangquan', 'CHN', 'Yangquan', 1154, 130000, 1986),
(1987, 'Jinxi', 'CHN', 'Jinxi', 728, 130000, 1987),
(1988, 'Liaoyuan', 'CHN', 'Liaoyuan', 595, 130000, 1988),
(1989, 'Lianyungang', 'CHN', 'Lianyungang', 593, 130000, 1989),
(1990, 'Xianyang', 'CHN', 'Xianyang', 1148, 130000, 1990),
(1991, 'Tai´an', 'CHN', 'Tai´an', 1152, 130000, 1991),
(1992, 'Chifeng', 'CHN', 'Chifeng', 570, 130000, 1992),
(1993, 'Shaoguan', 'CHN', 'Shaoguan', 473, 130000, 1993),
(1994, 'Nantong', 'CHN', 'Nantong', 593, 130000, 1994),
(1995, 'Leshan', 'CHN', 'Leshan', 1162, 130000, 1995),
(1996, 'Baoji', 'CHN', 'Baoji', 1148, 130000, 1996),
(1997, 'Linyi', 'CHN', 'Linyi', 1152, 130000, 1997),
(1998, 'Tonghua', 'CHN', 'Tonghua', 595, 130000, 1998),
(1999, 'Siping', 'CHN', 'Siping', 595, 130000, 1999),
(2000, 'Changzhi', 'CHN', 'Changzhi', 1154, 130000, 2000),
(2001, 'Tengzhou', 'CHN', 'Tengzhou', 1152, 130000, 2001),
(2002, 'Chaozhou', 'CHN', 'Chaozhou', 473, 130000, 2002),
(2003, 'Yangzhou', 'CHN', 'Yangzhou', 593, 130000, 2003),
(2004, 'Dongwan', 'CHN', 'Dongwan', 473, 130000, 2004),
(2005, 'Ma´anshan', 'CHN', 'Ma´anshan', 78, 130000, 2005),
(2006, 'Foshan', 'CHN', 'Foshan', 473, 130000, 2006),
(2007, 'Yueyang', 'CHN', 'Yueyang', 547, 130000, 2007),
(2008, 'Xingtai', 'CHN', 'Xingtai', 516, 130000, 2008),
(2009, 'Changde', 'CHN', 'Changde', 547, 130000, 2009),
(2010, 'Shihezi', 'CHN', 'Shihezi', 1397, 130000, 2010),
(2011, 'Yancheng', 'CHN', 'Yancheng', 593, 130000, 2011),
(2012, 'Jiujiang', 'CHN', 'Jiujiang', 594, 130000, 2012),
(2013, 'Dongying', 'CHN', 'Dongying', 1152, 130000, 2013),
(2014, 'Shashi', 'CHN', 'Shashi', 545, 130000, 2014),
(2015, 'Xintai', 'CHN', 'Xintai', 1152, 130000, 2015),
(2016, 'Jingdezhen', 'CHN', 'Jingdezhen', 594, 130000, 2016),
(2017, 'Tongchuan', 'CHN', 'Tongchuan', 1148, 130000, 2017),
(2018, 'Zhongshan', 'CHN', 'Zhongshan', 473, 130000, 2018),
(2019, 'Shiyan', 'CHN', 'Shiyan', 545, 130000, 2019),
(2020, 'Tieli', 'CHN', 'Tieli', 518, 130000, 2020),
(2021, 'Jining', 'CHN', 'Jining', 1152, 130000, 2021),
(2022, 'Wuhai', 'CHN', 'Wuhai', 570, 130000, 2022),
(2023, 'Mianyang', 'CHN', 'Mianyang', 1162, 130000, 2023),
(2024, 'Luzhou', 'CHN', 'Luzhou', 1162, 130000, 2024),
(2025, 'Zunyi', 'CHN', 'Zunyi', 482, 130000, 2025),
(2026, 'Shizuishan', 'CHN', 'Shizuishan', 904, 130000, 2026),
(2027, 'Neijiang', 'CHN', 'Neijiang', 1162, 130000, 2027),
(2028, 'Tongliao', 'CHN', 'Tongliao', 570, 130000, 2028),
(2029, 'Tieling', 'CHN', 'Tieling', 728, 130000, 2029),
(2030, 'Wafangdian', 'CHN', 'Wafangdian', 728, 130000, 2030),
(2031, 'Anqing', 'CHN', 'Anqing', 78, 130000, 2031),
(2032, 'Shaoyang', 'CHN', 'Shaoyang', 547, 130000, 2032),
(2033, 'Laiwu', 'CHN', 'Laiwu', 1152, 130000, 2033),
(2034, 'Chengde', 'CHN', 'Chengde', 516, 130000, 2034),
(2035, 'Tianshui', 'CHN', 'Tianshui', 442, 130000, 2035),
(2036, 'Nanyang', 'CHN', 'Nanyang', 519, 130000, 2036),
(2037, 'Cangzhou', 'CHN', 'Cangzhou', 516, 130000, 2037),
(2038, 'Yibin', 'CHN', 'Yibin', 1162, 130000, 2038),
(2039, 'Huaiyin', 'CHN', 'Huaiyin', 593, 130000, 2039),
(2040, 'Dunhua', 'CHN', 'Dunhua', 595, 130000, 2040),
(2041, 'Yanji', 'CHN', 'Yanji', 595, 130000, 2041),
(2042, 'Jiangmen', 'CHN', 'Jiangmen', 473, 130000, 2042),
(2043, 'Tongling', 'CHN', 'Tongling', 78, 130000, 2043),
(2044, 'Suihua', 'CHN', 'Suihua', 518, 130000, 2044),
(2045, 'Gongziling', 'CHN', 'Gongziling', 595, 130000, 2045),
(2046, 'Xiantao', 'CHN', 'Xiantao', 545, 130000, 2046),
(2047, 'Chaoyang', 'CHN', 'Chaoyang', 728, 130000, 2047),
(2048, 'Ganzhou', 'CHN', 'Ganzhou', 594, 130000, 2048),
(2049, 'Huzhou', 'CHN', 'Huzhou', 1420, 130000, 2049),
(2050, 'Baicheng', 'CHN', 'Baicheng', 595, 130000, 2050),
(2051, 'Shangzi', 'CHN', 'Shangzi', 518, 130000, 2051),
(2052, 'Yangjiang', 'CHN', 'Yangjiang', 473, 130000, 2052),
(2053, 'Qitaihe', 'CHN', 'Qitaihe', 518, 130000, 2053),
(2054, 'Gejiu', 'CHN', 'Gejiu', 1412, 130000, 2054),
(2055, 'Jiangyin', 'CHN', 'Jiangyin', 593, 130000, 2055),
(2056, 'Hebi', 'CHN', 'Hebi', 519, 130000, 2056),
(2057, 'Jiaxing', 'CHN', 'Jiaxing', 1420, 130000, 2057),
(2058, 'Wuzhou', 'CHN', 'Wuzhou', 474, 130000, 2058),
(2059, 'Meihekou', 'CHN', 'Meihekou', 595, 130000, 2059),
(2060, 'Xuchang', 'CHN', 'Xuchang', 519, 130000, 2060),
(2061, 'Liaocheng', 'CHN', 'Liaocheng', 1152, 130000, 2061),
(2062, 'Haicheng', 'CHN', 'Haicheng', 728, 130000, 2062),
(2063, 'Qianjiang', 'CHN', 'Qianjiang', 545, 130000, 2063),
(2064, 'Baiyin', 'CHN', 'Baiyin', 442, 130000, 2064),
(2065, 'Bei´an', 'CHN', 'Bei´an', 518, 130000, 2065),
(2066, 'Yixing', 'CHN', 'Yixing', 593, 130000, 2066),
(2067, 'Laizhou', 'CHN', 'Laizhou', 1152, 130000, 2067),
(2068, 'Qaramay', 'CHN', 'Qaramay', 1397, 130000, 2068),
(2069, 'Acheng', 'CHN', 'Acheng', 518, 130000, 2069),
(2070, 'Dezhou', 'CHN', 'Dezhou', 1152, 130000, 2070),
(2071, 'Nanping', 'CHN', 'Nanping', 431, 130000, 2071),
(2072, 'Zhaoqing', 'CHN', 'Zhaoqing', 473, 130000, 2072),
(2073, 'Beipiao', 'CHN', 'Beipiao', 728, 130000, 2073),
(2074, 'Fengcheng', 'CHN', 'Fengcheng', 594, 130000, 2074),
(2075, 'Fuyu', 'CHN', 'Fuyu', 595, 130000, 2075),
(2076, 'Xinyang', 'CHN', 'Xinyang', 519, 130000, 2076),
(2077, 'Dongtai', 'CHN', 'Dongtai', 593, 130000, 2077),
(2078, 'Yuci', 'CHN', 'Yuci', 1154, 130000, 2078),
(2079, 'Honghu', 'CHN', 'Honghu', 545, 130000, 2079),
(2080, 'Ezhou', 'CHN', 'Ezhou', 545, 130000, 2080),
(2081, 'Heze', 'CHN', 'Heze', 1152, 130000, 2081),
(2082, 'Daxian', 'CHN', 'Daxian', 1162, 130000, 2082),
(2083, 'Linfen', 'CHN', 'Linfen', 1154, 130000, 2083),
(2084, 'Tianmen', 'CHN', 'Tianmen', 545, 130000, 2084),
(2085, 'Yiyang', 'CHN', 'Yiyang', 547, 130000, 2085),
(2086, 'Quanzhou', 'CHN', 'Quanzhou', 431, 130000, 2086),
(2087, 'Rizhao', 'CHN', 'Rizhao', 1152, 130000, 2087),
(2088, 'Deyang', 'CHN', 'Deyang', 1162, 130000, 2088),
(2089, 'Guangyuan', 'CHN', 'Guangyuan', 1162, 130000, 2089),
(2090, 'Changshu', 'CHN', 'Changshu', 593, 130000, 2090),
(2091, 'Zhangzhou', 'CHN', 'Zhangzhou', 431, 130000, 2091),
(2092, 'Hailar', 'CHN', 'Hailar', 570, 130000, 2092),
(2093, 'Nanchong', 'CHN', 'Nanchong', 1162, 130000, 2093),
(2094, 'Jiutai', 'CHN', 'Jiutai', 595, 130000, 2094),
(2095, 'Zhaodong', 'CHN', 'Zhaodong', 518, 130000, 2095),
(2096, 'Shaoxing', 'CHN', 'Shaoxing', 1420, 130000, 2096),
(2097, 'Fuyang', 'CHN', 'Fuyang', 78, 130000, 2097),
(2098, 'Maoming', 'CHN', 'Maoming', 473, 130000, 2098),
(2099, 'Qujing', 'CHN', 'Qujing', 1412, 130000, 2099),
(2100, 'Ghulja', 'CHN', 'Ghulja', 1397, 130000, 2100),
(2101, 'Jiaohe', 'CHN', 'Jiaohe', 595, 130000, 2101),
(2102, 'Puyang', 'CHN', 'Puyang', 519, 130000, 2102),
(2103, 'Huadian', 'CHN', 'Huadian', 595, 130000, 2103),
(2104, 'Jiangyou', 'CHN', 'Jiangyou', 1162, 130000, 2104),
(2105, 'Qashqar', 'CHN', 'Qashqar', 1397, 130000, 2105),
(2106, 'Anshun', 'CHN', 'Anshun', 482, 130000, 2106),
(2107, 'Fuling', 'CHN', 'Fuling', 1162, 130000, 2107),
(2108, 'Xinyu', 'CHN', 'Xinyu', 594, 130000, 2108),
(2109, 'Hanzhong', 'CHN', 'Hanzhong', 1148, 130000, 2109),
(2110, 'Danyang', 'CHN', 'Danyang', 593, 130000, 2110),
(2111, 'Chenzhou', 'CHN', 'Chenzhou', 547, 130000, 2111),
(2112, 'Xiaogan', 'CHN', 'Xiaogan', 545, 130000, 2112),
(2113, 'Shangqiu', 'CHN', 'Shangqiu', 519, 130000, 2113),
(2114, 'Zhuhai', 'CHN', 'Zhuhai', 473, 130000, 2114),
(2115, 'Qingyuan', 'CHN', 'Qingyuan', 473, 130000, 2115),
(2116, 'Aqsu', 'CHN', 'Aqsu', 1397, 130000, 2116),
(2117, 'Jining', 'CHN', 'Jining', 570, 130000, 2117),
(2118, 'Xiaoshan', 'CHN', 'Xiaoshan', 1420, 130000, 2118),
(2119, 'Zaoyang', 'CHN', 'Zaoyang', 545, 130000, 2119),
(2120, 'Xinghua', 'CHN', 'Xinghua', 593, 130000, 2120),
(2121, 'Hami', 'CHN', 'Hami', 1397, 130000, 2121),
(2122, 'Huizhou', 'CHN', 'Huizhou', 473, 130000, 2122),
(2123, 'Jinmen', 'CHN', 'Jinmen', 545, 130000, 2123),
(2124, 'Sanming', 'CHN', 'Sanming', 431, 130000, 2124),
(2125, 'Ulanhot', 'CHN', 'Ulanhot', 570, 130000, 2125),
(2126, 'Korla', 'CHN', 'Korla', 1397, 130000, 2126),
(2127, 'Wanxian', 'CHN', 'Wanxian', 1162, 130000, 2127),
(2128, 'Rui´an', 'CHN', 'Rui´an', 1420, 130000, 2128),
(2129, 'Zhoushan', 'CHN', 'Zhoushan', 1420, 130000, 2129),
(2130, 'Liangcheng', 'CHN', 'Liangcheng', 1152, 130000, 2130),
(2131, 'Jiaozhou', 'CHN', 'Jiaozhou', 1152, 130000, 2131),
(2132, 'Taizhou', 'CHN', 'Taizhou', 593, 130000, 2132),
(2133, 'Suzhou', 'CHN', 'Suzhou', 78, 130000, 2133),
(2134, 'Yichun', 'CHN', 'Yichun', 594, 130000, 2134),
(2135, 'Taonan', 'CHN', 'Taonan', 595, 130000, 2135),
(2136, 'Pingdu', 'CHN', 'Pingdu', 1152, 130000, 2136),
(2137, 'Ji´an', 'CHN', 'Ji´an', 594, 130000, 2137),
(2138, 'Longkou', 'CHN', 'Longkou', 1152, 130000, 2138),
(2139, 'Langfang', 'CHN', 'Langfang', 516, 130000, 2139),
(2140, 'Zhoukou', 'CHN', 'Zhoukou', 519, 130000, 2140),
(2141, 'Suining', 'CHN', 'Suining', 1162, 130000, 2141),
(2142, 'Yulin', 'CHN', 'Yulin', 474, 130000, 2142),
(2143, 'Jinhua', 'CHN', 'Jinhua', 1420, 130000, 2143),
(2144, 'Liu´an', 'CHN', 'Liu´an', 78, 130000, 2144),
(2145, 'Shuangcheng', 'CHN', 'Shuangcheng', 518, 130000, 2145),
(2146, 'Suizhou', 'CHN', 'Suizhou', 545, 130000, 2146),
(2147, 'Ankang', 'CHN', 'Ankang', 1148, 130000, 2147),
(2148, 'Weinan', 'CHN', 'Weinan', 1148, 130000, 2148),
(2149, 'Longjing', 'CHN', 'Longjing', 595, 130000, 2149),
(2150, 'Da´an', 'CHN', 'Da´an', 595, 130000, 2150),
(2151, 'Lengshuijiang', 'CHN', 'Lengshuijiang', 547, 130000, 2151),
(2152, 'Laiyang', 'CHN', 'Laiyang', 1152, 130000, 2152),
(2153, 'Xianning', 'CHN', 'Xianning', 545, 130000, 2153),
(2154, 'Dali', 'CHN', 'Dali', 1412, 130000, 2154),
(2155, 'Anda', 'CHN', 'Anda', 518, 130000, 2155),
(2156, 'Jincheng', 'CHN', 'Jincheng', 1154, 130000, 2156),
(2157, 'Longyan', 'CHN', 'Longyan', 431, 130000, 2157),
(2158, 'Xichang', 'CHN', 'Xichang', 1162, 130000, 2158),
(2159, 'Wendeng', 'CHN', 'Wendeng', 1152, 130000, 2159),
(2160, 'Hailun', 'CHN', 'Hailun', 518, 130000, 2160),
(2161, 'Binzhou', 'CHN', 'Binzhou', 1152, 130000, 2161),
(2162, 'Linhe', 'CHN', 'Linhe', 570, 130000, 2162),
(2163, 'Wuwei', 'CHN', 'Wuwei', 442, 130000, 2163),
(2164, 'Duyun', 'CHN', 'Duyun', 482, 130000, 2164),
(2165, 'Mishan', 'CHN', 'Mishan', 518, 130000, 2165),
(2166, 'Shangrao', 'CHN', 'Shangrao', 594, 130000, 2166),
(2167, 'Changji', 'CHN', 'Changji', 1397, 130000, 2167),
(2168, 'Meixian', 'CHN', 'Meixian', 473, 130000, 2168),
(2169, 'Yushu', 'CHN', 'Yushu', 595, 130000, 2169),
(2170, 'Tiefa', 'CHN', 'Tiefa', 728, 130000, 2170),
(2171, 'Huai´an', 'CHN', 'Huai´an', 593, 130000, 2171),
(2172, 'Leiyang', 'CHN', 'Leiyang', 547, 130000, 2172),
(2173, 'Zalantun', 'CHN', 'Zalantun', 570, 130000, 2173),
(2174, 'Weihai', 'CHN', 'Weihai', 1152, 130000, 2174),
(2175, 'Loudi', 'CHN', 'Loudi', 547, 130000, 2175),
(2176, 'Qingzhou', 'CHN', 'Qingzhou', 1152, 130000, 2176),
(2177, 'Qidong', 'CHN', 'Qidong', 593, 130000, 2177),
(2178, 'Huaihua', 'CHN', 'Huaihua', 547, 130000, 2178),
(2179, 'Luohe', 'CHN', 'Luohe', 519, 130000, 2179),
(2180, 'Chuzhou', 'CHN', 'Chuzhou', 78, 130000, 2180),
(2181, 'Kaiyuan', 'CHN', 'Kaiyuan', 728, 130000, 2181),
(2182, 'Linqing', 'CHN', 'Linqing', 1152, 130000, 2182),
(2183, 'Chaohu', 'CHN', 'Chaohu', 78, 130000, 2183),
(2184, 'Laohekou', 'CHN', 'Laohekou', 545, 130000, 2184),
(2185, 'Dujiangyan', 'CHN', 'Dujiangyan', 1162, 130000, 2185),
(2186, 'Zhumadian', 'CHN', 'Zhumadian', 519, 130000, 2186),
(2187, 'Linchuan', 'CHN', 'Linchuan', 594, 130000, 2187),
(2188, 'Jiaonan', 'CHN', 'Jiaonan', 1152, 130000, 2188),
(2189, 'Sanmenxia', 'CHN', 'Sanmenxia', 519, 130000, 2189),
(2190, 'Heyuan', 'CHN', 'Heyuan', 473, 130000, 2190),
(2191, 'Manzhouli', 'CHN', 'Manzhouli', 570, 130000, 2191),
(2192, 'Lhasa', 'CHN', 'Lhasa', 1276, 130000, 2192),
(2193, 'Lianyuan', 'CHN', 'Lianyuan', 547, 130000, 2193),
(2194, 'Kuytun', 'CHN', 'Kuytun', 1397, 130000, 2194),
(2195, 'Puqi', 'CHN', 'Puqi', 545, 130000, 2195),
(2196, 'Hongjiang', 'CHN', 'Hongjiang', 547, 130000, 2196),
(2197, 'Qinzhou', 'CHN', 'Qinzhou', 474, 130000, 2197),
(2198, 'Renqiu', 'CHN', 'Renqiu', 516, 130000, 2198),
(2199, 'Yuyao', 'CHN', 'Yuyao', 1420, 130000, 2199),
(2200, 'Guigang', 'CHN', 'Guigang', 474, 130000, 2200),
(2201, 'Kaili', 'CHN', 'Kaili', 482, 130000, 2201),
(2202, 'Yan´an', 'CHN', 'Yan´an', 1148, 130000, 2202),
(2203, 'Beihai', 'CHN', 'Beihai', 474, 130000, 2203),
(2204, 'Xuangzhou', 'CHN', 'Xuangzhou', 78, 130000, 2204),
(2205, 'Quzhou', 'CHN', 'Quzhou', 1420, 130000, 2205),
(2206, 'Yong´an', 'CHN', 'Yong´an', 431, 130000, 2206),
(2207, 'Zixing', 'CHN', 'Zixing', 547, 130000, 2207),
(2208, 'Liyang', 'CHN', 'Liyang', 593, 130000, 2208),
(2209, 'Yizheng', 'CHN', 'Yizheng', 593, 130000, 2209),
(2210, 'Yumen', 'CHN', 'Yumen', 442, 130000, 2210),
(2211, 'Liling', 'CHN', 'Liling', 547, 130000, 2211),
(2212, 'Yuncheng', 'CHN', 'Yuncheng', 1154, 130000, 2212),
(2213, 'Shanwei', 'CHN', 'Shanwei', 473, 130000, 2213),
(2214, 'Cixi', 'CHN', 'Cixi', 1420, 130000, 2214),
(2215, 'Yuanjiang', 'CHN', 'Yuanjiang', 547, 130000, 2215),
(2216, 'Bozhou', 'CHN', 'Bozhou', 78, 130000, 2216),
(2217, 'Jinchang', 'CHN', 'Jinchang', 442, 130000, 2217),
(2218, 'Fu´an', 'CHN', 'Fu´an', 431, 130000, 2218),
(2219, 'Suqian', 'CHN', 'Suqian', 593, 130000, 2219),
(2220, 'Shishou', 'CHN', 'Shishou', 545, 130000, 2220),
(2221, 'Hengshui', 'CHN', 'Hengshui', 516, 130000, 2221),
(2222, 'Danjiangkou', 'CHN', 'Danjiangkou', 545, 130000, 2222),
(2223, 'Fujin', 'CHN', 'Fujin', 518, 130000, 2223),
(2224, 'Sanya', 'CHN', 'Sanya', 492, 130000, 2224),
(2225, 'Guangshui', 'CHN', 'Guangshui', 545, 130000, 2225),
(2226, 'Huangshan', 'CHN', 'Huangshan', 78, 130000, 2226),
(2227, 'Xingcheng', 'CHN', 'Xingcheng', 728, 130000, 2227),
(2228, 'Zhucheng', 'CHN', 'Zhucheng', 1152, 130000, 2228),
(2229, 'Kunshan', 'CHN', 'Kunshan', 593, 130000, 2229),
(2230, 'Haining', 'CHN', 'Haining', 1420, 130000, 2230),
(2231, 'Pingliang', 'CHN', 'Pingliang', 442, 130000, 2231),
(2232, 'Fuqing', 'CHN', 'Fuqing', 431, 130000, 2232),
(2233, 'Xinzhou', 'CHN', 'Xinzhou', 1154, 130000, 2233),
(2234, 'Jieyang', 'CHN', 'Jieyang', 473, 130000, 2234),
(2235, 'Zhangjiagang', 'CHN', 'Zhangjiagang', 593, 130000, 2235),
(2236, 'Tong Xian', 'CHN', 'Tong Xian', 986, 130000, 2236),
(2237, 'Ya´an', 'CHN', 'Ya´an', 1162, 130000, 2237),
(2238, 'Jinzhou', 'CHN', 'Jinzhou', 728, 130000, 2238),
(2239, 'Emeishan', 'CHN', 'Emeishan', 1162, 130000, 2239),
(2240, 'Enshi', 'CHN', 'Enshi', 545, 130000, 2240),
(2241, 'Bose', 'CHN', 'Bose', 474, 130000, 2241),
(2242, 'Yuzhou', 'CHN', 'Yuzhou', 519, 130000, 2242),
(2243, 'Kaiyuan', 'CHN', 'Kaiyuan', 1412, 130000, 2243),
(2244, 'Tumen', 'CHN', 'Tumen', 595, 130000, 2244),
(2245, 'Putian', 'CHN', 'Putian', 431, 130000, 2245),
(2246, 'Linhai', 'CHN', 'Linhai', 1420, 130000, 2246),
(2247, 'Xilin Hot', 'CHN', 'Xilin Hot', 570, 130000, 2247),
(2248, 'Shaowu', 'CHN', 'Shaowu', 431, 130000, 2248),
(2249, 'Junan', 'CHN', 'Junan', 1152, 130000, 2249),
(2250, 'Huaying', 'CHN', 'Huaying', 1162, 130000, 2250),
(2251, 'Pingyi', 'CHN', 'Pingyi', 1152, 130000, 2251),
(2252, 'Huangyan', 'CHN', 'Huangyan', 1420, 130000, 2252),
(2253, 'Bishkek', 'KGZ', 'Bishkek', 191, 130000, 2253),
(2254, 'Osh', 'KGZ', 'Osh', 964, 130000, 2254),
(2255, 'Bikenibeu', 'KIR', 'Bikenibeu', 1191, 130000, 2255),
(2256, 'Bairiki', 'KIR', 'Bairiki', 1191, 130000, 2256),
(2257, 'Moroni', 'COM', 'Moroni', 906, 130000, 2257),
(2258, 'Brazzaville', 'COG', 'Brazzaville', 212, 130000, 2258),
(2259, 'Pointe-Noire', 'COG', 'Pointe-Noire', 685, 130000, 2259),
(2260, 'Kinshasa', 'COD', 'Kinshasa', 668, 130000, 2260),
(2261, 'Lubumbashi', 'COD', 'Lubumbashi', 1149, 130000, 2261),
(2262, 'Mbuji-Mayi', 'COD', 'Mbuji-Mayi', 387, 130000, 2262),
(2263, 'Kolwezi', 'COD', 'Kolwezi', 1149, 130000, 2263),
(2264, 'Kisangani', 'COD', 'Kisangani', 513, 130000, 2264),
(2265, 'Kananga', 'COD', 'Kananga', 1383, 130000, 2265),
(2266, 'Likasi', 'COD', 'Likasi', 1149, 130000, 2266),
(2267, 'Bukavu', 'COD', 'Bukavu', 1190, 130000, 2267),
(2268, 'Kikwit', 'COD', 'Kikwit', 151, 130000, 2268),
(2269, 'Tshikapa', 'COD', 'Tshikapa', 1383, 130000, 2269),
(2270, 'Matadi', 'COD', 'Matadi', 159, 130000, 2270),
(2271, 'Mbandaka', 'COD', 'Mbandaka', 402, 130000, 2271),
(2272, 'Mwene-Ditu', 'COD', 'Mwene-Ditu', 387, 130000, 2272),
(2273, 'Boma', 'COD', 'Boma', 159, 130000, 2273),
(2274, 'Uvira', 'COD', 'Uvira', 1190, 130000, 2274),
(2275, 'Butembo', 'COD', 'Butembo', 922, 130000, 2275),
(2276, 'Goma', 'COD', 'Goma', 922, 130000, 2276),
(2277, 'Kalemie', 'COD', 'Kalemie', 1149, 130000, 2277),
(2278, 'Bantam', 'CCK', 'Bantam', 534, 130000, 2278),
(2279, 'West Island', 'CCK', 'West Island', 1381, 130000, 2279),
(2280, 'Pyongyang', 'PRK', 'Pyongyang', 1036, 130000, 2280),
(2281, 'Hamhung', 'PRK', 'Hamhung', 500, 130000, 2281),
(2282, 'Chongjin', 'PRK', 'Chongjin', 501, 130000, 2282),
(2283, 'Nampo', 'PRK', 'Nampo', 873, 130000, 2283),
(2284, 'Sinuiju', 'PRK', 'Sinuiju', 1035, 130000, 2284),
(2285, 'Wonsan', 'PRK', 'Wonsan', 624, 130000, 2285),
(2286, 'Phyongsong', 'PRK', 'Phyongsong', 1034, 130000, 2286),
(2287, 'Sariwon', 'PRK', 'Sariwon', 549, 130000, 2287),
(2288, 'Haeju', 'PRK', 'Haeju', 548, 130000, 2288),
(2289, 'Kanggye', 'PRK', 'Kanggye', 309, 130000, 2289),
(2290, 'Kimchaek', 'PRK', 'Kimchaek', 501, 130000, 2290),
(2291, 'Hyesan', 'PRK', 'Hyesan', 1403, 130000, 2291),
(2292, 'Kaesong', 'PRK', 'Kaesong', 607, 130000, 2292),
(2293, 'Seoul', 'KOR', 'Seoul', 1141, 130000, 2293),
(2294, 'Pusan', 'KOR', 'Pusan', 1032, 130000, 2294),
(2295, 'Inchon', 'KOR', 'Inchon', 566, 130000, 2295),
(2296, 'Taegu', 'KOR', 'Taegu', 1232, 130000, 2296),
(2297, 'Taejon', 'KOR', 'Taejon', 1233, 130000, 2297),
(2298, 'Kwangju', 'KOR', 'Kwangju', 699, 130000, 2298),
(2299, 'Ulsan', 'KOR', 'Ulsan', 704, 130000, 2299),
(2300, 'Songnam', 'KOR', 'Songnam', 702, 130000, 2300),
(2301, 'Puchon', 'KOR', 'Puchon', 702, 130000, 2301),
(2302, 'Suwon', 'KOR', 'Suwon', 702, 130000, 2302),
(2303, 'Anyang', 'KOR', 'Anyang', 702, 130000, 2303),
(2304, 'Chonju', 'KOR', 'Chonju', 329, 130000, 2304),
(2305, 'Chongju', 'KOR', 'Chongju', 333, 130000, 2305),
(2306, 'Koyang', 'KOR', 'Koyang', 702, 130000, 2306),
(2307, 'Ansan', 'KOR', 'Ansan', 702, 130000, 2307),
(2308, 'Pohang', 'KOR', 'Pohang', 703, 130000, 2308),
(2309, 'Chang-won', 'KOR', 'Chang-won', 704, 130000, 2309),
(2310, 'Masan', 'KOR', 'Masan', 704, 130000, 2310),
(2311, 'Kwangmyong', 'KOR', 'Kwangmyong', 702, 130000, 2311),
(2312, 'Chonan', 'KOR', 'Chonan', 334, 130000, 2312),
(2313, 'Chinju', 'KOR', 'Chinju', 704, 130000, 2313),
(2314, 'Iksan', 'KOR', 'Iksan', 329, 130000, 2314),
(2315, 'Pyongtaek', 'KOR', 'Pyongtaek', 702, 130000, 2315),
(2316, 'Kumi', 'KOR', 'Kumi', 703, 130000, 2316),
(2317, 'Uijongbu', 'KOR', 'Uijongbu', 702, 130000, 2317),
(2318, 'Kyongju', 'KOR', 'Kyongju', 703, 130000, 2318),
(2319, 'Kunsan', 'KOR', 'Kunsan', 329, 130000, 2319),
(2320, 'Cheju', 'KOR', 'Cheju', 316, 130000, 2320),
(2321, 'Kimhae', 'KOR', 'Kimhae', 704, 130000, 2321),
(2322, 'Sunchon', 'KOR', 'Sunchon', 330, 130000, 2322),
(2323, 'Mokpo', 'KOR', 'Mokpo', 330, 130000, 2323),
(2324, 'Yong-in', 'KOR', 'Yong-in', 702, 130000, 2324),
(2325, 'Wonju', 'KOR', 'Wonju', 623, 130000, 2325),
(2326, 'Kunpo', 'KOR', 'Kunpo', 702, 130000, 2326),
(2327, 'Chunchon', 'KOR', 'Chunchon', 623, 130000, 2327),
(2328, 'Namyangju', 'KOR', 'Namyangju', 702, 130000, 2328),
(2329, 'Kangnung', 'KOR', 'Kangnung', 623, 130000, 2329),
(2330, 'Chungju', 'KOR', 'Chungju', 333, 130000, 2330),
(2331, 'Andong', 'KOR', 'Andong', 703, 130000, 2331),
(2332, 'Yosu', 'KOR', 'Yosu', 330, 130000, 2332),
(2333, 'Kyongsan', 'KOR', 'Kyongsan', 703, 130000, 2333),
(2334, 'Paju', 'KOR', 'Paju', 702, 130000, 2334),
(2335, 'Yangsan', 'KOR', 'Yangsan', 704, 130000, 2335),
(2336, 'Ichon', 'KOR', 'Ichon', 702, 130000, 2336),
(2337, 'Asan', 'KOR', 'Asan', 334, 130000, 2337),
(2338, 'Koje', 'KOR', 'Koje', 704, 130000, 2338),
(2339, 'Kimchon', 'KOR', 'Kimchon', 703, 130000, 2339),
(2340, 'Nonsan', 'KOR', 'Nonsan', 334, 130000, 2340),
(2341, 'Kuri', 'KOR', 'Kuri', 702, 130000, 2341),
(2342, 'Chong-up', 'KOR', 'Chong-up', 329, 130000, 2342),
(2343, 'Chechon', 'KOR', 'Chechon', 333, 130000, 2343),
(2344, 'Sosan', 'KOR', 'Sosan', 334, 130000, 2344),
(2345, 'Shihung', 'KOR', 'Shihung', 702, 130000, 2345),
(2346, 'Tong-yong', 'KOR', 'Tong-yong', 704, 130000, 2346),
(2347, 'Kongju', 'KOR', 'Kongju', 334, 130000, 2347),
(2348, 'Yongju', 'KOR', 'Yongju', 703, 130000, 2348),
(2349, 'Chinhae', 'KOR', 'Chinhae', 704, 130000, 2349),
(2350, 'Sangju', 'KOR', 'Sangju', 703, 130000, 2350),
(2351, 'Poryong', 'KOR', 'Poryong', 334, 130000, 2351),
(2352, 'Kwang-yang', 'KOR', 'Kwang-yang', 330, 130000, 2352),
(2353, 'Miryang', 'KOR', 'Miryang', 704, 130000, 2353),
(2354, 'Hanam', 'KOR', 'Hanam', 702, 130000, 2354),
(2355, 'Kimje', 'KOR', 'Kimje', 329, 130000, 2355),
(2356, 'Yongchon', 'KOR', 'Yongchon', 703, 130000, 2356),
(2357, 'Sachon', 'KOR', 'Sachon', 704, 130000, 2357),
(2358, 'Uiwang', 'KOR', 'Uiwang', 702, 130000, 2358),
(2359, 'Naju', 'KOR', 'Naju', 330, 130000, 2359),
(2360, 'Namwon', 'KOR', 'Namwon', 329, 130000, 2360),
(2361, 'Tonghae', 'KOR', 'Tonghae', 623, 130000, 2361),
(2362, 'Mun-gyong', 'KOR', 'Mun-gyong', 703, 130000, 2362),
(2363, 'Athenai', 'GRC', 'Athenai', 123, 130000, 2363),
(2364, 'Thessaloniki', 'GRC', 'Thessaloniki', 273, 130000, 2364),
(2365, 'Pireus', 'GRC', 'Pireus', 123, 130000, 2365),
(2366, 'Patras', 'GRC', 'Patras', 1379, 130000, 2366),
(2367, 'Peristerion', 'GRC', 'Peristerion', 123, 130000, 2367),
(2368, 'Herakleion', 'GRC', 'Herakleion', 302, 130000, 2368),
(2369, 'Kallithea', 'GRC', 'Kallithea', 123, 130000, 2369),
(2370, 'Larisa', 'GRC', 'Larisa', 1269, 130000, 2370),
(2371, 'Zagreb', 'HRV', 'Zagreb', 463, 130000, 2371),
(2372, 'Split', 'HRV', 'Split', 1195, 130000, 2372),
(2373, 'Rijeka', 'HRV', 'Rijeka', 1023, 130000, 2373),
(2374, 'Osijek', 'HRV', 'Osijek', 965, 130000, 2374),
(2375, 'La Habana', 'CUB', 'La Habana', 708, 130000, 2375),
(2376, 'Santiago de Cuba', 'CUB', 'Santiago de Cuba', 1125, 130000, 2376),
(2377, 'Camagüey', 'CUB', 'Camagüey', 239, 130000, 2377),
(2378, 'Holguín', 'CUB', 'Holguín', 533, 130000, 2378),
(2379, 'Santa Clara', 'CUB', 'Santa Clara', 1354, 130000, 2379),
(2380, 'Guantánamo', 'CUB', 'Guantánamo', 475, 130000, 2380),
(2381, 'Pinar del Río', 'CUB', 'Pinar del Río', 999, 130000, 2381),
(2382, 'Bayamo', 'CUB', 'Bayamo', 467, 130000, 2382),
(2383, 'Cienfuegos', 'CUB', 'Cienfuegos', 281, 130000, 2383),
(2384, 'Victoria de las Tunas', 'CUB', 'Victoria de las Tunas', 722, 130000, 2384),
(2385, 'Matanzas', 'CUB', 'Matanzas', 802, 130000, 2385),
(2386, 'Manzanillo', 'CUB', 'Manzanillo', 467, 130000, 2386),
(2387, 'Sancti-Spíritus', 'CUB', 'Sancti-Spíritus', 1116, 130000, 2387),
(2388, 'Ciego de Ávila', 'CUB', 'Ciego de Ávila', 280, 130000, 2388),
(2389, 'al-Salimiya', 'KWT', 'al-Salimiya', 515, 130000, 2389),
(2390, 'Jalib al-Shuyukh', 'KWT', 'Jalib al-Shuyukh', 515, 130000, 2390),
(2391, 'Kuwait', 'KWT', 'Kuwait', 24, 130000, 2391),
(2392, 'Nicosia', 'CYP', 'Nicosia', 899, 130000, 2392),
(2393, 'Limassol', 'CYP', 'Limassol', 734, 130000, 2393),
(2394, 'Vientiane', 'LAO', 'Vientiane', 1350, 130000, 2394),
(2395, 'Savannakhet', 'LAO', 'Savannakhet', 1134, 130000, 2395),
(2396, 'Riga', 'LVA', 'Riga', 1071, 130000, 2396),
(2397, 'Daugavpils', 'LVA', 'Daugavpils', 348, 130000, 2397),
(2398, 'Liepaja', 'LVA', 'Liepaja', 730, 130000, 2398),
(2399, 'Maseru', 'LSO', 'Maseru', 799, 130000, 2399),
(2400, 'Beirut', 'LBN', 'Beirut', 172, 130000, 2400),
(2401, 'Tripoli', 'LBN', 'Tripoli', 44, 130000, 2401),
(2402, 'Monrovia', 'LBR', 'Monrovia', 848, 130000, 2402),
(2403, 'Tripoli', 'LBY', 'Tripoli', 1302, 130000, 2403),
(2404, 'Bengasi', 'LBY', 'Bengasi', 177, 130000, 2404),
(2405, 'Misrata', 'LBY', 'Misrata', 833, 130000, 2405),
(2406, 'al-Zawiya', 'LBY', 'al-Zawiya', 50, 130000, 2406),
(2407, 'Schaan', 'LIE', 'Schaan', 1137, 130000, 2407),
(2408, 'Vaduz', 'LIE', 'Vaduz', 1334, 130000, 2408),
(2409, 'Vilnius', 'LTU', 'Vilnius', 1353, 130000, 2409),
(2410, 'Kaunas', 'LTU', 'Kaunas', 643, 130000, 2410),
(2411, 'Klaipeda', 'LTU', 'Klaipeda', 674, 130000, 2411),
(2412, 'Šiauliai', 'LTU', 'Šiauliai', 1160, 130000, 2412),
(2413, 'Panevezys', 'LTU', 'Panevezys', 978, 130000, 2413),
(2414, 'Luxembourg [Luxemburg/Lëtzebuerg]', 'LUX', 'Luxembourg [Luxemburg/Lëtzebuerg]', 758, 130000, 2414),
(2415, 'El-Aaiún', 'ESH', 'El-Aaiún', 397, 130000, 2415),
(2416, 'Macao', 'MAC', 'Macao', 762, 130000, 2416),
(2417, 'Antananarivo', 'MDG', 'Antananarivo', 82, 130000, 2417),
(2418, 'Toamasina', 'MDG', 'Toamasina', 1285, 130000, 2418),
(2419, 'Antsirabé', 'MDG', 'Antsirabé', 82, 130000, 2419),
(2420, 'Mahajanga', 'MDG', 'Mahajanga', 770, 130000, 2420),
(2421, 'Fianarantsoa', 'MDG', 'Fianarantsoa', 420, 130000, 2421),
(2422, 'Skopje', 'MKD', 'Skopje', 1176, 130000, 2422),
(2423, 'Blantyre', 'MWI', 'Blantyre', 194, 130000, 2423),
(2424, 'Lilongwe', 'MWI', 'Lilongwe', 732, 130000, 2424),
(2425, 'Male', 'MDV', 'Male', 761, 130000, 2425),
(2426, 'Kuala Lumpur', 'MYS', 'Kuala Lumpur', 1394, 130000, 2426),
(2427, 'Ipoh', 'MYS', 'Ipoh', 989, 130000, 2427),
(2428, 'Johor Baharu', 'MYS', 'Johor Baharu', 598, 130000, 2428),
(2429, 'Petaling Jaya', 'MYS', 'Petaling Jaya', 1139, 130000, 2429),
(2430, 'Kelang', 'MYS', 'Kelang', 1139, 130000, 2430),
(2431, 'Kuala Terengganu', 'MYS', 'Kuala Terengganu', 1264, 130000, 2431),
(2432, 'Pinang', 'MYS', 'Pinang', 1027, 130000, 2432),
(2433, 'Kota Bharu', 'MYS', 'Kota Bharu', 647, 130000, 2433),
(2434, 'Kuantan', 'MYS', 'Kuantan', 975, 130000, 2434),
(2435, 'Taiping', 'MYS', 'Taiping', 989, 130000, 2435),
(2436, 'Seremban', 'MYS', 'Seremban', 886, 130000, 2436),
(2437, 'Kuching', 'MYS', 'Kuching', 1130, 130000, 2437),
(2438, 'Sibu', 'MYS', 'Sibu', 1130, 130000, 2438),
(2439, 'Sandakan', 'MYS', 'Sandakan', 1086, 130000, 2439),
(2440, 'Alor Setar', 'MYS', 'Alor Setar', 645, 130000, 2440),
(2441, 'Selayang Baru', 'MYS', 'Selayang Baru', 1139, 130000, 2441),
(2442, 'Sungai Petani', 'MYS', 'Sungai Petani', 645, 130000, 2442),
(2443, 'Shah Alam', 'MYS', 'Shah Alam', 1139, 130000, 2443),
(2444, 'Bamako', 'MLI', 'Bamako', 149, 130000, 2444),
(2445, 'Birkirkara', 'MLT', 'Birkirkara', 972, 130000, 2445),
(2446, 'Valletta', 'MLT', 'Valletta', 569, 130000, 2446),
(2447, 'Casablanca', 'MAR', 'Casablanca', 255, 130000, 2447),
(2448, 'Rabat', 'MAR', 'Rabat', 1057, 130000, 2448),
(2449, 'Marrakech', 'MAR', 'Marrakech', 795, 130000, 2449),
(2450, 'Fès', 'MAR', 'Fès', 419, 130000, 2450),
(2451, 'Tanger', 'MAR', 'Tanger', 1248, 130000, 2451),
(2452, 'Salé', 'MAR', 'Salé', 1057, 130000, 2452),
(2453, 'Meknès', 'MAR', 'Meknès', 816, 130000, 2453),
(2454, 'Oujda', 'MAR', 'Oujda', 958, 130000, 2454),
(2455, 'Kénitra', 'MAR', 'Kénitra', 452, 130000, 2455),
(2456, 'Tétouan', 'MAR', 'Tétouan', 1248, 130000, 2456),
(2457, 'Safi', 'MAR', 'Safi', 376, 130000, 2457),
(2458, 'Agadir', 'MAR', 'Agadir', 1183, 130000, 2458),
(2459, 'Mohammedia', 'MAR', 'Mohammedia', 255, 130000, 2459),
(2460, 'Khouribga', 'MAR', 'Khouribga', 314, 130000, 2460),
(2461, 'Beni-Mellal', 'MAR', 'Beni-Mellal', 1231, 130000, 2461),
(2462, 'Témara', 'MAR', 'Témara', 1057, 130000, 2462),
(2463, 'El Jadida', 'MAR', 'El Jadida', 376, 130000, 2463),
(2464, 'Nador', 'MAR', 'Nador', 958, 130000, 2464),
(2465, 'Ksar el Kebir', 'MAR', 'Ksar el Kebir', 1248, 130000, 2465),
(2466, 'Settat', 'MAR', 'Settat', 314, 130000, 2466),
(2467, 'Taza', 'MAR', 'Taza', 1256, 130000, 2467),
(2468, 'El Araich', 'MAR', 'El Araich', 1248, 130000, 2468),
(2469, 'Dalap-Uliga-Darrit', 'MHL', 'Dalap-Uliga-Darrit', 773, 130000, 2469),
(2470, 'Fort-de-France', 'MTQ', 'Fort-de-France', 425, 130000, 2470),
(2471, 'Nouakchott', 'MRT', 'Nouakchott', 930, 130000, 2471),
(2472, 'Nouâdhibou', 'MRT', 'Nouâdhibou', 339, 130000, 2472),
(2473, 'Port-Louis', 'MUS', 'Port-Louis', 1016, 130000, 2473),
(2474, 'Beau Bassin-Rose Hill', 'MUS', 'Beau Bassin-Rose Hill', 1003, 130000, 2474),
(2475, 'Vacoas-Phoenix', 'MUS', 'Vacoas-Phoenix', 1003, 130000, 2475),
(2476, 'Mamoutzou', 'MYT', 'Mamoutzou', 776, 130000, 2476),
(2477, 'Ciudad de México', 'MEX', 'Ciudad de México', 359, 130000, 2477),
(2478, 'Guadalajara', 'MEX', 'Guadalajara', 586, 130000, 2478),
(2479, 'Ecatepec de Morelos', 'MEX', 'Ecatepec de Morelos', 820, 130000, 2479),
(2480, 'Puebla', 'MEX', 'Puebla', 1025, 130000, 2480),
(2481, 'Nezahualcóyotl', 'MEX', 'Nezahualcóyotl', 820, 130000, 2481),
(2482, 'Juárez', 'MEX', 'Juárez', 322, 130000, 2482),
(2483, 'Tijuana', 'MEX', 'Tijuana', 140, 130000, 2483),
(2484, 'León', 'MEX', 'León', 472, 130000, 2484),
(2485, 'Monterrey', 'MEX', 'Monterrey', 935, 130000, 2485),
(2486, 'Zapopan', 'MEX', 'Zapopan', 586, 130000, 2486),
(2487, 'Naucalpan de Juárez', 'MEX', 'Naucalpan de Juárez', 820, 130000, 2487),
(2488, 'Mexicali', 'MEX', 'Mexicali', 140, 130000, 2488),
(2489, 'Culiacán', 'MEX', 'Culiacán', 1166, 130000, 2489),
(2490, 'Acapulco de Juárez', 'MEX', 'Acapulco de Juárez', 481, 130000, 2490),
(2491, 'Tlalnepantla de Baz', 'MEX', 'Tlalnepantla de Baz', 820, 130000, 2491),
(2492, 'Mérida', 'MEX', 'Mérida', 1410, 130000, 2492),
(2493, 'Chihuahua', 'MEX', 'Chihuahua', 322, 130000, 2493),
(2494, 'San Luis Potosí', 'MEX', 'San Luis Potosí', 1109, 130000, 2494),
(2495, 'Guadalupe', 'MEX', 'Guadalupe', 935, 130000, 2495),
(2496, 'Toluca', 'MEX', 'Toluca', 820, 130000, 2496),
(2497, 'Aguascalientes', 'MEX', 'Aguascalientes', 16, 130000, 2497),
(2498, 'Querétaro', 'MEX', 'Querétaro', 1052, 130000, 2498),
(2499, 'Morelia', 'MEX', 'Morelia', 823, 130000, 2499),
(2500, 'Hermosillo', 'MEX', 'Hermosillo', 1182, 130000, 2500),
(2501, 'Saltillo', 'MEX', 'Saltillo', 286, 130000, 2501),
(2502, 'Torreón', 'MEX', 'Torreón', 286, 130000, 2502),
(2503, 'Centro (Villahermosa)', 'MEX', 'Centro (Villahermosa)', 1226, 130000, 2503),
(2504, 'San Nicolás de los Garza', 'MEX', 'San Nicolás de los Garza', 935, 130000, 2504),
(2505, 'Durango', 'MEX', 'Durango', 381, 130000, 2505),
(2506, 'Chimalhuacán', 'MEX', 'Chimalhuacán', 820, 130000, 2506),
(2507, 'Tlaquepaque', 'MEX', 'Tlaquepaque', 586, 130000, 2507),
(2508, 'Atizapán de Zaragoza', 'MEX', 'Atizapán de Zaragoza', 820, 130000, 2508),
(2509, 'Veracruz', 'MEX', 'Veracruz', 1348, 130000, 2509),
(2510, 'Cuautitlán Izcalli', 'MEX', 'Cuautitlán Izcalli', 820, 130000, 2510),
(2511, 'Irapuato', 'MEX', 'Irapuato', 472, 130000, 2511),
(2512, 'Tuxtla Gutiérrez', 'MEX', 'Tuxtla Gutiérrez', 319, 130000, 2512),
(2513, 'Tultitlán', 'MEX', 'Tultitlán', 820, 130000, 2513),
(2514, 'Reynosa', 'MEX', 'Reynosa', 1243, 130000, 2514),
(2515, 'Benito Juárez', 'MEX', 'Benito Juárez', 1055, 130000, 2515),
(2516, 'Matamoros', 'MEX', 'Matamoros', 1243, 130000, 2516),
(2517, 'Xalapa', 'MEX', 'Xalapa', 1348, 130000, 2517),
(2518, 'Celaya', 'MEX', 'Celaya', 472, 130000, 2518),
(2519, 'Mazatlán', 'MEX', 'Mazatlán', 1166, 130000, 2519),
(2520, 'Ensenada', 'MEX', 'Ensenada', 140, 130000, 2520),
(2521, 'Ahome', 'MEX', 'Ahome', 1166, 130000, 2521),
(2522, 'Cajeme', 'MEX', 'Cajeme', 1182, 130000, 2522),
(2523, 'Cuernavaca', 'MEX', 'Cuernavaca', 850, 130000, 2523),
(2524, 'Tonalá', 'MEX', 'Tonalá', 586, 130000, 2524),
(2525, 'Valle de Chalco Solidaridad', 'MEX', 'Valle de Chalco Solidaridad', 820, 130000, 2525),
(2526, 'Nuevo Laredo', 'MEX', 'Nuevo Laredo', 1243, 130000, 2526),
(2527, 'Tepic', 'MEX', 'Tepic', 883, 130000, 2527),
(2528, 'Tampico', 'MEX', 'Tampico', 1243, 130000, 2528),
(2529, 'Ixtapaluca', 'MEX', 'Ixtapaluca', 820, 130000, 2529),
(2530, 'Apodaca', 'MEX', 'Apodaca', 935, 130000, 2530),
(2531, 'Guasave', 'MEX', 'Guasave', 1166, 130000, 2531),
(2532, 'Gómez Palacio', 'MEX', 'Gómez Palacio', 381, 130000, 2532),
(2533, 'Tapachula', 'MEX', 'Tapachula', 319, 130000, 2533),
(2534, 'Nicolás Romero', 'MEX', 'Nicolás Romero', 820, 130000, 2534),
(2535, 'Coatzacoalcos', 'MEX', 'Coatzacoalcos', 1348, 130000, 2535),
(2536, 'Uruapan', 'MEX', 'Uruapan', 823, 130000, 2536),
(2537, 'Victoria', 'MEX', 'Victoria', 1243, 130000, 2537),
(2538, 'Oaxaca de Juárez', 'MEX', 'Oaxaca de Juárez', 940, 130000, 2538),
(2539, 'Coacalco de Berriozábal', 'MEX', 'Coacalco de Berriozábal', 820, 130000, 2539),
(2540, 'Pachuca de Soto', 'MEX', 'Pachuca de Soto', 524, 130000, 2540),
(2541, 'General Escobedo', 'MEX', 'General Escobedo', 935, 130000, 2541),
(2542, 'Salamanca', 'MEX', 'Salamanca', 472, 130000, 2542),
(2543, 'Santa Catarina', 'MEX', 'Santa Catarina', 935, 130000, 2543),
(2544, 'Tehuacán', 'MEX', 'Tehuacán', 1025, 130000, 2544),
(2545, 'Chalco', 'MEX', 'Chalco', 820, 130000, 2545),
(2546, 'Cárdenas', 'MEX', 'Cárdenas', 1226, 130000, 2546),
(2547, 'Campeche', 'MEX', 'Campeche', 241, 130000, 2547),
(2548, 'La Paz', 'MEX', 'La Paz', 820, 130000, 2548),
(2549, 'Othón P. Blanco (Chetumal)', 'MEX', 'Othón P. Blanco (Chetumal)', 1055, 130000, 2549),
(2550, 'Texcoco', 'MEX', 'Texcoco', 820, 130000, 2550),
(2551, 'La Paz', 'MEX', 'La Paz', 141, 130000, 2551),
(2552, 'Metepec', 'MEX', 'Metepec', 820, 130000, 2552),
(2553, 'Monclova', 'MEX', 'Monclova', 286, 130000, 2553),
(2554, 'Huixquilucan', 'MEX', 'Huixquilucan', 820, 130000, 2554),
(2555, 'Chilpancingo de los Bravo', 'MEX', 'Chilpancingo de los Bravo', 481, 130000, 2555),
(2556, 'Puerto Vallarta', 'MEX', 'Puerto Vallarta', 586, 130000, 2556),
(2557, 'Fresnillo', 'MEX', 'Fresnillo', 1413, 130000, 2557),
(2558, 'Ciudad Madero', 'MEX', 'Ciudad Madero', 1243, 130000, 2558),
(2559, 'Soledad de Graciano Sánchez', 'MEX', 'Soledad de Graciano Sánchez', 1109, 130000, 2559),
(2560, 'San Juan del Río', 'MEX', 'San Juan del Río', 1051, 130000, 2560),
(2561, 'San Felipe del Progreso', 'MEX', 'San Felipe del Progreso', 820, 130000, 2561),
(2562, 'Córdoba', 'MEX', 'Córdoba', 1348, 130000, 2562),
(2563, 'Tecámac', 'MEX', 'Tecámac', 820, 130000, 2563),
(2564, 'Ocosingo', 'MEX', 'Ocosingo', 319, 130000, 2564),
(2565, 'Carmen', 'MEX', 'Carmen', 241, 130000, 2565),
(2566, 'Lázaro Cárdenas', 'MEX', 'Lázaro Cárdenas', 823, 130000, 2566),
(2567, 'Jiutepec', 'MEX', 'Jiutepec', 850, 130000, 2567),
(2568, 'Papantla', 'MEX', 'Papantla', 1348, 130000, 2568),
(2569, 'Comalcalco', 'MEX', 'Comalcalco', 1226, 130000, 2569),
(2570, 'Zamora', 'MEX', 'Zamora', 823, 130000, 2570),
(2571, 'Nogales', 'MEX', 'Nogales', 1182, 130000, 2571),
(2572, 'Huimanguillo', 'MEX', 'Huimanguillo', 1226, 130000, 2572),
(2573, 'Cuautla', 'MEX', 'Cuautla', 850, 130000, 2573),
(2574, 'Minatitlán', 'MEX', 'Minatitlán', 1348, 130000, 2574),
(2575, 'Poza Rica de Hidalgo', 'MEX', 'Poza Rica de Hidalgo', 1348, 130000, 2575),
(2576, 'Ciudad Valles', 'MEX', 'Ciudad Valles', 1109, 130000, 2576),
(2577, 'Navolato', 'MEX', 'Navolato', 1166, 130000, 2577),
(2578, 'San Luis Río Colorado', 'MEX', 'San Luis Río Colorado', 1182, 130000, 2578),
(2579, 'Pénjamo', 'MEX', 'Pénjamo', 472, 130000, 2579),
(2580, 'San Andrés Tuxtla', 'MEX', 'San Andrés Tuxtla', 1348, 130000, 2580),
(2581, 'Guanajuato', 'MEX', 'Guanajuato', 472, 130000, 2581),
(2582, 'Navojoa', 'MEX', 'Navojoa', 1182, 130000, 2582),
(2583, 'Zitácuaro', 'MEX', 'Zitácuaro', 823, 130000, 2583),
(2584, 'Boca del Río', 'MEX', 'Boca del Río', 1349, 130000, 2584),
(2585, 'Allende', 'MEX', 'Allende', 472, 130000, 2585),
(2586, 'Silao', 'MEX', 'Silao', 472, 130000, 2586),
(2587, 'Macuspana', 'MEX', 'Macuspana', 1226, 130000, 2587),
(2588, 'San Juan Bautista Tuxtepec', 'MEX', 'San Juan Bautista Tuxtepec', 940, 130000, 2588),
(2589, 'San Cristóbal de las Casas', 'MEX', 'San Cristóbal de las Casas', 319, 130000, 2589),
(2590, 'Valle de Santiago', 'MEX', 'Valle de Santiago', 472, 130000, 2590),
(2591, 'Guaymas', 'MEX', 'Guaymas', 1182, 130000, 2591),
(2592, 'Colima', 'MEX', 'Colima', 290, 130000, 2592),
(2593, 'Dolores Hidalgo', 'MEX', 'Dolores Hidalgo', 472, 130000, 2593),
(2594, 'Lagos de Moreno', 'MEX', 'Lagos de Moreno', 586, 130000, 2594),
(2595, 'Piedras Negras', 'MEX', 'Piedras Negras', 286, 130000, 2595),
(2596, 'Altamira', 'MEX', 'Altamira', 1243, 130000, 2596),
(2597, 'Túxpam', 'MEX', 'Túxpam', 1348, 130000, 2597),
(2598, 'San Pedro Garza García', 'MEX', 'San Pedro Garza García', 935, 130000, 2598),
(2599, 'Cuauhtémoc', 'MEX', 'Cuauhtémoc', 322, 130000, 2599),
(2600, 'Manzanillo', 'MEX', 'Manzanillo', 290, 130000, 2600),
(2601, 'Iguala de la Independencia', 'MEX', 'Iguala de la Independencia', 481, 130000, 2601),
(2602, 'Zacatecas', 'MEX', 'Zacatecas', 1413, 130000, 2602),
(2603, 'Tlajomulco de Zúñiga', 'MEX', 'Tlajomulco de Zúñiga', 586, 130000, 2603),
(2604, 'Tulancingo de Bravo', 'MEX', 'Tulancingo de Bravo', 524, 130000, 2604),
(2605, 'Zinacantepec', 'MEX', 'Zinacantepec', 820, 130000, 2605),
(2606, 'San Martín Texmelucan', 'MEX', 'San Martín Texmelucan', 1025, 130000, 2606),
(2607, 'Tepatitlán de Morelos', 'MEX', 'Tepatitlán de Morelos', 586, 130000, 2607),
(2608, 'Martínez de la Torre', 'MEX', 'Martínez de la Torre', 1348, 130000, 2608),
(2609, 'Orizaba', 'MEX', 'Orizaba', 1348, 130000, 2609),
(2610, 'Apatzingán', 'MEX', 'Apatzingán', 823, 130000, 2610),
(2611, 'Atlixco', 'MEX', 'Atlixco', 1025, 130000, 2611),
(2612, 'Delicias', 'MEX', 'Delicias', 322, 130000, 2612),
(2613, 'Ixtlahuaca', 'MEX', 'Ixtlahuaca', 820, 130000, 2613),
(2614, 'El Mante', 'MEX', 'El Mante', 1243, 130000, 2614),
(2615, 'Lerdo', 'MEX', 'Lerdo', 381, 130000, 2615),
(2616, 'Almoloya de Juárez', 'MEX', 'Almoloya de Juárez', 820, 130000, 2616),
(2617, 'Acámbaro', 'MEX', 'Acámbaro', 472, 130000, 2617),
(2618, 'Acuña', 'MEX', 'Acuña', 286, 130000, 2618),
(2619, 'Guadalupe', 'MEX', 'Guadalupe', 1413, 130000, 2619),
(2620, 'Huejutla de Reyes', 'MEX', 'Huejutla de Reyes', 524, 130000, 2620),
(2621, 'Hidalgo', 'MEX', 'Hidalgo', 823, 130000, 2621),
(2622, 'Los Cabos', 'MEX', 'Los Cabos', 141, 130000, 2622),
(2623, 'Comitán de Domínguez', 'MEX', 'Comitán de Domínguez', 319, 130000, 2623),
(2624, 'Cunduacán', 'MEX', 'Cunduacán', 1226, 130000, 2624),
(2625, 'Río Bravo', 'MEX', 'Río Bravo', 1243, 130000, 2625),
(2626, 'Temapache', 'MEX', 'Temapache', 1348, 130000, 2626),
(2627, 'Chilapa de Alvarez', 'MEX', 'Chilapa de Alvarez', 481, 130000, 2627),
(2628, 'Hidalgo del Parral', 'MEX', 'Hidalgo del Parral', 322, 130000, 2628),
(2629, 'San Francisco del Rincón', 'MEX', 'San Francisco del Rincón', 472, 130000, 2629),
(2630, 'Taxco de Alarcón', 'MEX', 'Taxco de Alarcón', 481, 130000, 2630),
(2631, 'Zumpango', 'MEX', 'Zumpango', 820, 130000, 2631),
(2632, 'San Pedro Cholula', 'MEX', 'San Pedro Cholula', 1025, 130000, 2632),
(2633, 'Lerma', 'MEX', 'Lerma', 820, 130000, 2633),
(2634, 'Tecomán', 'MEX', 'Tecomán', 290, 130000, 2634),
(2635, 'Las Margaritas', 'MEX', 'Las Margaritas', 319, 130000, 2635),
(2636, 'Cosoleacaque', 'MEX', 'Cosoleacaque', 1348, 130000, 2636),
(2637, 'San Luis de la Paz', 'MEX', 'San Luis de la Paz', 472, 130000, 2637);
INSERT INTO `cities` (`CiuCodigo`, `CiuNombre`, `CodPais`, `Distrito`, `CodDistrito`, `flete`, `id`) VALUES
(2638, 'José Azueta', 'MEX', 'José Azueta', 481, 130000, 2638),
(2639, 'Santiago Ixcuintla', 'MEX', 'Santiago Ixcuintla', 883, 130000, 2639),
(2640, 'San Felipe', 'MEX', 'San Felipe', 472, 130000, 2640),
(2641, 'Tejupilco', 'MEX', 'Tejupilco', 820, 130000, 2641),
(2642, 'Tantoyuca', 'MEX', 'Tantoyuca', 1348, 130000, 2642),
(2643, 'Salvatierra', 'MEX', 'Salvatierra', 472, 130000, 2643),
(2644, 'Tultepec', 'MEX', 'Tultepec', 820, 130000, 2644),
(2645, 'Temixco', 'MEX', 'Temixco', 850, 130000, 2645),
(2646, 'Matamoros', 'MEX', 'Matamoros', 286, 130000, 2646),
(2647, 'Pánuco', 'MEX', 'Pánuco', 1348, 130000, 2647),
(2648, 'El Fuerte', 'MEX', 'El Fuerte', 1166, 130000, 2648),
(2649, 'Tierra Blanca', 'MEX', 'Tierra Blanca', 1348, 130000, 2649),
(2650, 'Weno', 'FSM', 'Weno', 336, 130000, 2650),
(2651, 'Palikir', 'FSM', 'Palikir', 1011, 130000, 2651),
(2652, 'Chisinau', 'MDA', 'Chisinau', 325, 130000, 2652),
(2653, 'Tiraspol', 'MDA', 'Tiraspol', 368, 130000, 2653),
(2654, 'Balti', 'MDA', 'Balti', 147, 130000, 2654),
(2655, 'Bender (Tîghina)', 'MDA', 'Bender (Tîghina)', 176, 130000, 2655),
(2656, 'Monte-Carlo', 'MCO', 'Monte-Carlo', 845, 130000, 2656),
(2657, 'Monaco-Ville', 'MCO', 'Monaco-Ville', 842, 130000, 2657),
(2658, 'Ulan Bator', 'MNG', 'Ulan Bator', 1324, 130000, 2658),
(2659, 'Plymouth', 'MSR', 'Plymouth', 1006, 130000, 2659),
(2660, 'Maputo', 'MOZ', 'Maputo', 786, 130000, 2660),
(2661, 'Matola', 'MOZ', 'Matola', 786, 130000, 2661),
(2662, 'Beira', 'MOZ', 'Beira', 1179, 130000, 2662),
(2663, 'Nampula', 'MOZ', 'Nampula', 874, 130000, 2663),
(2664, 'Chimoio', 'MOZ', 'Chimoio', 781, 130000, 2664),
(2665, 'Naçala-Porto', 'MOZ', 'Naçala-Porto', 874, 130000, 2665),
(2666, 'Quelimane', 'MOZ', 'Quelimane', 1415, 130000, 2666),
(2667, 'Mocuba', 'MOZ', 'Mocuba', 1415, 130000, 2667),
(2668, 'Tete', 'MOZ', 'Tete', 1266, 130000, 2668),
(2669, 'Xai-Xai', 'MOZ', 'Xai-Xai', 445, 130000, 2669),
(2670, 'Gurue', 'MOZ', 'Gurue', 1415, 130000, 2670),
(2671, 'Maxixe', 'MOZ', 'Maxixe', 568, 130000, 2671),
(2672, 'Rangoon (Yangon)', 'MMR', 'Rangoon (Yangon)', 1062, 130000, 2672),
(2673, 'Mandalay', 'MMR', 'Mandalay', 779, 130000, 2673),
(2674, 'Moulmein (Mawlamyine)', 'MMR', 'Moulmein (Mawlamyine)', 841, 130000, 2674),
(2675, 'Pegu (Bago)', 'MMR', 'Pegu (Bago)', 985, 130000, 2675),
(2676, 'Bassein (Pathein)', 'MMR', 'Bassein (Pathein)', 575, 130000, 2676),
(2677, 'Monywa', 'MMR', 'Monywa', 1088, 130000, 2677),
(2678, 'Sittwe (Akyab)', 'MMR', 'Sittwe (Akyab)', 1061, 130000, 2678),
(2679, 'Taunggyi (Taunggye)', 'MMR', 'Taunggyi (Taunggye)', 1151, 130000, 2679),
(2680, 'Meikhtila', 'MMR', 'Meikhtila', 779, 130000, 2680),
(2681, 'Mergui (Myeik)', 'MMR', 'Mergui (Myeik)', 1262, 130000, 2681),
(2682, 'Lashio (Lasho)', 'MMR', 'Lashio (Lasho)', 1151, 130000, 2682),
(2683, 'Prome (Pyay)', 'MMR', 'Prome (Pyay)', 985, 130000, 2683),
(2684, 'Henzada (Hinthada)', 'MMR', 'Henzada (Hinthada)', 575, 130000, 2684),
(2685, 'Myingyan', 'MMR', 'Myingyan', 779, 130000, 2685),
(2686, 'Tavoy (Dawei)', 'MMR', 'Tavoy (Dawei)', 1262, 130000, 2686),
(2687, 'Pagakku (Pakokku)', 'MMR', 'Pagakku (Pakokku)', 769, 130000, 2687),
(2688, 'Windhoek', 'NAM', 'Windhoek', 656, 130000, 2688),
(2689, 'Yangor', 'NRU', 'Yangor', 1404, 130000, 2689),
(2690, 'Yaren', 'NRU', 'Yaren', 1406, 130000, 2690),
(2691, 'Kathmandu', 'NPL', 'Kathmandu', 264, 130000, 2691),
(2692, 'Biratnagar', 'NPL', 'Biratnagar', 389, 130000, 2692),
(2693, 'Pokhara', 'NPL', 'Pokhara', 1385, 130000, 2693),
(2694, 'Lalitapur', 'NPL', 'Lalitapur', 264, 130000, 2694),
(2695, 'Birgunj', 'NPL', 'Birgunj', 264, 130000, 2695),
(2696, 'Managua', 'NIC', 'Managua', 778, 130000, 2696),
(2697, 'León', 'NIC', 'León', 727, 130000, 2697),
(2698, 'Chinandega', 'NIC', 'Chinandega', 324, 130000, 2698),
(2699, 'Masaya', 'NIC', 'Masaya', 798, 130000, 2699),
(2700, 'Niamey', 'NER', 'Niamey', 898, 130000, 2700),
(2701, 'Zinder', 'NER', 'Zinder', 1422, 130000, 2701),
(2702, 'Maradi', 'NER', 'Maradi', 787, 130000, 2702),
(2703, 'Lagos', 'NGA', 'Lagos', 715, 130000, 2703),
(2704, 'Ibadan', 'NGA', 'Ibadan', 974, 130000, 2704),
(2705, 'Ogbomosho', 'NGA', 'Ogbomosho', 974, 130000, 2705),
(2706, 'Kano', 'NGA', 'Kano', 625, 130000, 2706),
(2707, 'Oshogbo', 'NGA', 'Oshogbo', 974, 130000, 2707),
(2708, 'Ilorin', 'NGA', 'Ilorin', 700, 130000, 2708),
(2709, 'Abeokuta', 'NGA', 'Abeokuta', 942, 130000, 2709),
(2710, 'Port Harcourt', 'NGA', 'Port Harcourt', 1076, 130000, 2710),
(2711, 'Zaria', 'NGA', 'Zaria', 606, 130000, 2711),
(2712, 'Ilesha', 'NGA', 'Ilesha', 974, 130000, 2712),
(2713, 'Onitsha', 'NGA', 'Onitsha', 71, 130000, 2713),
(2714, 'Iwo', 'NGA', 'Iwo', 974, 130000, 2714),
(2715, 'Ado-Ekiti', 'NGA', 'Ado-Ekiti', 949, 130000, 2715),
(2716, 'Abuja', 'NGA', 'Abuja', 417, 130000, 2716),
(2717, 'Kaduna', 'NGA', 'Kaduna', 606, 130000, 2717),
(2718, 'Mushin', 'NGA', 'Mushin', 715, 130000, 2718),
(2719, 'Maiduguri', 'NGA', 'Maiduguri', 200, 130000, 2719),
(2720, 'Enugu', 'NGA', 'Enugu', 71, 130000, 2720),
(2721, 'Ede', 'NGA', 'Ede', 974, 130000, 2721),
(2722, 'Aba', 'NGA', 'Aba', 565, 130000, 2722),
(2723, 'Ife', 'NGA', 'Ife', 974, 130000, 2723),
(2724, 'Ila', 'NGA', 'Ila', 974, 130000, 2724),
(2725, 'Oyo', 'NGA', 'Oyo', 974, 130000, 2725),
(2726, 'Ikerre', 'NGA', 'Ikerre', 949, 130000, 2726),
(2727, 'Benin City', 'NGA', 'Benin City', 394, 130000, 2727),
(2728, 'Iseyin', 'NGA', 'Iseyin', 974, 130000, 2728),
(2729, 'Katsina', 'NGA', 'Katsina', 642, 130000, 2729),
(2730, 'Jos', 'NGA', 'Jos', 1004, 130000, 2730),
(2731, 'Sokoto', 'NGA', 'Sokoto', 1180, 130000, 2731),
(2732, 'Ilobu', 'NGA', 'Ilobu', 974, 130000, 2732),
(2733, 'Offa', 'NGA', 'Offa', 700, 130000, 2733),
(2734, 'Ikorodu', 'NGA', 'Ikorodu', 715, 130000, 2734),
(2735, 'Ilawe-Ekiti', 'NGA', 'Ilawe-Ekiti', 949, 130000, 2735),
(2736, 'Owo', 'NGA', 'Owo', 949, 130000, 2736),
(2737, 'Ikirun', 'NGA', 'Ikirun', 974, 130000, 2737),
(2738, 'Shaki', 'NGA', 'Shaki', 974, 130000, 2738),
(2739, 'Calabar', 'NGA', 'Calabar', 303, 130000, 2739),
(2740, 'Ondo', 'NGA', 'Ondo', 949, 130000, 2740),
(2741, 'Akure', 'NGA', 'Akure', 949, 130000, 2741),
(2742, 'Gusau', 'NGA', 'Gusau', 1180, 130000, 2742),
(2743, 'Ijebu-Ode', 'NGA', 'Ijebu-Ode', 942, 130000, 2743),
(2744, 'Effon-Alaiye', 'NGA', 'Effon-Alaiye', 974, 130000, 2744),
(2745, 'Kumo', 'NGA', 'Kumo', 169, 130000, 2745),
(2746, 'Shomolu', 'NGA', 'Shomolu', 715, 130000, 2746),
(2747, 'Oka-Akoko', 'NGA', 'Oka-Akoko', 949, 130000, 2747),
(2748, 'Ikare', 'NGA', 'Ikare', 949, 130000, 2748),
(2749, 'Sapele', 'NGA', 'Sapele', 394, 130000, 2749),
(2750, 'Deba Habe', 'NGA', 'Deba Habe', 169, 130000, 2750),
(2751, 'Minna', 'NGA', 'Minna', 901, 130000, 2751),
(2752, 'Warri', 'NGA', 'Warri', 394, 130000, 2752),
(2753, 'Bida', 'NGA', 'Bida', 901, 130000, 2753),
(2754, 'Ikire', 'NGA', 'Ikire', 974, 130000, 2754),
(2755, 'Makurdi', 'NGA', 'Makurdi', 180, 130000, 2755),
(2756, 'Lafia', 'NGA', 'Lafia', 1004, 130000, 2756),
(2757, 'Inisa', 'NGA', 'Inisa', 974, 130000, 2757),
(2758, 'Shagamu', 'NGA', 'Shagamu', 942, 130000, 2758),
(2759, 'Awka', 'NGA', 'Awka', 71, 130000, 2759),
(2760, 'Gombe', 'NGA', 'Gombe', 169, 130000, 2760),
(2761, 'Igboho', 'NGA', 'Igboho', 974, 130000, 2761),
(2762, 'Ejigbo', 'NGA', 'Ejigbo', 974, 130000, 2762),
(2763, 'Agege', 'NGA', 'Agege', 715, 130000, 2763),
(2764, 'Ise-Ekiti', 'NGA', 'Ise-Ekiti', 949, 130000, 2764),
(2765, 'Ugep', 'NGA', 'Ugep', 303, 130000, 2765),
(2766, 'Epe', 'NGA', 'Epe', 715, 130000, 2766),
(2767, 'Alofi', 'NIU', 'Alofi', 60, 130000, 2767),
(2768, 'Kingston', 'NFK', 'Kingston', 667, 130000, 2768),
(2769, 'Oslo', 'NOR', 'Oslo', 966, 130000, 2769),
(2770, 'Bergen', 'NOR', 'Bergen', 538, 130000, 2770),
(2771, 'Trondheim', 'NOR', 'Trondheim', 1194, 130000, 2771),
(2772, 'Stavanger', 'NOR', 'Stavanger', 1080, 130000, 2772),
(2773, 'Bærum', 'NOR', 'Bærum', 20, 130000, 2773),
(2774, 'Abidjan', 'CIV', 'Abidjan', 2, 130000, 2774),
(2775, 'Bouaké', 'CIV', 'Bouaké', 203, 130000, 2775),
(2776, 'Yamoussoukro', 'CIV', 'Yamoussoukro', 1402, 130000, 2776),
(2777, 'Daloa', 'CIV', 'Daloa', 340, 130000, 2777),
(2778, 'Korhogo', 'CIV', 'Korhogo', 681, 130000, 2778),
(2779, 'al-Sib', 'OMN', 'al-Sib', 800, 130000, 2779),
(2780, 'Salala', 'OMN', 'Salala', 1424, 130000, 2780),
(2781, 'Bawshar', 'OMN', 'Bawshar', 800, 130000, 2781),
(2782, 'Suhar', 'OMN', 'Suhar', 27, 130000, 2782),
(2783, 'Masqat', 'OMN', 'Masqat', 800, 130000, 2783),
(2784, 'Karachi', 'PAK', 'Karachi', 1168, 130000, 2784),
(2785, 'Lahore', 'PAK', 'Lahore', 1029, 130000, 2785),
(2786, 'Faisalabad', 'PAK', 'Faisalabad', 1029, 130000, 2786),
(2787, 'Rawalpindi', 'PAK', 'Rawalpindi', 1029, 130000, 2787),
(2788, 'Multan', 'PAK', 'Multan', 1029, 130000, 2788),
(2789, 'Hyderabad', 'PAK', 'Hyderabad', 1168, 130000, 2789),
(2790, 'Gujranwala', 'PAK', 'Gujranwala', 1029, 130000, 2790),
(2791, 'Peshawar', 'PAK', 'Peshawar', 929, 130000, 2791),
(2792, 'Quetta', 'PAK', 'Quetta', 148, 130000, 2792),
(2793, 'Islamabad', 'PAK', 'Islamabad', 577, 130000, 2793),
(2794, 'Sargodha', 'PAK', 'Sargodha', 1029, 130000, 2794),
(2795, 'Sialkot', 'PAK', 'Sialkot', 1029, 130000, 2795),
(2796, 'Bahawalpur', 'PAK', 'Bahawalpur', 1029, 130000, 2796),
(2797, 'Sukkur', 'PAK', 'Sukkur', 1168, 130000, 2797),
(2798, 'Jhang', 'PAK', 'Jhang', 1029, 130000, 2798),
(2799, 'Sheikhupura', 'PAK', 'Sheikhupura', 1029, 130000, 2799),
(2800, 'Larkana', 'PAK', 'Larkana', 1168, 130000, 2800),
(2801, 'Gujrat', 'PAK', 'Gujrat', 1029, 130000, 2801),
(2802, 'Mardan', 'PAK', 'Mardan', 929, 130000, 2802),
(2803, 'Kasur', 'PAK', 'Kasur', 1029, 130000, 2803),
(2804, 'Rahim Yar Khan', 'PAK', 'Rahim Yar Khan', 1029, 130000, 2804),
(2805, 'Sahiwal', 'PAK', 'Sahiwal', 1029, 130000, 2805),
(2806, 'Okara', 'PAK', 'Okara', 1029, 130000, 2806),
(2807, 'Wah', 'PAK', 'Wah', 1029, 130000, 2807),
(2808, 'Dera Ghazi Khan', 'PAK', 'Dera Ghazi Khan', 1029, 130000, 2808),
(2809, 'Mirpur Khas', 'PAK', 'Mirpur Khas', 1167, 130000, 2809),
(2810, 'Nawabshah', 'PAK', 'Nawabshah', 1167, 130000, 2810),
(2811, 'Mingora', 'PAK', 'Mingora', 929, 130000, 2811),
(2812, 'Chiniot', 'PAK', 'Chiniot', 1029, 130000, 2812),
(2813, 'Kamoke', 'PAK', 'Kamoke', 1029, 130000, 2813),
(2814, 'Mandi Burewala', 'PAK', 'Mandi Burewala', 1029, 130000, 2814),
(2815, 'Jhelum', 'PAK', 'Jhelum', 1029, 130000, 2815),
(2816, 'Sadiqabad', 'PAK', 'Sadiqabad', 1029, 130000, 2816),
(2817, 'Jacobabad', 'PAK', 'Jacobabad', 1167, 130000, 2817),
(2818, 'Shikarpur', 'PAK', 'Shikarpur', 1167, 130000, 2818),
(2819, 'Khanewal', 'PAK', 'Khanewal', 1029, 130000, 2819),
(2820, 'Hafizabad', 'PAK', 'Hafizabad', 1029, 130000, 2820),
(2821, 'Kohat', 'PAK', 'Kohat', 929, 130000, 2821),
(2822, 'Muzaffargarh', 'PAK', 'Muzaffargarh', 1029, 130000, 2822),
(2823, 'Khanpur', 'PAK', 'Khanpur', 1029, 130000, 2823),
(2824, 'Gojra', 'PAK', 'Gojra', 1029, 130000, 2824),
(2825, 'Bahawalnagar', 'PAK', 'Bahawalnagar', 1029, 130000, 2825),
(2826, 'Muridke', 'PAK', 'Muridke', 1029, 130000, 2826),
(2827, 'Pak Pattan', 'PAK', 'Pak Pattan', 1029, 130000, 2827),
(2828, 'Abottabad', 'PAK', 'Abottabad', 929, 130000, 2828),
(2829, 'Tando Adam', 'PAK', 'Tando Adam', 1167, 130000, 2829),
(2830, 'Jaranwala', 'PAK', 'Jaranwala', 1029, 130000, 2830),
(2831, 'Khairpur', 'PAK', 'Khairpur', 1167, 130000, 2831),
(2832, 'Chishtian Mandi', 'PAK', 'Chishtian Mandi', 1029, 130000, 2832),
(2833, 'Daska', 'PAK', 'Daska', 1029, 130000, 2833),
(2834, 'Dadu', 'PAK', 'Dadu', 1167, 130000, 2834),
(2835, 'Mandi Bahauddin', 'PAK', 'Mandi Bahauddin', 1029, 130000, 2835),
(2836, 'Ahmadpur East', 'PAK', 'Ahmadpur East', 1029, 130000, 2836),
(2837, 'Kamalia', 'PAK', 'Kamalia', 1029, 130000, 2837),
(2838, 'Khuzdar', 'PAK', 'Khuzdar', 148, 130000, 2838),
(2839, 'Vihari', 'PAK', 'Vihari', 1029, 130000, 2839),
(2840, 'Dera Ismail Khan', 'PAK', 'Dera Ismail Khan', 929, 130000, 2840),
(2841, 'Wazirabad', 'PAK', 'Wazirabad', 1029, 130000, 2841),
(2842, 'Nowshera', 'PAK', 'Nowshera', 929, 130000, 2842),
(2843, 'Koror', 'PLW', 'Koror', 682, 130000, 2843),
(2844, 'Ciudad de Panamá', 'PAN', 'Ciudad de Panamá', 977, 130000, 2844),
(2845, 'San Miguelito', 'PAN', 'San Miguelito', 1112, 130000, 2845),
(2846, 'Port Moresby', 'PNG', 'Port Moresby', 879, 130000, 2846),
(2847, 'Asunción', 'PRY', 'Asunción', 116, 130000, 2847),
(2848, 'Ciudad del Este', 'PRY', 'Ciudad del Este', 63, 130000, 2848),
(2849, 'San Lorenzo', 'PRY', 'San Lorenzo', 264, 130000, 2849),
(2850, 'Lambaré', 'PRY', 'Lambaré', 264, 130000, 2850),
(2851, 'Fernando de la Mora', 'PRY', 'Fernando de la Mora', 264, 130000, 2851),
(2852, 'Lima', 'PER', 'Lima', 733, 130000, 2852),
(2853, 'Arequipa', 'PER', 'Arequipa', 100, 130000, 2853),
(2854, 'Trujillo', 'PER', 'Trujillo', 709, 130000, 2854),
(2855, 'Chiclayo', 'PER', 'Chiclayo', 717, 130000, 2855),
(2856, 'Callao', 'PER', 'Callao', 238, 130000, 2856),
(2857, 'Iquitos', 'PER', 'Iquitos', 746, 130000, 2857),
(2858, 'Chimbote', 'PER', 'Chimbote', 72, 130000, 2858),
(2859, 'Huancayo', 'PER', 'Huancayo', 602, 130000, 2859),
(2860, 'Piura', 'PER', 'Piura', 1002, 130000, 2860),
(2861, 'Cusco', 'PER', 'Cusco', 307, 130000, 2861),
(2862, 'Pucallpa', 'PER', 'Pucallpa', 1321, 130000, 2862),
(2863, 'Tacna', 'PER', 'Tacna', 1229, 130000, 2863),
(2864, 'Ica', 'PER', 'Ica', 554, 130000, 2864),
(2865, 'Sullana', 'PER', 'Sullana', 1002, 130000, 2865),
(2866, 'Juliaca', 'PER', 'Juliaca', 1031, 130000, 2866),
(2867, 'Huánuco', 'PER', 'Huánuco', 544, 130000, 2867),
(2868, 'Ayacucho', 'PER', 'Ayacucho', 127, 130000, 2868),
(2869, 'Chincha Alta', 'PER', 'Chincha Alta', 554, 130000, 2869),
(2870, 'Cajamarca', 'PER', 'Cajamarca', 234, 130000, 2870),
(2871, 'Puno', 'PER', 'Puno', 1031, 130000, 2871),
(2872, 'Ventanilla', 'PER', 'Ventanilla', 238, 130000, 2872),
(2873, 'Castilla', 'PER', 'Castilla', 1002, 130000, 2873),
(2874, 'Adamstown', 'PCN', 'Adamstown', 7, 130000, 2874),
(2875, 'Garapan', 'MNP', 'Garapan', 1096, 130000, 2875),
(2876, 'Lisboa', 'PRT', 'Lisboa', 738, 130000, 2876),
(2877, 'Porto', 'PRT', 'Porto', 1018, 130000, 2877),
(2878, 'Amadora', 'PRT', 'Amadora', 738, 130000, 2878),
(2879, 'Coímbra', 'PRT', 'Coímbra', 289, 130000, 2879),
(2880, 'Braga', 'PRT', 'Braga', 207, 130000, 2880),
(2881, 'San Juan', 'PRI', 'San Juan', 1106, 130000, 2881),
(2882, 'Bayamón', 'PRI', 'Bayamón', 170, 130000, 2882),
(2883, 'Ponce', 'PRI', 'Ponce', 1013, 130000, 2883),
(2884, 'Carolina', 'PRI', 'Carolina', 253, 130000, 2884),
(2885, 'Caguas', 'PRI', 'Caguas', 233, 130000, 2885),
(2886, 'Arecibo', 'PRI', 'Arecibo', 99, 130000, 2886),
(2887, 'Guaynabo', 'PRI', 'Guaynabo', 480, 130000, 2887),
(2888, 'Mayagüez', 'PRI', 'Mayagüez', 806, 130000, 2888),
(2889, 'Toa Baja', 'PRI', 'Toa Baja', 1284, 130000, 2889),
(2890, 'Warszawa', 'POL', 'Warszawa', 809, 130000, 2890),
(2891, 'Lódz', 'POL', 'Lódz', 741, 130000, 2891),
(2892, 'Kraków', 'POL', 'Kraków', 775, 130000, 2892),
(2893, 'Wroclaw', 'POL', 'Wroclaw', 372, 130000, 2893),
(2894, 'Poznan', 'POL', 'Poznan', 1392, 130000, 2894),
(2895, 'Gdansk', 'POL', 'Gdansk', 1012, 130000, 2895),
(2896, 'Szczecin', 'POL', 'Szczecin', 1414, 130000, 2896),
(2897, 'Bydgoszcz', 'POL', 'Bydgoszcz', 692, 130000, 2897),
(2898, 'Lublin', 'POL', 'Lublin', 754, 130000, 2898),
(2899, 'Katowice', 'POL', 'Katowice', 1177, 130000, 2899),
(2900, 'Bialystok', 'POL', 'Bialystok', 1008, 130000, 2900),
(2901, 'Czestochowa', 'POL', 'Czestochowa', 1177, 130000, 2901),
(2902, 'Gdynia', 'POL', 'Gdynia', 1012, 130000, 2902),
(2903, 'Sosnowiec', 'POL', 'Sosnowiec', 1177, 130000, 2903),
(2904, 'Radom', 'POL', 'Radom', 809, 130000, 2904),
(2905, 'Kielce', 'POL', 'Kielce', 1223, 130000, 2905),
(2906, 'Gliwice', 'POL', 'Gliwice', 1177, 130000, 2906),
(2907, 'Torun', 'POL', 'Torun', 692, 130000, 2907),
(2908, 'Bytom', 'POL', 'Bytom', 1177, 130000, 2908),
(2909, 'Zabrze', 'POL', 'Zabrze', 1177, 130000, 2909),
(2910, 'Bielsko-Biala', 'POL', 'Bielsko-Biala', 1177, 130000, 2910),
(2911, 'Olsztyn', 'POL', 'Olsztyn', 1370, 130000, 2911),
(2912, 'Rzeszów', 'POL', 'Rzeszów', 1007, 130000, 2912),
(2913, 'Ruda Slaska', 'POL', 'Ruda Slaska', 1177, 130000, 2913),
(2914, 'Rybnik', 'POL', 'Rybnik', 1177, 130000, 2914),
(2915, 'Walbrzych', 'POL', 'Walbrzych', 372, 130000, 2915),
(2916, 'Tychy', 'POL', 'Tychy', 1177, 130000, 2916),
(2917, 'Dabrowa Górnicza', 'POL', 'Dabrowa Górnicza', 1177, 130000, 2917),
(2918, 'Plock', 'POL', 'Plock', 809, 130000, 2918),
(2919, 'Elblag', 'POL', 'Elblag', 1370, 130000, 2919),
(2920, 'Opole', 'POL', 'Opole', 951, 130000, 2920),
(2921, 'Gorzów Wielkopolski', 'POL', 'Gorzów Wielkopolski', 755, 130000, 2921),
(2922, 'Wloclawek', 'POL', 'Wloclawek', 692, 130000, 2922),
(2923, 'Chorzów', 'POL', 'Chorzów', 1177, 130000, 2923),
(2924, 'Tarnów', 'POL', 'Tarnów', 775, 130000, 2924),
(2925, 'Zielona Góra', 'POL', 'Zielona Góra', 755, 130000, 2925),
(2926, 'Koszalin', 'POL', 'Koszalin', 1414, 130000, 2926),
(2927, 'Legnica', 'POL', 'Legnica', 372, 130000, 2927),
(2928, 'Kalisz', 'POL', 'Kalisz', 1392, 130000, 2928),
(2929, 'Grudziadz', 'POL', 'Grudziadz', 692, 130000, 2929),
(2930, 'Slupsk', 'POL', 'Slupsk', 1012, 130000, 2930),
(2931, 'Jastrzebie-Zdrój', 'POL', 'Jastrzebie-Zdrój', 1177, 130000, 2931),
(2932, 'Jaworzno', 'POL', 'Jaworzno', 1177, 130000, 2932),
(2933, 'Jelenia Góra', 'POL', 'Jelenia Góra', 372, 130000, 2933),
(2934, 'Malabo', 'GNQ', 'Malabo', 189, 130000, 2934),
(2935, 'Doha', 'QAT', 'Doha', 370, 130000, 2935),
(2936, 'Paris', 'FRA', 'Paris', 560, 130000, 2936),
(2937, 'Marseille', 'FRA', 'Marseille', 1024, 130000, 2937),
(2938, 'Lyon', 'FRA', 'Lyon', 1067, 130000, 2938),
(2939, 'Toulouse', 'FRA', 'Toulouse', 824, 130000, 2939),
(2940, 'Nice', 'FRA', 'Nice', 1024, 130000, 2940),
(2941, 'Nantes', 'FRA', 'Nantes', 984, 130000, 2941),
(2942, 'Strasbourg', 'FRA', 'Strasbourg', 61, 130000, 2942),
(2943, 'Montpellier', 'FRA', 'Montpellier', 719, 130000, 2943),
(2944, 'Bordeaux', 'FRA', 'Bordeaux', 92, 130000, 2944),
(2945, 'Rennes', 'FRA', 'Rennes', 512, 130000, 2945),
(2946, 'Le Havre', 'FRA', 'Le Havre', 311, 130000, 2946),
(2947, 'Reims', 'FRA', 'Reims', 913, 130000, 2947),
(2948, 'Lille', 'FRA', 'Lille', 1067, 130000, 2948),
(2949, 'St-Étienne', 'FRA', 'St-Étienne', 215, 130000, 2949),
(2950, 'Toulon', 'FRA', 'Toulon', 1024, 130000, 2950),
(2951, 'Grenoble', 'FRA', 'Grenoble', 1067, 130000, 2951),
(2952, 'Angers', 'FRA', 'Angers', 984, 130000, 2952),
(2953, 'Dijon', 'FRA', 'Dijon', 205, 130000, 2953),
(2954, 'Brest', 'FRA', 'Brest', 215, 130000, 2954),
(2955, 'Le Mans', 'FRA', 'Le Mans', 984, 130000, 2955),
(2956, 'Clermont-Ferrand', 'FRA', 'Clermont-Ferrand', 126, 130000, 2956),
(2957, 'Amiens', 'FRA', 'Amiens', 994, 130000, 2957),
(2958, 'Aix-en-Provence', 'FRA', 'Aix-en-Provence', 1024, 130000, 2958),
(2959, 'Limoges', 'FRA', 'Limoges', 736, 130000, 2959),
(2960, 'Nîmes', 'FRA', 'Nîmes', 719, 130000, 2960),
(2961, 'Tours', 'FRA', 'Tours', 277, 130000, 2961),
(2962, 'Villeurbanne', 'FRA', 'Villeurbanne', 1067, 130000, 2962),
(2963, 'Metz', 'FRA', 'Metz', 748, 130000, 2963),
(2964, 'Besançon', 'FRA', 'Besançon', 427, 130000, 2964),
(2965, 'Caen', 'FRA', 'Caen', 164, 130000, 2965),
(2966, 'Orléans', 'FRA', 'Orléans', 277, 130000, 2966),
(2967, 'Mulhouse', 'FRA', 'Mulhouse', 61, 130000, 2967),
(2968, 'Rouen', 'FRA', 'Rouen', 512, 130000, 2968),
(2969, 'Boulogne-Billancourt', 'FRA', 'Boulogne-Billancourt', 560, 130000, 2969),
(2970, 'Perpignan', 'FRA', 'Perpignan', 719, 130000, 2970),
(2971, 'Nancy', 'FRA', 'Nancy', 748, 130000, 2971),
(2972, 'Roubaix', 'FRA', 'Roubaix', 913, 130000, 2972),
(2973, 'Argenteuil', 'FRA', 'Argenteuil', 560, 130000, 2973),
(2974, 'Tourcoing', 'FRA', 'Tourcoing', 913, 130000, 2974),
(2975, 'Montreuil', 'FRA', 'Montreuil', 560, 130000, 2975),
(2976, 'Cayenne', 'GUF', 'Cayenne', 261, 130000, 2976),
(2977, 'Faaa', 'PYF', 'Faaa', 1234, 130000, 2977),
(2978, 'Papeete', 'PYF', 'Papeete', 1234, 130000, 2978),
(2979, 'Saint-Denis', 'REU', 'Saint-Denis', 1093, 130000, 2979),
(2980, 'Bucuresti', 'ROM', 'Bucuresti', 224, 130000, 2980),
(2981, 'Iasi', 'ROM', 'Iasi', 551, 130000, 2981),
(2982, 'Constanta', 'ROM', 'Constanta', 294, 130000, 2982),
(2983, 'Cluj-Napoca', 'ROM', 'Cluj-Napoca', 285, 130000, 2983),
(2984, 'Galati', 'ROM', 'Galati', 439, 130000, 2984),
(2985, 'Timisoara', 'ROM', 'Timisoara', 1279, 130000, 2985),
(2986, 'Brasov', 'ROM', 'Brasov', 210, 130000, 2986),
(2987, 'Craiova', 'ROM', 'Craiova', 371, 130000, 2987),
(2988, 'Ploiesti', 'ROM', 'Ploiesti', 1021, 130000, 2988),
(2989, 'Braila', 'ROM', 'Braila', 208, 130000, 2989),
(2990, 'Oradea', 'ROM', 'Oradea', 185, 130000, 2990),
(2991, 'Bacau', 'ROM', 'Bacau', 133, 130000, 2991),
(2992, 'Pitesti', 'ROM', 'Pitesti', 101, 130000, 2992),
(2993, 'Arad', 'ROM', 'Arad', 93, 130000, 2993),
(2994, 'Sibiu', 'ROM', 'Sibiu', 1161, 130000, 2994),
(2995, 'Târgu Mures', 'ROM', 'Târgu Mures', 858, 130000, 2995),
(2996, 'Baia Mare', 'ROM', 'Baia Mare', 788, 130000, 2996),
(2997, 'Buzau', 'ROM', 'Buzau', 230, 130000, 2997),
(2998, 'Satu Mare', 'ROM', 'Satu Mare', 1133, 130000, 2998),
(2999, 'Botosani', 'ROM', 'Botosani', 202, 130000, 2999),
(3000, 'Piatra Neamt', 'ROM', 'Piatra Neamt', 884, 130000, 3000),
(3001, 'Râmnicu Vâlcea', 'ROM', 'Râmnicu Vâlcea', 1335, 130000, 3001),
(3002, 'Suceava', 'ROM', 'Suceava', 1208, 130000, 3002),
(3003, 'Drobeta-Turnu Severin', 'ROM', 'Drobeta-Turnu Severin', 814, 130000, 3003),
(3004, 'Târgoviste', 'ROM', 'Târgoviste', 343, 130000, 3004),
(3005, 'Focsani', 'ROM', 'Focsani', 1364, 130000, 3005),
(3006, 'Târgu Jiu', 'ROM', 'Târgu Jiu', 461, 130000, 3006),
(3007, 'Tulcea', 'ROM', 'Tulcea', 1314, 130000, 3007),
(3008, 'Resita', 'ROM', 'Resita', 252, 130000, 3008),
(3009, 'Kigali', 'RWA', 'Kigali', 664, 130000, 3009),
(3010, 'Stockholm', 'SWE', 'Stockholm', 738, 130000, 3010),
(3011, 'Gothenburg [Göteborg]', 'SWE', 'Gothenburg [Göteborg]', 1378, 130000, 3011),
(3012, 'Malmö', 'SWE', 'Malmö', 1174, 130000, 3012),
(3013, 'Uppsala', 'SWE', 'Uppsala', 1328, 130000, 3013),
(3014, 'Linköping', 'SWE', 'Linköping', 385, 130000, 3014),
(3015, 'Västerås', 'SWE', 'Västerås', 1344, 130000, 3015),
(3016, 'Örebro', 'SWE', 'Örebro', 955, 130000, 3016),
(3017, 'Norrköping', 'SWE', 'Norrköping', 385, 130000, 3017),
(3018, 'Helsingborg', 'SWE', 'Helsingborg', 1174, 130000, 3018),
(3019, 'Jönköping', 'SWE', 'Jönköping', 599, 130000, 3019),
(3020, 'Umeå', 'SWE', 'Umeå', 1342, 130000, 3020),
(3021, 'Lund', 'SWE', 'Lund', 1174, 130000, 3021),
(3022, 'Borås', 'SWE', 'Borås', 1378, 130000, 3022),
(3023, 'Sundsvall', 'SWE', 'Sundsvall', 1343, 130000, 3023),
(3024, 'Gävle', 'SWE', 'Gävle', 444, 130000, 3024),
(3025, 'Jamestown', 'SHN', 'Jamestown', 1092, 130000, 3025),
(3026, 'Basseterre', 'KNA', 'Basseterre', 1199, 130000, 3026),
(3027, 'Castries', 'LCA', 'Castries', 258, 130000, 3027),
(3028, 'Kingstown', 'VCT', 'Kingstown', 1196, 130000, 3028),
(3029, 'Saint-Pierre', 'SPM', 'Saint-Pierre', 1095, 130000, 3029),
(3030, 'Berlin', 'DEU', 'Berlin', 181, 130000, 3030),
(3031, 'Hamburg', 'DEU', 'Hamburg', 499, 130000, 3031),
(3032, 'Munich [München]', 'DEU', 'Munich [München]', 139, 130000, 3032),
(3033, 'Köln', 'DEU', 'Köln', 915, 130000, 3033),
(3034, 'Frankfurt am Main', 'DEU', 'Frankfurt am Main', 522, 130000, 3034),
(3035, 'Essen', 'DEU', 'Essen', 915, 130000, 3035),
(3036, 'Dortmund', 'DEU', 'Dortmund', 915, 130000, 3036),
(3037, 'Stuttgart', 'DEU', 'Stuttgart', 135, 130000, 3037),
(3038, 'Düsseldorf', 'DEU', 'Düsseldorf', 915, 130000, 3038),
(3039, 'Bremen', 'DEU', 'Bremen', 213, 130000, 3039),
(3040, 'Duisburg', 'DEU', 'Duisburg', 915, 130000, 3040),
(3041, 'Hannover', 'DEU', 'Hannover', 900, 130000, 3041),
(3042, 'Leipzig', 'DEU', 'Leipzig', 1099, 130000, 3042),
(3043, 'Nürnberg', 'DEU', 'Nürnberg', 139, 130000, 3043),
(3044, 'Dresden', 'DEU', 'Dresden', 1099, 130000, 3044),
(3045, 'Bochum', 'DEU', 'Bochum', 915, 130000, 3045),
(3046, 'Wuppertal', 'DEU', 'Wuppertal', 915, 130000, 3046),
(3047, 'Bielefeld', 'DEU', 'Bielefeld', 915, 130000, 3047),
(3048, 'Mannheim', 'DEU', 'Mannheim', 135, 130000, 3048),
(3049, 'Bonn', 'DEU', 'Bonn', 915, 130000, 3049),
(3050, 'Gelsenkirchen', 'DEU', 'Gelsenkirchen', 915, 130000, 3050),
(3051, 'Karlsruhe', 'DEU', 'Karlsruhe', 135, 130000, 3051),
(3052, 'Wiesbaden', 'DEU', 'Wiesbaden', 522, 130000, 3052),
(3053, 'Münster', 'DEU', 'Münster', 915, 130000, 3053),
(3054, 'Mönchengladbach', 'DEU', 'Mönchengladbach', 915, 130000, 3054),
(3055, 'Chemnitz', 'DEU', 'Chemnitz', 1099, 130000, 3055),
(3056, 'Augsburg', 'DEU', 'Augsburg', 139, 130000, 3056),
(3057, 'Halle/Saale', 'DEU', 'Halle/Saale', 77, 130000, 3057),
(3058, 'Braunschweig', 'DEU', 'Braunschweig', 900, 130000, 3058),
(3059, 'Aachen', 'DEU', 'Aachen', 915, 130000, 3059),
(3060, 'Krefeld', 'DEU', 'Krefeld', 915, 130000, 3060),
(3061, 'Magdeburg', 'DEU', 'Magdeburg', 77, 130000, 3061),
(3062, 'Kiel', 'DEU', 'Kiel', 1138, 130000, 3062),
(3063, 'Oberhausen', 'DEU', 'Oberhausen', 915, 130000, 3063),
(3064, 'Lübeck', 'DEU', 'Lübeck', 1138, 130000, 3064),
(3065, 'Hagen', 'DEU', 'Hagen', 915, 130000, 3065),
(3066, 'Rostock', 'DEU', 'Rostock', 811, 130000, 3066),
(3067, 'Freiburg im Breisgau', 'DEU', 'Freiburg im Breisgau', 135, 130000, 3067),
(3068, 'Erfurt', 'DEU', 'Erfurt', 1273, 130000, 3068),
(3069, 'Kassel', 'DEU', 'Kassel', 522, 130000, 3069),
(3070, 'Saarbrücken', 'DEU', 'Saarbrücken', 1085, 130000, 3070),
(3071, 'Mainz', 'DEU', 'Mainz', 1065, 130000, 3071),
(3072, 'Hamm', 'DEU', 'Hamm', 915, 130000, 3072),
(3073, 'Herne', 'DEU', 'Herne', 915, 130000, 3073),
(3074, 'Mülheim an der Ruhr', 'DEU', 'Mülheim an der Ruhr', 915, 130000, 3074),
(3075, 'Solingen', 'DEU', 'Solingen', 915, 130000, 3075),
(3076, 'Osnabrück', 'DEU', 'Osnabrück', 900, 130000, 3076),
(3077, 'Ludwigshafen am Rhein', 'DEU', 'Ludwigshafen am Rhein', 1065, 130000, 3077),
(3078, 'Leverkusen', 'DEU', 'Leverkusen', 915, 130000, 3078),
(3079, 'Oldenburg', 'DEU', 'Oldenburg', 900, 130000, 3079),
(3080, 'Neuss', 'DEU', 'Neuss', 915, 130000, 3080),
(3081, 'Heidelberg', 'DEU', 'Heidelberg', 135, 130000, 3081),
(3082, 'Darmstadt', 'DEU', 'Darmstadt', 522, 130000, 3082),
(3083, 'Paderborn', 'DEU', 'Paderborn', 915, 130000, 3083),
(3084, 'Potsdam', 'DEU', 'Potsdam', 209, 130000, 3084),
(3085, 'Würzburg', 'DEU', 'Würzburg', 139, 130000, 3085),
(3086, 'Regensburg', 'DEU', 'Regensburg', 139, 130000, 3086),
(3087, 'Recklinghausen', 'DEU', 'Recklinghausen', 915, 130000, 3087),
(3088, 'Göttingen', 'DEU', 'Göttingen', 900, 130000, 3088),
(3089, 'Bremerhaven', 'DEU', 'Bremerhaven', 213, 130000, 3089),
(3090, 'Wolfsburg', 'DEU', 'Wolfsburg', 900, 130000, 3090),
(3091, 'Bottrop', 'DEU', 'Bottrop', 915, 130000, 3091),
(3092, 'Remscheid', 'DEU', 'Remscheid', 915, 130000, 3092),
(3093, 'Heilbronn', 'DEU', 'Heilbronn', 135, 130000, 3093),
(3094, 'Pforzheim', 'DEU', 'Pforzheim', 135, 130000, 3094),
(3095, 'Offenbach am Main', 'DEU', 'Offenbach am Main', 522, 130000, 3095),
(3096, 'Ulm', 'DEU', 'Ulm', 135, 130000, 3096),
(3097, 'Ingolstadt', 'DEU', 'Ingolstadt', 139, 130000, 3097),
(3098, 'Gera', 'DEU', 'Gera', 1273, 130000, 3098),
(3099, 'Salzgitter', 'DEU', 'Salzgitter', 900, 130000, 3099),
(3100, 'Cottbus', 'DEU', 'Cottbus', 209, 130000, 3100),
(3101, 'Reutlingen', 'DEU', 'Reutlingen', 135, 130000, 3101),
(3102, 'Fürth', 'DEU', 'Fürth', 139, 130000, 3102),
(3103, 'Siegen', 'DEU', 'Siegen', 915, 130000, 3103),
(3104, 'Koblenz', 'DEU', 'Koblenz', 1065, 130000, 3104),
(3105, 'Moers', 'DEU', 'Moers', 915, 130000, 3105),
(3106, 'Bergisch Gladbach', 'DEU', 'Bergisch Gladbach', 915, 130000, 3106),
(3107, 'Zwickau', 'DEU', 'Zwickau', 1099, 130000, 3107),
(3108, 'Hildesheim', 'DEU', 'Hildesheim', 900, 130000, 3108),
(3109, 'Witten', 'DEU', 'Witten', 915, 130000, 3109),
(3110, 'Schwerin', 'DEU', 'Schwerin', 811, 130000, 3110),
(3111, 'Erlangen', 'DEU', 'Erlangen', 139, 130000, 3111),
(3112, 'Kaiserslautern', 'DEU', 'Kaiserslautern', 1065, 130000, 3112),
(3113, 'Trier', 'DEU', 'Trier', 1065, 130000, 3113),
(3114, 'Jena', 'DEU', 'Jena', 1273, 130000, 3114),
(3115, 'Iserlohn', 'DEU', 'Iserlohn', 915, 130000, 3115),
(3116, 'Gütersloh', 'DEU', 'Gütersloh', 915, 130000, 3116),
(3117, 'Marl', 'DEU', 'Marl', 915, 130000, 3117),
(3118, 'Lünen', 'DEU', 'Lünen', 915, 130000, 3118),
(3119, 'Düren', 'DEU', 'Düren', 915, 130000, 3119),
(3120, 'Ratingen', 'DEU', 'Ratingen', 915, 130000, 3120),
(3121, 'Velbert', 'DEU', 'Velbert', 915, 130000, 3121),
(3122, 'Esslingen am Neckar', 'DEU', 'Esslingen am Neckar', 135, 130000, 3122),
(3123, 'Honiara', 'SLB', 'Honiara', 536, 130000, 3123),
(3124, 'Lusaka', 'ZMB', 'Lusaka', 757, 130000, 3124),
(3125, 'Ndola', 'ZMB', 'Ndola', 296, 130000, 3125),
(3126, 'Kitwe', 'ZMB', 'Kitwe', 296, 130000, 3126),
(3127, 'Kabwe', 'ZMB', 'Kabwe', 264, 130000, 3127),
(3128, 'Chingola', 'ZMB', 'Chingola', 296, 130000, 3128),
(3129, 'Mufulira', 'ZMB', 'Mufulira', 296, 130000, 3129),
(3130, 'Luanshya', 'ZMB', 'Luanshya', 296, 130000, 3130),
(3131, 'Apia', 'WSM', 'Apia', 1327, 130000, 3131),
(3132, 'Serravalle', 'SMR', 'Serravalle', 1143, 130000, 3132),
(3133, 'San Marino', 'SMR', 'San Marino', 1110, 130000, 3133),
(3134, 'São Tomé', 'STP', 'São Tomé', 91, 130000, 3134),
(3135, 'Riyadh', 'SAU', 'Riyadh', 1078, 130000, 3135),
(3136, 'Jedda', 'SAU', 'Jedda', 815, 130000, 3136),
(3137, 'Mekka', 'SAU', 'Mekka', 815, 130000, 3137),
(3138, 'Medina', 'SAU', 'Medina', 812, 130000, 3138),
(3139, 'al-Dammam', 'SAU', 'al-Dammam', 45, 130000, 3139),
(3140, 'al-Taif', 'SAU', 'al-Taif', 815, 130000, 3140),
(3141, 'Tabuk', 'SAU', 'Tabuk', 1228, 130000, 3141),
(3142, 'Burayda', 'SAU', 'Burayda', 42, 130000, 3142),
(3143, 'al-Hufuf', 'SAU', 'al-Hufuf', 45, 130000, 3143),
(3144, 'al-Mubarraz', 'SAU', 'al-Mubarraz', 45, 130000, 3144),
(3145, 'Khamis Mushayt', 'SAU', 'Khamis Mushayt', 110, 130000, 3145),
(3146, 'Hail', 'SAU', 'Hail', 491, 130000, 3146),
(3147, 'al-Kharj', 'SAU', 'al-Kharj', 1068, 130000, 3147),
(3148, 'al-Khubar', 'SAU', 'al-Khubar', 45, 130000, 3148),
(3149, 'Jubayl', 'SAU', 'Jubayl', 45, 130000, 3149),
(3150, 'Hafar al-Batin', 'SAU', 'Hafar al-Batin', 45, 130000, 3150),
(3151, 'al-Tuqba', 'SAU', 'al-Tuqba', 45, 130000, 3151),
(3152, 'Yanbu', 'SAU', 'Yanbu', 812, 130000, 3152),
(3153, 'Abha', 'SAU', 'Abha', 110, 130000, 3153),
(3154, 'Ara´ar', 'SAU', 'Ara´ar', 34, 130000, 3154),
(3155, 'al-Qatif', 'SAU', 'al-Qatif', 45, 130000, 3155),
(3156, 'al-Hawiya', 'SAU', 'al-Hawiya', 815, 130000, 3156),
(3157, 'Unayza', 'SAU', 'Unayza', 1040, 130000, 3157),
(3158, 'Najran', 'SAU', 'Najran', 866, 130000, 3158),
(3159, 'Pikine', 'SEN', 'Pikine', 246, 130000, 3159),
(3160, 'Dakar', 'SEN', 'Dakar', 246, 130000, 3160),
(3161, 'Thiès', 'SEN', 'Thiès', 1270, 130000, 3161),
(3162, 'Kaolack', 'SEN', 'Kaolack', 628, 130000, 3162),
(3163, 'Ziguinchor', 'SEN', 'Ziguinchor', 1421, 130000, 3163),
(3164, 'Rufisque', 'SEN', 'Rufisque', 246, 130000, 3164),
(3165, 'Saint-Louis', 'SEN', 'Saint-Louis', 1094, 130000, 3165),
(3166, 'Mbour', 'SEN', 'Mbour', 1270, 130000, 3166),
(3167, 'Diourbel', 'SEN', 'Diourbel', 355, 130000, 3167),
(3168, 'Victoria', 'SYC', 'Victoria', 772, 130000, 3168),
(3169, 'Freetown', 'SLE', 'Freetown', 1385, 130000, 3169),
(3170, 'Singapore', 'SGP', 'Singapore', 1169, 130000, 3170),
(3171, 'Bratislava', 'SVK', 'Bratislava', 211, 130000, 3171),
(3172, 'Košice', 'SVK', 'Košice', 1365, 130000, 3172),
(3173, 'Prešov', 'SVK', 'Prešov', 1365, 130000, 3173),
(3174, 'Ljubljana', 'SVN', 'Ljubljana', 968, 130000, 3174),
(3175, 'Maribor', 'SVN', 'Maribor', 1009, 130000, 3175),
(3176, 'Mogadishu', 'SOM', 'Mogadishu', 150, 130000, 3176),
(3177, 'Hargeysa', 'SOM', 'Hargeysa', 1396, 130000, 3177),
(3178, 'Kismaayo', 'SOM', 'Kismaayo', 600, 130000, 3178),
(3179, 'Colombo', 'LKA', 'Colombo', 1385, 130000, 3179),
(3180, 'Dehiwala', 'LKA', 'Dehiwala', 1385, 130000, 3180),
(3181, 'Moratuwa', 'LKA', 'Moratuwa', 1385, 130000, 3181),
(3182, 'Jaffna', 'LKA', 'Jaffna', 925, 130000, 3182),
(3183, 'Kandy', 'LKA', 'Kandy', 264, 130000, 3183),
(3184, 'Sri Jayawardenepura Kotte', 'LKA', 'Sri Jayawardenepura Kotte', 1385, 130000, 3184),
(3185, 'Negombo', 'LKA', 'Negombo', 1385, 130000, 3185),
(3186, 'Omdurman', 'SDN', 'Omdurman', 655, 130000, 3186),
(3187, 'Khartum', 'SDN', 'Khartum', 655, 130000, 3187),
(3188, 'Sharq al-Nil', 'SDN', 'Sharq al-Nil', 655, 130000, 3188),
(3190, 'Kassala', 'SDN', 'Kassala', 639, 130000, 3190),
(3191, 'Obeid', 'SDN', 'Obeid', 694, 130000, 3191),
(3192, 'Nyala', 'SDN', 'Nyala', 345, 130000, 3192),
(3193, 'Wad Madani', 'SDN', 'Wad Madani', 33, 130000, 3193),
(3194, 'al-Qadarif', 'SDN', 'al-Qadarif', 39, 130000, 3194),
(3195, 'Kusti', 'SDN', 'Kusti', 25, 130000, 3195),
(3196, 'al-Fashir', 'SDN', 'al-Fashir', 346, 130000, 3196),
(3197, 'Juba', 'SDN', 'Juba', 138, 130000, 3197),
(3198, 'Helsinki [Helsingfors]', 'FIN', 'Helsinki [Helsingfors]', 896, 130000, 3198),
(3199, 'Espoo', 'FIN', 'Espoo', 896, 130000, 3199),
(3200, 'Tampere', 'FIN', 'Tampere', 1001, 130000, 3200),
(3201, 'Vantaa', 'FIN', 'Vantaa', 896, 130000, 3201),
(3202, 'Turku [Åbo]', 'FIN', 'Turku [Åbo]', 1341, 130000, 3202),
(3203, 'Oulu', 'FIN', 'Oulu', 1010, 130000, 3203),
(3204, 'Lahti', 'FIN', 'Lahti', 976, 130000, 3204),
(3205, 'Paramaribo', 'SUR', 'Paramaribo', 981, 130000, 3205),
(3206, 'Mbabane', 'SWZ', 'Mbabane', 523, 130000, 3206),
(3207, 'Zürich', 'CHE', 'Zürich', 1427, 130000, 3207),
(3208, 'Geneve', 'CHE', 'Geneve', 449, 130000, 3208),
(3209, 'Basel', 'CHE', 'Basel', 160, 130000, 3209),
(3210, 'Bern', 'CHE', 'Bern', 182, 130000, 3210),
(3211, 'Lausanne', 'CHE', 'Lausanne', 1345, 130000, 3211),
(3212, 'Damascus', 'SYR', 'Damascus', 341, 130000, 3212),
(3213, 'Aleppo', 'SYR', 'Aleppo', 56, 130000, 3213),
(3214, 'Hims', 'SYR', 'Hims', 525, 130000, 3214),
(3215, 'Hama', 'SYR', 'Hama', 497, 130000, 3215),
(3216, 'Latakia', 'SYR', 'Latakia', 723, 130000, 3216),
(3217, 'al-Qamishliya', 'SYR', 'al-Qamishliya', 32, 130000, 3217),
(3218, 'Dayr al-Zawr', 'SYR', 'Dayr al-Zawr', 349, 130000, 3218),
(3219, 'Jaramana', 'SYR', 'Jaramana', 342, 130000, 3219),
(3220, 'Duma', 'SYR', 'Duma', 342, 130000, 3220),
(3221, 'al-Raqqa', 'SYR', 'al-Raqqa', 43, 130000, 3221),
(3222, 'Idlib', 'SYR', 'Idlib', 557, 130000, 3222),
(3223, 'Dushanbe', 'TJK', 'Dushanbe', 637, 130000, 3223),
(3224, 'Khujand', 'TJK', 'Khujand', 660, 130000, 3224),
(3225, 'Taipei', 'TWN', 'Taipei', 1237, 130000, 3225),
(3226, 'Kaohsiung', 'TWN', 'Kaohsiung', 627, 130000, 3226),
(3227, 'Taichung', 'TWN', 'Taichung', 1235, 130000, 3227),
(3228, 'Tainan', 'TWN', 'Tainan', 1236, 130000, 3228),
(3229, 'Panchiao', 'TWN', 'Panchiao', 1237, 130000, 3229),
(3230, 'Chungho', 'TWN', 'Chungho', 1237, 130000, 3230),
(3231, 'Keelung (Chilung)', 'TWN', 'Keelung (Chilung)', 646, 130000, 3231),
(3232, 'Sanchung', 'TWN', 'Sanchung', 1237, 130000, 3232),
(3233, 'Hsinchuang', 'TWN', 'Hsinchuang', 1237, 130000, 3233),
(3234, 'Hsinchu', 'TWN', 'Hsinchu', 541, 130000, 3234),
(3235, 'Chungli', 'TWN', 'Chungli', 1249, 130000, 3235),
(3236, 'Fengshan', 'TWN', 'Fengshan', 627, 130000, 3236),
(3237, 'Taoyuan', 'TWN', 'Taoyuan', 1249, 130000, 3237),
(3238, 'Chiayi', 'TWN', 'Chiayi', 320, 130000, 3238),
(3239, 'Hsintien', 'TWN', 'Hsintien', 1237, 130000, 3239),
(3240, 'Changhwa', 'TWN', 'Changhwa', 313, 130000, 3240),
(3241, 'Yungho', 'TWN', 'Yungho', 1237, 130000, 3241),
(3242, 'Tucheng', 'TWN', 'Tucheng', 1237, 130000, 3242),
(3243, 'Pingtung', 'TWN', 'Pingtung', 1000, 130000, 3243),
(3244, 'Yungkang', 'TWN', 'Yungkang', 1236, 130000, 3244),
(3245, 'Pingchen', 'TWN', 'Pingchen', 1249, 130000, 3245),
(3246, 'Tali', 'TWN', 'Tali', 1235, 130000, 3246),
(3247, 'Taiping', 'TWN', 'Taiping', 1238, 130000, 3247),
(3248, 'Pate', 'TWN', 'Pate', 1249, 130000, 3248),
(3249, 'Fengyuan', 'TWN', 'Fengyuan', 1235, 130000, 3249),
(3250, 'Luchou', 'TWN', 'Luchou', 1237, 130000, 3250),
(3251, 'Hsichuh', 'TWN', 'Hsichuh', 1237, 130000, 3251),
(3252, 'Shulin', 'TWN', 'Shulin', 1237, 130000, 3252),
(3253, 'Yuanlin', 'TWN', 'Yuanlin', 313, 130000, 3253),
(3254, 'Yangmei', 'TWN', 'Yangmei', 1249, 130000, 3254),
(3255, 'Taliao', 'TWN', 'Taliao', 1242, 130000, 3255),
(3256, 'Kueishan', 'TWN', 'Kueishan', 691, 130000, 3256),
(3257, 'Tanshui', 'TWN', 'Tanshui', 1237, 130000, 3257),
(3258, 'Taitung', 'TWN', 'Taitung', 1239, 130000, 3258),
(3259, 'Hualien', 'TWN', 'Hualien', 542, 130000, 3259),
(3260, 'Nantou', 'TWN', 'Nantou', 876, 130000, 3260),
(3261, 'Lungtan', 'TWN', 'Lungtan', 1237, 130000, 3261),
(3262, 'Touliu', 'TWN', 'Touliu', 1411, 130000, 3262),
(3263, 'Tsaotun', 'TWN', 'Tsaotun', 876, 130000, 3263),
(3264, 'Kangshan', 'TWN', 'Kangshan', 627, 130000, 3264),
(3265, 'Ilan', 'TWN', 'Ilan', 559, 130000, 3265),
(3266, 'Miaoli', 'TWN', 'Miaoli', 821, 130000, 3266),
(3267, 'Dar es Salaam', 'TZA', 'Dar es Salaam', 344, 130000, 3267),
(3268, 'Dodoma', 'TZA', 'Dodoma', 369, 130000, 3268),
(3269, 'Mwanza', 'TZA', 'Mwanza', 860, 130000, 3269),
(3270, 'Zanzibar', 'TZA', 'Zanzibar', 1417, 130000, 3270),
(3271, 'Tanga', 'TZA', 'Tanga', 1247, 130000, 3271),
(3272, 'Mbeya', 'TZA', 'Mbeya', 810, 130000, 3272),
(3273, 'Morogoro', 'TZA', 'Morogoro', 851, 130000, 3273),
(3274, 'Arusha', 'TZA', 'Arusha', 108, 130000, 3274),
(3275, 'Moshi', 'TZA', 'Moshi', 665, 130000, 3275),
(3276, 'Tabora', 'TZA', 'Tabora', 1227, 130000, 3276),
(3277, 'København', 'DNK', 'København', 687, 130000, 3277),
(3278, 'Århus', 'DNK', 'Århus', 102, 130000, 3278),
(3279, 'Odense', 'DNK', 'Odense', 436, 130000, 3279),
(3280, 'Aalborg', 'DNK', 'Aalborg', 914, 130000, 3280),
(3281, 'Frederiksberg', 'DNK', 'Frederiksberg', 428, 130000, 3281),
(3282, 'Bangkok', 'THA', 'Bangkok', 152, 130000, 3282),
(3283, 'Nonthaburi', 'THA', 'Nonthaburi', 907, 130000, 3283),
(3284, 'Nakhon Ratchasima', 'THA', 'Nakhon Ratchasima', 868, 130000, 3284),
(3285, 'Chiang Mai', 'THA', 'Chiang Mai', 318, 130000, 3285),
(3286, 'Udon Thani', 'THA', 'Udon Thani', 1323, 130000, 3286),
(3287, 'Hat Yai', 'THA', 'Hat Yai', 1181, 130000, 3287),
(3288, 'Khon Kaen', 'THA', 'Khon Kaen', 657, 130000, 3288),
(3289, 'Pak Kret', 'THA', 'Pak Kret', 907, 130000, 3289),
(3290, 'Nakhon Sawan', 'THA', 'Nakhon Sawan', 869, 130000, 3290),
(3291, 'Ubon Ratchathani', 'THA', 'Ubon Ratchathani', 1320, 130000, 3291),
(3292, 'Songkhla', 'THA', 'Songkhla', 1181, 130000, 3292),
(3293, 'Nakhon Pathom', 'THA', 'Nakhon Pathom', 867, 130000, 3293),
(3294, 'Lomé', 'TGO', 'Lomé', 793, 130000, 3294),
(3295, 'Fakaofo', 'TKL', 'Fakaofo', 412, 130000, 3295),
(3296, 'Nuku´alofa', 'TON', 'Nuku´alofa', 1293, 130000, 3296),
(3297, 'Chaguanas', 'TTO', 'Chaguanas', 254, 130000, 3297),
(3298, 'Port-of-Spain', 'TTO', 'Port-of-Spain', 1017, 130000, 3298),
(3299, 'N´Djaména', 'TCD', 'N´Djaména', 315, 130000, 3299),
(3300, 'Moundou', 'TCD', 'Moundou', 742, 130000, 3300),
(3301, 'Praha', 'CZE', 'Praha', 527, 130000, 3301),
(3302, 'Brno', 'CZE', 'Brno', 597, 130000, 3302),
(3303, 'Ostrava', 'CZE', 'Ostrava', 1146, 130000, 3303),
(3304, 'Plzen', 'CZE', 'Plzen', 1418, 130000, 3304),
(3305, 'Olomouc', 'CZE', 'Olomouc', 1146, 130000, 3305),
(3306, 'Liberec', 'CZE', 'Liberec', 1145, 130000, 3306),
(3307, 'Ceské Budejovice', 'CZE', 'Ceské Budejovice', 596, 130000, 3307),
(3308, 'Hradec Králové', 'CZE', 'Hradec Králové', 1366, 130000, 3308),
(3309, 'Ústí nad Labem', 'CZE', 'Ústí nad Labem', 1145, 130000, 3309),
(3310, 'Pardubice', 'CZE', 'Pardubice', 1366, 130000, 3310),
(3311, 'Tunis', 'TUN', 'Tunis', 1316, 130000, 3311),
(3312, 'Sfax', 'TUN', 'Sfax', 1147, 130000, 3312),
(3313, 'Ariana', 'TUN', 'Ariana', 103, 130000, 3313),
(3314, 'Ettadhamen', 'TUN', 'Ettadhamen', 103, 130000, 3314),
(3315, 'Sousse', 'TUN', 'Sousse', 1184, 130000, 3315),
(3316, 'Kairouan', 'TUN', 'Kairouan', 613, 130000, 3316),
(3317, 'Biserta', 'TUN', 'Biserta', 190, 130000, 3317),
(3318, 'Gabès', 'TUN', 'Gabès', 437, 130000, 3318),
(3319, 'Istanbul', 'TUR', 'Istanbul', 580, 130000, 3319),
(3320, 'Ankara', 'TUR', 'Ankara', 79, 130000, 3320),
(3321, 'Izmir', 'TUR', 'Izmir', 584, 130000, 3321),
(3322, 'Adana', 'TUR', 'Adana', 8, 130000, 3322),
(3323, 'Bursa', 'TUR', 'Bursa', 228, 130000, 3323),
(3324, 'Gaziantep', 'TUR', 'Gaziantep', 447, 130000, 3324),
(3325, 'Konya', 'TUR', 'Konya', 679, 130000, 3325),
(3326, 'Mersin (Içel)', 'TUR', 'Mersin (Içel)', 555, 130000, 3326),
(3327, 'Antalya', 'TUR', 'Antalya', 81, 130000, 3327),
(3328, 'Diyarbakir', 'TUR', 'Diyarbakir', 365, 130000, 3328),
(3329, 'Kayseri', 'TUR', 'Kayseri', 644, 130000, 3329),
(3330, 'Eskisehir', 'TUR', 'Eskisehir', 406, 130000, 3330),
(3331, 'Sanliurfa', 'TUR', 'Sanliurfa', 1117, 130000, 3331),
(3332, 'Samsun', 'TUR', 'Samsun', 1104, 130000, 3332),
(3333, 'Malatya', 'TUR', 'Malatya', 774, 130000, 3333),
(3334, 'Gebze', 'TUR', 'Gebze', 675, 130000, 3334),
(3335, 'Denizli', 'TUR', 'Denizli', 351, 130000, 3335),
(3336, 'Sivas', 'TUR', 'Sivas', 1173, 130000, 3336),
(3337, 'Erzurum', 'TUR', 'Erzurum', 404, 130000, 3337),
(3338, 'Tarsus', 'TUR', 'Tarsus', 8, 130000, 3338),
(3339, 'Kahramanmaras', 'TUR', 'Kahramanmaras', 611, 130000, 3339),
(3340, 'Elâzig', 'TUR', 'Elâzig', 398, 130000, 3340),
(3341, 'Van', 'TUR', 'Van', 1339, 130000, 3341),
(3342, 'Sultanbeyli', 'TUR', 'Sultanbeyli', 580, 130000, 3342),
(3343, 'Izmit (Kocaeli)', 'TUR', 'Izmit (Kocaeli)', 675, 130000, 3343),
(3344, 'Manisa', 'TUR', 'Manisa', 784, 130000, 3344),
(3345, 'Batman', 'TUR', 'Batman', 166, 130000, 3345),
(3346, 'Balikesir', 'TUR', 'Balikesir', 145, 130000, 3346),
(3347, 'Sakarya (Adapazari)', 'TUR', 'Sakarya (Adapazari)', 1098, 130000, 3347),
(3348, 'Iskenderun', 'TUR', 'Iskenderun', 511, 130000, 3348),
(3349, 'Osmaniye', 'TUR', 'Osmaniye', 967, 130000, 3349),
(3350, 'Çorum', 'TUR', 'Çorum', 301, 130000, 3350),
(3351, 'Kütahya', 'TUR', 'Kütahya', 697, 130000, 3351),
(3352, 'Hatay (Antakya)', 'TUR', 'Hatay (Antakya)', 511, 130000, 3352),
(3353, 'Kirikkale', 'TUR', 'Kirikkale', 670, 130000, 3353),
(3354, 'Adiyaman', 'TUR', 'Adiyaman', 11, 130000, 3354),
(3355, 'Trabzon', 'TUR', 'Trabzon', 1300, 130000, 3355),
(3356, 'Ordu', 'TUR', 'Ordu', 954, 130000, 3356),
(3357, 'Aydin', 'TUR', 'Aydin', 128, 130000, 3357),
(3358, 'Usak', 'TUR', 'Usak', 1329, 130000, 3358),
(3359, 'Edirne', 'TUR', 'Edirne', 393, 130000, 3359),
(3360, 'Çorlu', 'TUR', 'Çorlu', 1260, 130000, 3360),
(3361, 'Isparta', 'TUR', 'Isparta', 579, 130000, 3361),
(3362, 'Karabük', 'TUR', 'Karabük', 629, 130000, 3362),
(3363, 'Kilis', 'TUR', 'Kilis', 666, 130000, 3363),
(3364, 'Alanya', 'TUR', 'Alanya', 81, 130000, 3364),
(3365, 'Kiziltepe', 'TUR', 'Kiziltepe', 791, 130000, 3365),
(3366, 'Zonguldak', 'TUR', 'Zonguldak', 1423, 130000, 3366),
(3367, 'Siirt', 'TUR', 'Siirt', 1165, 130000, 3367),
(3368, 'Viransehir', 'TUR', 'Viransehir', 1117, 130000, 3368),
(3369, 'Tekirdag', 'TUR', 'Tekirdag', 1260, 130000, 3369),
(3370, 'Karaman', 'TUR', 'Karaman', 631, 130000, 3370),
(3371, 'Afyon', 'TUR', 'Afyon', 14, 130000, 3371),
(3372, 'Aksaray', 'TUR', 'Aksaray', 22, 130000, 3372),
(3373, 'Ceyhan', 'TUR', 'Ceyhan', 8, 130000, 3373),
(3374, 'Erzincan', 'TUR', 'Erzincan', 403, 130000, 3374),
(3375, 'Bismil', 'TUR', 'Bismil', 365, 130000, 3375),
(3376, 'Nazilli', 'TUR', 'Nazilli', 128, 130000, 3376),
(3377, 'Tokat', 'TUR', 'Tokat', 1288, 130000, 3377),
(3378, 'Kars', 'TUR', 'Kars', 638, 130000, 3378),
(3379, 'Inegöl', 'TUR', 'Inegöl', 228, 130000, 3379),
(3380, 'Bandirma', 'TUR', 'Bandirma', 145, 130000, 3380),
(3381, 'Ashgabat', 'TKM', 'Ashgabat', 17, 130000, 3381),
(3382, 'Chärjew', 'TKM', 'Chärjew', 725, 130000, 3382),
(3383, 'Dashhowuz', 'TKM', 'Dashhowuz', 347, 130000, 3383),
(3384, 'Mary', 'TKM', 'Mary', 796, 130000, 3384),
(3385, 'Cockburn Town', 'TCA', 'Cockburn Town', 465, 130000, 3385),
(3386, 'Funafuti', 'TUV', 'Funafuti', 435, 130000, 3386),
(3387, 'Kampala', 'UGA', 'Kampala', 264, 130000, 3387),
(3388, 'Kyiv', 'UKR', 'Kyiv', 669, 130000, 3388),
(3389, 'Harkova [Harkiv]', 'UKR', 'Harkova [Harkiv]', 508, 130000, 3389),
(3390, 'Dnipropetrovsk', 'UKR', 'Dnipropetrovsk', 367, 130000, 3390),
(3391, 'Donetsk', 'UKR', 'Donetsk', 373, 130000, 3391),
(3392, 'Odesa', 'UKR', 'Odesa', 941, 130000, 3392),
(3393, 'Zaporizzja', 'UKR', 'Zaporizzja', 1419, 130000, 3393),
(3394, 'Lviv', 'UKR', 'Lviv', 760, 130000, 3394),
(3395, 'Kryvyi Rig', 'UKR', 'Kryvyi Rig', 367, 130000, 3395),
(3396, 'Mykolajiv', 'UKR', 'Mykolajiv', 861, 130000, 3396),
(3397, 'Mariupol', 'UKR', 'Mariupol', 373, 130000, 3397),
(3398, 'Lugansk', 'UKR', 'Lugansk', 756, 130000, 3398),
(3399, 'Vinnytsja', 'UKR', 'Vinnytsja', 1355, 130000, 3399),
(3400, 'Makijivka', 'UKR', 'Makijivka', 373, 130000, 3400),
(3401, 'Herson', 'UKR', 'Herson', 521, 130000, 3401),
(3402, 'Sevastopol', 'UKR', 'Sevastopol', 690, 130000, 3402),
(3403, 'Simferopol', 'UKR', 'Simferopol', 690, 130000, 3403),
(3404, 'Pultava [Poltava]', 'UKR', 'Pultava [Poltava]', 1028, 130000, 3404),
(3405, 'Tšernigiv', 'UKR', 'Tšernigiv', 1307, 130000, 3405),
(3406, 'Tšerkasy', 'UKR', 'Tšerkasy', 1306, 130000, 3406),
(3407, 'Gorlivka', 'UKR', 'Gorlivka', 373, 130000, 3407),
(3408, 'Zytomyr', 'UKR', 'Zytomyr', 1428, 130000, 3408),
(3409, 'Sumy', 'UKR', 'Sumy', 1220, 130000, 3409),
(3410, 'Dniprodzerzynsk', 'UKR', 'Dniprodzerzynsk', 367, 130000, 3410),
(3411, 'Kirovograd', 'UKR', 'Kirovograd', 672, 130000, 3411),
(3412, 'Hmelnytskyi', 'UKR', 'Hmelnytskyi', 528, 130000, 3412),
(3413, 'Tšernivtsi', 'UKR', 'Tšernivtsi', 1308, 130000, 3413),
(3414, 'Rivne', 'UKR', 'Rivne', 1077, 130000, 3414),
(3415, 'Krementšuk', 'UKR', 'Krementšuk', 1028, 130000, 3415),
(3416, 'Ivano-Frankivsk', 'UKR', 'Ivano-Frankivsk', 581, 130000, 3416),
(3417, 'Ternopil', 'UKR', 'Ternopil', 1265, 130000, 3417),
(3418, 'Lutsk', 'UKR', 'Lutsk', 1362, 130000, 3418),
(3419, 'Bila Tserkva', 'UKR', 'Bila Tserkva', 669, 130000, 3419),
(3420, 'Kramatorsk', 'UKR', 'Kramatorsk', 373, 130000, 3420),
(3421, 'Melitopol', 'UKR', 'Melitopol', 1419, 130000, 3421),
(3422, 'Kertš', 'UKR', 'Kertš', 690, 130000, 3422),
(3423, 'Nikopol', 'UKR', 'Nikopol', 367, 130000, 3423),
(3424, 'Berdjansk', 'UKR', 'Berdjansk', 1419, 130000, 3424),
(3425, 'Pavlograd', 'UKR', 'Pavlograd', 367, 130000, 3425),
(3426, 'Sjeverodonetsk', 'UKR', 'Sjeverodonetsk', 756, 130000, 3426),
(3427, 'Slovjansk', 'UKR', 'Slovjansk', 373, 130000, 3427),
(3428, 'Uzgorod', 'UKR', 'Uzgorod', 1241, 130000, 3428),
(3429, 'Altševsk', 'UKR', 'Altševsk', 756, 130000, 3429),
(3430, 'Lysytšansk', 'UKR', 'Lysytšansk', 756, 130000, 3430),
(3431, 'Jevpatorija', 'UKR', 'Jevpatorija', 690, 130000, 3431),
(3432, 'Kamjanets-Podilskyi', 'UKR', 'Kamjanets-Podilskyi', 528, 130000, 3432),
(3433, 'Jenakijeve', 'UKR', 'Jenakijeve', 373, 130000, 3433),
(3434, 'Krasnyi Lutš', 'UKR', 'Krasnyi Lutš', 756, 130000, 3434),
(3435, 'Stahanov', 'UKR', 'Stahanov', 756, 130000, 3435),
(3436, 'Oleksandrija', 'UKR', 'Oleksandrija', 672, 130000, 3436),
(3437, 'Konotop', 'UKR', 'Konotop', 1220, 130000, 3437),
(3438, 'Kostjantynivka', 'UKR', 'Kostjantynivka', 373, 130000, 3438),
(3439, 'Berdytšiv', 'UKR', 'Berdytšiv', 1428, 130000, 3439),
(3440, 'Izmajil', 'UKR', 'Izmajil', 941, 130000, 3440),
(3441, 'Šostka', 'UKR', 'Šostka', 1220, 130000, 3441),
(3442, 'Uman', 'UKR', 'Uman', 1306, 130000, 3442),
(3443, 'Brovary', 'UKR', 'Brovary', 669, 130000, 3443),
(3444, 'Mukatševe', 'UKR', 'Mukatševe', 1241, 130000, 3444),
(3445, 'Budapest', 'HUN', 'Budapest', 220, 130000, 3445),
(3446, 'Debrecen', 'HUN', 'Debrecen', 495, 130000, 3446),
(3447, 'Miskolc', 'HUN', 'Miskolc', 201, 130000, 3447),
(3448, 'Szeged', 'HUN', 'Szeged', 304, 130000, 3448),
(3449, 'Pécs', 'HUN', 'Pécs', 156, 130000, 3449),
(3450, 'Györ', 'HUN', 'Györ', 485, 130000, 3450),
(3451, 'Nyiregyháza', 'HUN', 'Nyiregyháza', 1225, 130000, 3451),
(3452, 'Kecskemét', 'HUN', 'Kecskemét', 134, 130000, 3452),
(3453, 'Székesfehérvár', 'HUN', 'Székesfehérvár', 418, 130000, 3453),
(3454, 'Montevideo', 'URY', 'Montevideo', 847, 130000, 3454),
(3455, 'Nouméa', 'NCL', 'Nouméa', 931, 130000, 3455),
(3456, 'Auckland', 'NZL', 'Auckland', 125, 130000, 3456),
(3457, 'Christchurch', 'NZL', 'Christchurch', 245, 130000, 3457),
(3458, 'Manukau', 'NZL', 'Manukau', 125, 130000, 3458),
(3459, 'North Shore', 'NZL', 'North Shore', 125, 130000, 3459),
(3460, 'Waitakere', 'NZL', 'Waitakere', 125, 130000, 3460),
(3461, 'Wellington', 'NZL', 'Wellington', 1373, 130000, 3461),
(3462, 'Dunedin', 'NZL', 'Dunedin', 380, 130000, 3462),
(3463, 'Hamilton', 'NZL', 'Hamilton', 502, 130000, 3463),
(3464, 'Lower Hutt', 'NZL', 'Lower Hutt', 1373, 130000, 3464),
(3465, 'Toskent', 'UZB', 'Toskent', 1297, 130000, 3465),
(3466, 'Namangan', 'UZB', 'Namangan', 871, 130000, 3466),
(3467, 'Samarkand', 'UZB', 'Samarkand', 1103, 130000, 3467),
(3468, 'Andijon', 'UZB', 'Andijon', 75, 130000, 3468),
(3469, 'Buhoro', 'UZB', 'Buhoro', 222, 130000, 3469),
(3470, 'Karsi', 'UZB', 'Karsi', 1039, 130000, 3470),
(3471, 'Nukus', 'UZB', 'Nukus', 630, 130000, 3471),
(3472, 'Kükon', 'UZB', 'Kükon', 414, 130000, 3472),
(3473, 'Fargona', 'UZB', 'Fargona', 414, 130000, 3473),
(3474, 'Circik', 'UZB', 'Circik', 1296, 130000, 3474),
(3475, 'Margilon', 'UZB', 'Margilon', 414, 130000, 3475),
(3476, 'Ürgenc', 'UZB', 'Ürgenc', 659, 130000, 3476),
(3477, 'Angren', 'UZB', 'Angren', 1296, 130000, 3477),
(3478, 'Cizah', 'UZB', 'Cizah', 284, 130000, 3478),
(3479, 'Navoi', 'UZB', 'Navoi', 882, 130000, 3479),
(3480, 'Olmalik', 'UZB', 'Olmalik', 1296, 130000, 3480),
(3481, 'Termiz', 'UZB', 'Termiz', 1221, 130000, 3481),
(3482, 'Minsk', 'BLR', 'Minsk', 537, 130000, 3482),
(3483, 'Gomel', 'BLR', 'Gomel', 460, 130000, 3483),
(3484, 'Mogiljov', 'BLR', 'Mogiljov', 839, 130000, 3484),
(3485, 'Vitebsk', 'BLR', 'Vitebsk', 1357, 130000, 3485),
(3486, 'Grodno', 'BLR', 'Grodno', 469, 130000, 3486),
(3487, 'Brest', 'BLR', 'Brest', 214, 130000, 3487),
(3488, 'Bobruisk', 'BLR', 'Bobruisk', 839, 130000, 3488),
(3489, 'Baranovitši', 'BLR', 'Baranovitši', 214, 130000, 3489),
(3490, 'Borisov', 'BLR', 'Borisov', 830, 130000, 3490),
(3491, 'Pinsk', 'BLR', 'Pinsk', 214, 130000, 3491),
(3492, 'Orša', 'BLR', 'Orša', 1357, 130000, 3492),
(3493, 'Mozyr', 'BLR', 'Mozyr', 460, 130000, 3493),
(3494, 'Novopolotsk', 'BLR', 'Novopolotsk', 1357, 130000, 3494),
(3495, 'Lida', 'BLR', 'Lida', 469, 130000, 3495),
(3496, 'Soligorsk', 'BLR', 'Soligorsk', 830, 130000, 3496),
(3497, 'Molodetšno', 'BLR', 'Molodetšno', 830, 130000, 3497),
(3498, 'Mata-Utu', 'WLF', 'Mata-Utu', 1369, 130000, 3498),
(3499, 'Port-Vila', 'VUT', 'Port-Vila', 1156, 130000, 3499),
(3500, 'Città del Vaticano', 'VAT', 'Città del Vaticano', 282, 130000, 3500),
(3501, 'Caracas', 'VEN', 'Caracas', 359, 130000, 3501),
(3502, 'Maracaíbo', 'VEN', 'Maracaíbo', 1426, 130000, 3502),
(3503, 'Barquisimeto', 'VEN', 'Barquisimeto', 721, 130000, 3503),
(3504, 'Valencia', 'VEN', 'Valencia', 250, 130000, 3504),
(3505, 'Ciudad Guayana', 'VEN', 'Ciudad Guayana', 198, 130000, 3505),
(3506, 'Petare', 'VEN', 'Petare', 831, 130000, 3506),
(3507, 'Maracay', 'VEN', 'Maracay', 95, 130000, 3507),
(3508, 'Barcelona', 'VEN', 'Barcelona', 86, 130000, 3508),
(3509, 'Maturín', 'VEN', 'Maturín', 843, 130000, 3509),
(3510, 'San Cristóbal', 'VEN', 'San Cristóbal', 1230, 130000, 3510),
(3511, 'Ciudad Bolívar', 'VEN', 'Ciudad Bolívar', 198, 130000, 3511),
(3512, 'Cumaná', 'VEN', 'Cumaná', 1209, 130000, 3512),
(3513, 'Mérida', 'VEN', 'Mérida', 818, 130000, 3513),
(3514, 'Cabimas', 'VEN', 'Cabimas', 1426, 130000, 3514),
(3515, 'Barinas', 'VEN', 'Barinas', 157, 130000, 3515),
(3516, 'Turmero', 'VEN', 'Turmero', 95, 130000, 3516),
(3517, 'Baruta', 'VEN', 'Baruta', 831, 130000, 3517),
(3518, 'Puerto Cabello', 'VEN', 'Puerto Cabello', 250, 130000, 3518),
(3519, 'Santa Ana de Coro', 'VEN', 'Santa Ana de Coro', 413, 130000, 3519),
(3520, 'Los Teques', 'VEN', 'Los Teques', 831, 130000, 3520),
(3521, 'Punto Fijo', 'VEN', 'Punto Fijo', 413, 130000, 3521),
(3522, 'Guarenas', 'VEN', 'Guarenas', 831, 130000, 3522),
(3523, 'Acarigua', 'VEN', 'Acarigua', 1019, 130000, 3523),
(3524, 'Puerto La Cruz', 'VEN', 'Puerto La Cruz', 86, 130000, 3524),
(3525, 'Ciudad Losada', 'VEN', 'Ciudad Losada', 283, 130000, 3525);
INSERT INTO `cities` (`CiuCodigo`, `CiuNombre`, `CodPais`, `Distrito`, `CodDistrito`, `flete`, `id`) VALUES
(3526, 'Guacara', 'VEN', 'Guacara', 250, 130000, 3526),
(3527, 'Valera', 'VEN', 'Valera', 1304, 130000, 3527),
(3528, 'Guanare', 'VEN', 'Guanare', 1019, 130000, 3528),
(3529, 'Carúpano', 'VEN', 'Carúpano', 1209, 130000, 3529),
(3530, 'Catia La Mar', 'VEN', 'Catia La Mar', 359, 130000, 3530),
(3531, 'El Tigre', 'VEN', 'El Tigre', 86, 130000, 3531),
(3532, 'Guatire', 'VEN', 'Guatire', 831, 130000, 3532),
(3533, 'Calabozo', 'VEN', 'Calabozo', 476, 130000, 3533),
(3534, 'Pozuelos', 'VEN', 'Pozuelos', 86, 130000, 3534),
(3535, 'Ciudad Ojeda', 'VEN', 'Ciudad Ojeda', 1426, 130000, 3535),
(3536, 'Ocumare del Tuy', 'VEN', 'Ocumare del Tuy', 831, 130000, 3536),
(3537, 'Valle de la Pascua', 'VEN', 'Valle de la Pascua', 476, 130000, 3537),
(3538, 'Araure', 'VEN', 'Araure', 1019, 130000, 3538),
(3539, 'San Fernando de Apure', 'VEN', 'San Fernando de Apure', 89, 130000, 3539),
(3540, 'San Felipe', 'VEN', 'San Felipe', 1405, 130000, 3540),
(3541, 'El Limón', 'VEN', 'El Limón', 95, 130000, 3541),
(3542, 'Moscow', 'RUS', 'Moscow', 852, 130000, 3542),
(3543, 'St Petersburg', 'RUS', 'St Petersburg', 997, 130000, 3543),
(3544, 'Novosibirsk', 'RUS', 'Novosibirsk', 934, 130000, 3544),
(3545, 'Nizni Novgorod', 'RUS', 'Nizni Novgorod', 905, 130000, 3545),
(3546, 'Jekaterinburg', 'RUS', 'Jekaterinburg', 1222, 130000, 3546),
(3547, 'Samara', 'RUS', 'Samara', 1102, 130000, 3547),
(3548, 'Omsk', 'RUS', 'Omsk', 948, 130000, 3548),
(3549, 'Kazan', 'RUS', 'Kazan', 1255, 130000, 3549),
(3550, 'Ufa', 'RUS', 'Ufa', 162, 130000, 3550),
(3551, 'Tšeljabinsk', 'RUS', 'Tšeljabinsk', 1305, 130000, 3551),
(3552, 'Rostov-na-Donu', 'RUS', 'Rostov-na-Donu', 1083, 130000, 3552),
(3553, 'Perm', 'RUS', 'Perm', 990, 130000, 3553),
(3554, 'Volgograd', 'RUS', 'Volgograd', 1360, 130000, 3554),
(3555, 'Voronez', 'RUS', 'Voronez', 1363, 130000, 3555),
(3556, 'Krasnojarsk', 'RUS', 'Krasnojarsk', 689, 130000, 3556),
(3557, 'Saratov', 'RUS', 'Saratov', 1129, 130000, 3557),
(3558, 'Toljatti', 'RUS', 'Toljatti', 1102, 130000, 3558),
(3559, 'Uljanovsk', 'RUS', 'Uljanovsk', 1325, 130000, 3559),
(3560, 'Izevsk', 'RUS', 'Izevsk', 1322, 130000, 3560),
(3561, 'Krasnodar', 'RUS', 'Krasnodar', 688, 130000, 3561),
(3562, 'Jaroslavl', 'RUS', 'Jaroslavl', 589, 130000, 3562),
(3563, 'Habarovsk', 'RUS', 'Habarovsk', 488, 130000, 3563),
(3564, 'Vladivostok', 'RUS', 'Vladivostok', 1022, 130000, 3564),
(3565, 'Irkutsk', 'RUS', 'Irkutsk', 574, 130000, 3565),
(3566, 'Barnaul', 'RUS', 'Barnaul', 62, 130000, 3566),
(3567, 'Novokuznetsk', 'RUS', 'Novokuznetsk', 648, 130000, 3567),
(3568, 'Penza', 'RUS', 'Penza', 988, 130000, 3568),
(3569, 'Rjazan', 'RUS', 'Rjazan', 1079, 130000, 3569),
(3570, 'Orenburg', 'RUS', 'Orenburg', 957, 130000, 3570),
(3571, 'Lipetsk', 'RUS', 'Lipetsk', 737, 130000, 3571),
(3572, 'Nabereznyje Tšelny', 'RUS', 'Nabereznyje Tšelny', 1255, 130000, 3572),
(3573, 'Tula', 'RUS', 'Tula', 1313, 130000, 3573),
(3574, 'Tjumen', 'RUS', 'Tjumen', 1282, 130000, 3574),
(3575, 'Kemerovo', 'RUS', 'Kemerovo', 648, 130000, 3575),
(3576, 'Astrahan', 'RUS', 'Astrahan', 114, 130000, 3576),
(3577, 'Tomsk', 'RUS', 'Tomsk', 1292, 130000, 3577),
(3578, 'Kirov', 'RUS', 'Kirov', 671, 130000, 3578),
(3579, 'Ivanovo', 'RUS', 'Ivanovo', 582, 130000, 3579),
(3580, 'Tšeboksary', 'RUS', 'Tšeboksary', 1311, 130000, 3580),
(3581, 'Brjansk', 'RUS', 'Brjansk', 217, 130000, 3581),
(3582, 'Tver', 'RUS', 'Tver', 1318, 130000, 3582),
(3583, 'Kursk', 'RUS', 'Kursk', 696, 130000, 3583),
(3584, 'Magnitogorsk', 'RUS', 'Magnitogorsk', 1305, 130000, 3584),
(3585, 'Kaliningrad', 'RUS', 'Kaliningrad', 618, 130000, 3585),
(3586, 'Nizni Tagil', 'RUS', 'Nizni Tagil', 1222, 130000, 3586),
(3587, 'Murmansk', 'RUS', 'Murmansk', 859, 130000, 3587),
(3588, 'Ulan-Ude', 'RUS', 'Ulan-Ude', 227, 130000, 3588),
(3589, 'Kurgan', 'RUS', 'Kurgan', 695, 130000, 3589),
(3590, 'Arkangeli', 'RUS', 'Arkangeli', 105, 130000, 3590),
(3591, 'Sotši', 'RUS', 'Sotši', 688, 130000, 3591),
(3592, 'Smolensk', 'RUS', 'Smolensk', 1178, 130000, 3592),
(3593, 'Orjol', 'RUS', 'Orjol', 960, 130000, 3593),
(3594, 'Stavropol', 'RUS', 'Stavropol', 1205, 130000, 3594),
(3595, 'Belgorod', 'RUS', 'Belgorod', 174, 130000, 3595),
(3596, 'Kaluga', 'RUS', 'Kaluga', 620, 130000, 3596),
(3597, 'Vladimir', 'RUS', 'Vladimir', 1358, 130000, 3597),
(3598, 'Mahatškala', 'RUS', 'Mahatškala', 338, 130000, 3598),
(3599, 'Tšerepovets', 'RUS', 'Tšerepovets', 1361, 130000, 3599),
(3600, 'Saransk', 'RUS', 'Saransk', 849, 130000, 3600),
(3601, 'Tambov', 'RUS', 'Tambov', 1244, 130000, 3601),
(3602, 'Vladikavkaz', 'RUS', 'Vladikavkaz', 923, 130000, 3602),
(3603, 'Tšita', 'RUS', 'Tšita', 1310, 130000, 3603),
(3604, 'Vologda', 'RUS', 'Vologda', 1361, 130000, 3604),
(3605, 'Veliki Novgorod', 'RUS', 'Veliki Novgorod', 933, 130000, 3605),
(3606, 'Komsomolsk-na-Amure', 'RUS', 'Komsomolsk-na-Amure', 488, 130000, 3606),
(3607, 'Kostroma', 'RUS', 'Kostroma', 684, 130000, 3607),
(3608, 'Volzski', 'RUS', 'Volzski', 1360, 130000, 3608),
(3609, 'Taganrog', 'RUS', 'Taganrog', 1083, 130000, 3609),
(3610, 'Petroskoi', 'RUS', 'Petroskoi', 634, 130000, 3610),
(3611, 'Bratsk', 'RUS', 'Bratsk', 574, 130000, 3611),
(3612, 'Dzerzinsk', 'RUS', 'Dzerzinsk', 905, 130000, 3612),
(3613, 'Surgut', 'RUS', 'Surgut', 505, 130000, 3613),
(3614, 'Orsk', 'RUS', 'Orsk', 957, 130000, 3614),
(3615, 'Sterlitamak', 'RUS', 'Sterlitamak', 162, 130000, 3615),
(3616, 'Angarsk', 'RUS', 'Angarsk', 574, 130000, 3616),
(3617, 'Joškar-Ola', 'RUS', 'Joškar-Ola', 792, 130000, 3617),
(3618, 'Rybinsk', 'RUS', 'Rybinsk', 589, 130000, 3618),
(3619, 'Prokopjevsk', 'RUS', 'Prokopjevsk', 648, 130000, 3619),
(3620, 'Niznevartovsk', 'RUS', 'Niznevartovsk', 505, 130000, 3620),
(3621, 'Naltšik', 'RUS', 'Naltšik', 603, 130000, 3621),
(3622, 'Syktyvkar', 'RUS', 'Syktyvkar', 678, 130000, 3622),
(3623, 'Severodvinsk', 'RUS', 'Severodvinsk', 105, 130000, 3623),
(3624, 'Bijsk', 'RUS', 'Bijsk', 62, 130000, 3624),
(3625, 'Niznekamsk', 'RUS', 'Niznekamsk', 1255, 130000, 3625),
(3626, 'Blagoveštšensk', 'RUS', 'Blagoveštšensk', 69, 130000, 3626),
(3627, 'Šahty', 'RUS', 'Šahty', 1083, 130000, 3627),
(3628, 'Staryi Oskol', 'RUS', 'Staryi Oskol', 174, 130000, 3628),
(3629, 'Zelenograd', 'RUS', 'Zelenograd', 852, 130000, 3629),
(3630, 'Balakovo', 'RUS', 'Balakovo', 1129, 130000, 3630),
(3631, 'Novorossijsk', 'RUS', 'Novorossijsk', 688, 130000, 3631),
(3632, 'Pihkova', 'RUS', 'Pihkova', 998, 130000, 3632),
(3633, 'Zlatoust', 'RUS', 'Zlatoust', 1305, 130000, 3633),
(3634, 'Jakutsk', 'RUS', 'Jakutsk', 1089, 130000, 3634),
(3635, 'Podolsk', 'RUS', 'Podolsk', 853, 130000, 3635),
(3636, 'Petropavlovsk-Kamtšatski', 'RUS', 'Petropavlovsk-Kamtšatski', 621, 130000, 3636),
(3637, 'Kamensk-Uralski', 'RUS', 'Kamensk-Uralski', 1222, 130000, 3637),
(3638, 'Engels', 'RUS', 'Engels', 1129, 130000, 3638),
(3639, 'Syzran', 'RUS', 'Syzran', 1102, 130000, 3639),
(3640, 'Grozny', 'RUS', 'Grozny', 1309, 130000, 3640),
(3641, 'Novotšerkassk', 'RUS', 'Novotšerkassk', 1083, 130000, 3641),
(3642, 'Berezniki', 'RUS', 'Berezniki', 990, 130000, 3642),
(3643, 'Juzno-Sahalinsk', 'RUS', 'Juzno-Sahalinsk', 1090, 130000, 3643),
(3644, 'Volgodonsk', 'RUS', 'Volgodonsk', 1083, 130000, 3644),
(3645, 'Abakan', 'RUS', 'Abakan', 496, 130000, 3645),
(3646, 'Maikop', 'RUS', 'Maikop', 12, 130000, 3646),
(3647, 'Miass', 'RUS', 'Miass', 1305, 130000, 3647),
(3648, 'Armavir', 'RUS', 'Armavir', 688, 130000, 3648),
(3649, 'Ljubertsy', 'RUS', 'Ljubertsy', 853, 130000, 3649),
(3650, 'Rubtsovsk', 'RUS', 'Rubtsovsk', 62, 130000, 3650),
(3651, 'Kovrov', 'RUS', 'Kovrov', 1358, 130000, 3651),
(3652, 'Nahodka', 'RUS', 'Nahodka', 1022, 130000, 3652),
(3653, 'Ussurijsk', 'RUS', 'Ussurijsk', 1022, 130000, 3653),
(3654, 'Salavat', 'RUS', 'Salavat', 162, 130000, 3654),
(3655, 'Mytištši', 'RUS', 'Mytištši', 853, 130000, 3655),
(3656, 'Kolomna', 'RUS', 'Kolomna', 853, 130000, 3656),
(3657, 'Elektrostal', 'RUS', 'Elektrostal', 853, 130000, 3657),
(3658, 'Murom', 'RUS', 'Murom', 1358, 130000, 3658),
(3659, 'Kolpino', 'RUS', 'Kolpino', 997, 130000, 3659),
(3660, 'Norilsk', 'RUS', 'Norilsk', 689, 130000, 3660),
(3661, 'Almetjevsk', 'RUS', 'Almetjevsk', 1255, 130000, 3661),
(3662, 'Novomoskovsk', 'RUS', 'Novomoskovsk', 1313, 130000, 3662),
(3663, 'Dimitrovgrad', 'RUS', 'Dimitrovgrad', 1325, 130000, 3663),
(3664, 'Pervouralsk', 'RUS', 'Pervouralsk', 1222, 130000, 3664),
(3665, 'Himki', 'RUS', 'Himki', 853, 130000, 3665),
(3666, 'Balašiha', 'RUS', 'Balašiha', 853, 130000, 3666),
(3667, 'Nevinnomyssk', 'RUS', 'Nevinnomyssk', 1205, 130000, 3667),
(3668, 'Pjatigorsk', 'RUS', 'Pjatigorsk', 1205, 130000, 3668),
(3669, 'Korolev', 'RUS', 'Korolev', 853, 130000, 3669),
(3670, 'Serpuhov', 'RUS', 'Serpuhov', 853, 130000, 3670),
(3671, 'Odintsovo', 'RUS', 'Odintsovo', 853, 130000, 3671),
(3672, 'Orehovo-Zujevo', 'RUS', 'Orehovo-Zujevo', 853, 130000, 3672),
(3673, 'Kamyšin', 'RUS', 'Kamyšin', 1360, 130000, 3673),
(3674, 'Novotšeboksarsk', 'RUS', 'Novotšeboksarsk', 1311, 130000, 3674),
(3675, 'Tšerkessk', 'RUS', 'Tšerkessk', 632, 130000, 3675),
(3676, 'Atšinsk', 'RUS', 'Atšinsk', 689, 130000, 3676),
(3677, 'Magadan', 'RUS', 'Magadan', 766, 130000, 3677),
(3678, 'Mitšurinsk', 'RUS', 'Mitšurinsk', 1244, 130000, 3678),
(3679, 'Kislovodsk', 'RUS', 'Kislovodsk', 1205, 130000, 3679),
(3680, 'Jelets', 'RUS', 'Jelets', 737, 130000, 3680),
(3681, 'Seversk', 'RUS', 'Seversk', 1292, 130000, 3681),
(3682, 'Noginsk', 'RUS', 'Noginsk', 853, 130000, 3682),
(3683, 'Velikije Luki', 'RUS', 'Velikije Luki', 998, 130000, 3683),
(3684, 'Novokuibyševsk', 'RUS', 'Novokuibyševsk', 1102, 130000, 3684),
(3685, 'Neftekamsk', 'RUS', 'Neftekamsk', 162, 130000, 3685),
(3686, 'Leninsk-Kuznetski', 'RUS', 'Leninsk-Kuznetski', 648, 130000, 3686),
(3687, 'Oktjabrski', 'RUS', 'Oktjabrski', 162, 130000, 3687),
(3688, 'Sergijev Posad', 'RUS', 'Sergijev Posad', 853, 130000, 3688),
(3689, 'Arzamas', 'RUS', 'Arzamas', 905, 130000, 3689),
(3690, 'Kiseljovsk', 'RUS', 'Kiseljovsk', 648, 130000, 3690),
(3691, 'Novotroitsk', 'RUS', 'Novotroitsk', 957, 130000, 3691),
(3692, 'Obninsk', 'RUS', 'Obninsk', 620, 130000, 3692),
(3693, 'Kansk', 'RUS', 'Kansk', 689, 130000, 3693),
(3694, 'Glazov', 'RUS', 'Glazov', 1322, 130000, 3694),
(3695, 'Solikamsk', 'RUS', 'Solikamsk', 990, 130000, 3695),
(3696, 'Sarapul', 'RUS', 'Sarapul', 1322, 130000, 3696),
(3697, 'Ust-Ilimsk', 'RUS', 'Ust-Ilimsk', 574, 130000, 3697),
(3698, 'Štšolkovo', 'RUS', 'Štšolkovo', 853, 130000, 3698),
(3699, 'Mezduretšensk', 'RUS', 'Mezduretšensk', 648, 130000, 3699),
(3700, 'Usolje-Sibirskoje', 'RUS', 'Usolje-Sibirskoje', 574, 130000, 3700),
(3701, 'Elista', 'RUS', 'Elista', 619, 130000, 3701),
(3702, 'Novošahtinsk', 'RUS', 'Novošahtinsk', 1083, 130000, 3702),
(3703, 'Votkinsk', 'RUS', 'Votkinsk', 1322, 130000, 3703),
(3704, 'Kyzyl', 'RUS', 'Kyzyl', 1319, 130000, 3704),
(3705, 'Serov', 'RUS', 'Serov', 1222, 130000, 3705),
(3706, 'Zelenodolsk', 'RUS', 'Zelenodolsk', 1255, 130000, 3706),
(3707, 'Zeleznodoroznyi', 'RUS', 'Zeleznodoroznyi', 853, 130000, 3707),
(3708, 'Kinešma', 'RUS', 'Kinešma', 582, 130000, 3708),
(3709, 'Kuznetsk', 'RUS', 'Kuznetsk', 988, 130000, 3709),
(3710, 'Uhta', 'RUS', 'Uhta', 678, 130000, 3710),
(3711, 'Jessentuki', 'RUS', 'Jessentuki', 1205, 130000, 3711),
(3712, 'Tobolsk', 'RUS', 'Tobolsk', 1282, 130000, 3712),
(3713, 'Neftejugansk', 'RUS', 'Neftejugansk', 505, 130000, 3713),
(3714, 'Bataisk', 'RUS', 'Bataisk', 1083, 130000, 3714),
(3715, 'Nojabrsk', 'RUS', 'Nojabrsk', 1400, 130000, 3715),
(3716, 'Balašov', 'RUS', 'Balašov', 1129, 130000, 3716),
(3717, 'Zeleznogorsk', 'RUS', 'Zeleznogorsk', 696, 130000, 3717),
(3718, 'Zukovski', 'RUS', 'Zukovski', 853, 130000, 3718),
(3719, 'Anzero-Sudzensk', 'RUS', 'Anzero-Sudzensk', 648, 130000, 3719),
(3720, 'Bugulma', 'RUS', 'Bugulma', 1255, 130000, 3720),
(3721, 'Zeleznogorsk', 'RUS', 'Zeleznogorsk', 689, 130000, 3721),
(3722, 'Novouralsk', 'RUS', 'Novouralsk', 1222, 130000, 3722),
(3723, 'Puškin', 'RUS', 'Puškin', 997, 130000, 3723),
(3724, 'Vorkuta', 'RUS', 'Vorkuta', 678, 130000, 3724),
(3725, 'Derbent', 'RUS', 'Derbent', 338, 130000, 3725),
(3726, 'Kirovo-Tšepetsk', 'RUS', 'Kirovo-Tšepetsk', 671, 130000, 3726),
(3727, 'Krasnogorsk', 'RUS', 'Krasnogorsk', 853, 130000, 3727),
(3728, 'Klin', 'RUS', 'Klin', 853, 130000, 3728),
(3729, 'Tšaikovski', 'RUS', 'Tšaikovski', 990, 130000, 3729),
(3730, 'Novyi Urengoi', 'RUS', 'Novyi Urengoi', 1400, 130000, 3730),
(3731, 'Ho Chi Minh City', 'VNM', 'Ho Chi Minh City', 529, 130000, 3731),
(3732, 'Hanoi', 'VNM', 'Hanoi', 504, 130000, 3732),
(3733, 'Haiphong', 'VNM', 'Haiphong', 494, 130000, 3733),
(3734, 'Da Nang', 'VNM', 'Da Nang', 1047, 130000, 3734),
(3735, 'Biên Hoa', 'VNM', 'Biên Hoa', 374, 130000, 3735),
(3736, 'Nha Trang', 'VNM', 'Nha Trang', 654, 130000, 3736),
(3737, 'Hue', 'VNM', 'Hue', 1272, 130000, 3737),
(3738, 'Can Tho', 'VNM', 'Can Tho', 242, 130000, 3738),
(3739, 'Cam Pha', 'VNM', 'Cam Pha', 1046, 130000, 3739),
(3740, 'Nam Dinh', 'VNM', 'Nam Dinh', 870, 130000, 3740),
(3741, 'Quy Nhon', 'VNM', 'Quy Nhon', 186, 130000, 3741),
(3742, 'Vung Tau', 'VNM', 'Vung Tau', 130, 130000, 3742),
(3743, 'Rach Gia', 'VNM', 'Rach Gia', 663, 130000, 3743),
(3744, 'Long Xuyen', 'VNM', 'Long Xuyen', 70, 130000, 3744),
(3745, 'Thai Nguyen', 'VNM', 'Thai Nguyen', 132, 130000, 3745),
(3746, 'Hong Gai', 'VNM', 'Hong Gai', 1048, 130000, 3746),
(3747, 'Phan Thiêt', 'VNM', 'Phan Thiêt', 187, 130000, 3747),
(3748, 'Cam Ranh', 'VNM', 'Cam Ranh', 654, 130000, 3748),
(3749, 'Vinh', 'VNM', 'Vinh', 897, 130000, 3749),
(3750, 'My Tho', 'VNM', 'My Tho', 1277, 130000, 3750),
(3751, 'Da Lat', 'VNM', 'Da Lat', 716, 130000, 3751),
(3752, 'Buon Ma Thuot', 'VNM', 'Buon Ma Thuot', 337, 130000, 3752),
(3753, 'Tallinn', 'EST', 'Tallinn', 507, 130000, 3753),
(3754, 'Tartu', 'EST', 'Tartu', 1253, 130000, 3754),
(3755, 'New York', 'USA', 'New York', 894, 130000, 3755),
(3756, 'Los Angeles', 'USA', 'Los Angeles', 237, 130000, 3756),
(3757, 'Chicago', 'USA', 'Chicago', 562, 130000, 3757),
(3758, 'Houston', 'USA', 'Houston', 1267, 130000, 3758),
(3759, 'Philadelphia', 'USA', 'Philadelphia', 987, 130000, 3759),
(3760, 'Phoenix', 'USA', 'Phoenix', 104, 130000, 3760),
(3761, 'San Diego', 'USA', 'San Diego', 237, 130000, 3761),
(3762, 'Dallas', 'USA', 'Dallas', 1267, 130000, 3762),
(3763, 'San Antonio', 'USA', 'San Antonio', 1267, 130000, 3763),
(3764, 'Detroit', 'USA', 'Detroit', 822, 130000, 3764),
(3765, 'San Jose', 'USA', 'San Jose', 237, 130000, 3765),
(3766, 'Indianapolis', 'USA', 'Indianapolis', 567, 130000, 3766),
(3767, 'San Francisco', 'USA', 'San Francisco', 237, 130000, 3767),
(3768, 'Jacksonville', 'USA', 'Jacksonville', 422, 130000, 3768),
(3769, 'Columbus', 'USA', 'Columbus', 943, 130000, 3769),
(3770, 'Austin', 'USA', 'Austin', 1267, 130000, 3770),
(3771, 'Baltimore', 'USA', 'Baltimore', 797, 130000, 3771),
(3772, 'Memphis', 'USA', 'Memphis', 1263, 130000, 3772),
(3773, 'Milwaukee', 'USA', 'Milwaukee', 1395, 130000, 3773),
(3774, 'Boston', 'USA', 'Boston', 801, 130000, 3774),
(3775, 'Washington', 'USA', 'Washington', 357, 130000, 3775),
(3776, 'Nashville-Davidson', 'USA', 'Nashville-Davidson', 1263, 130000, 3776),
(3777, 'El Paso', 'USA', 'El Paso', 1267, 130000, 3777),
(3778, 'Seattle', 'USA', 'Seattle', 1371, 130000, 3778),
(3779, 'Denver', 'USA', 'Denver', 291, 130000, 3779),
(3780, 'Charlotte', 'USA', 'Charlotte', 918, 130000, 3780),
(3781, 'Fort Worth', 'USA', 'Fort Worth', 1267, 130000, 3781),
(3782, 'Portland', 'USA', 'Portland', 956, 130000, 3782),
(3783, 'Oklahoma City', 'USA', 'Oklahoma City', 947, 130000, 3783),
(3784, 'Tucson', 'USA', 'Tucson', 104, 130000, 3784),
(3785, 'New Orleans', 'USA', 'New Orleans', 751, 130000, 3785),
(3786, 'Las Vegas', 'USA', 'Las Vegas', 888, 130000, 3786),
(3787, 'Cleveland', 'USA', 'Cleveland', 943, 130000, 3787),
(3788, 'Long Beach', 'USA', 'Long Beach', 237, 130000, 3788),
(3789, 'Albuquerque', 'USA', 'Albuquerque', 891, 130000, 3789),
(3790, 'Kansas City', 'USA', 'Kansas City', 835, 130000, 3790),
(3791, 'Fresno', 'USA', 'Fresno', 237, 130000, 3791),
(3792, 'Virginia Beach', 'USA', 'Virginia Beach', 1356, 130000, 3792),
(3793, 'Atlanta', 'USA', 'Atlanta', 451, 130000, 3793),
(3794, 'Sacramento', 'USA', 'Sacramento', 237, 130000, 3794),
(3795, 'Oakland', 'USA', 'Oakland', 237, 130000, 3795),
(3796, 'Mesa', 'USA', 'Mesa', 104, 130000, 3796),
(3797, 'Tulsa', 'USA', 'Tulsa', 947, 130000, 3797),
(3798, 'Omaha', 'USA', 'Omaha', 885, 130000, 3798),
(3799, 'Minneapolis', 'USA', 'Minneapolis', 829, 130000, 3799),
(3800, 'Honolulu', 'USA', 'Honolulu', 514, 130000, 3800),
(3801, 'Miami', 'USA', 'Miami', 422, 130000, 3801),
(3802, 'Colorado Springs', 'USA', 'Colorado Springs', 291, 130000, 3802),
(3803, 'Saint Louis', 'USA', 'Saint Louis', 835, 130000, 3803),
(3804, 'Wichita', 'USA', 'Wichita', 626, 130000, 3804),
(3805, 'Santa Ana', 'USA', 'Santa Ana', 237, 130000, 3805),
(3806, 'Pittsburgh', 'USA', 'Pittsburgh', 987, 130000, 3806),
(3807, 'Arlington', 'USA', 'Arlington', 1267, 130000, 3807),
(3808, 'Cincinnati', 'USA', 'Cincinnati', 943, 130000, 3808),
(3809, 'Anaheim', 'USA', 'Anaheim', 237, 130000, 3809),
(3810, 'Toledo', 'USA', 'Toledo', 943, 130000, 3810),
(3811, 'Tampa', 'USA', 'Tampa', 422, 130000, 3811),
(3812, 'Buffalo', 'USA', 'Buffalo', 894, 130000, 3812),
(3813, 'Saint Paul', 'USA', 'Saint Paul', 829, 130000, 3813),
(3814, 'Corpus Christi', 'USA', 'Corpus Christi', 1267, 130000, 3814),
(3815, 'Aurora', 'USA', 'Aurora', 291, 130000, 3815),
(3816, 'Raleigh', 'USA', 'Raleigh', 918, 130000, 3816),
(3817, 'Newark', 'USA', 'Newark', 890, 130000, 3817),
(3818, 'Lexington-Fayette', 'USA', 'Lexington-Fayette', 649, 130000, 3818),
(3819, 'Anchorage', 'USA', 'Anchorage', 53, 130000, 3819),
(3820, 'Louisville', 'USA', 'Louisville', 649, 130000, 3820),
(3821, 'Riverside', 'USA', 'Riverside', 237, 130000, 3821),
(3822, 'Saint Petersburg', 'USA', 'Saint Petersburg', 422, 130000, 3822),
(3823, 'Bakersfield', 'USA', 'Bakersfield', 237, 130000, 3823),
(3824, 'Stockton', 'USA', 'Stockton', 237, 130000, 3824),
(3825, 'Birmingham', 'USA', 'Birmingham', 51, 130000, 3825),
(3826, 'Jersey City', 'USA', 'Jersey City', 890, 130000, 3826),
(3827, 'Norfolk', 'USA', 'Norfolk', 1356, 130000, 3827),
(3828, 'Baton Rouge', 'USA', 'Baton Rouge', 751, 130000, 3828),
(3829, 'Hialeah', 'USA', 'Hialeah', 422, 130000, 3829),
(3830, 'Lincoln', 'USA', 'Lincoln', 885, 130000, 3830),
(3831, 'Greensboro', 'USA', 'Greensboro', 918, 130000, 3831),
(3832, 'Plano', 'USA', 'Plano', 1267, 130000, 3832),
(3833, 'Rochester', 'USA', 'Rochester', 894, 130000, 3833),
(3834, 'Glendale', 'USA', 'Glendale', 104, 130000, 3834),
(3835, 'Akron', 'USA', 'Akron', 943, 130000, 3835),
(3836, 'Garland', 'USA', 'Garland', 1267, 130000, 3836),
(3837, 'Madison', 'USA', 'Madison', 1395, 130000, 3837),
(3838, 'Fort Wayne', 'USA', 'Fort Wayne', 567, 130000, 3838),
(3839, 'Fremont', 'USA', 'Fremont', 237, 130000, 3839),
(3840, 'Scottsdale', 'USA', 'Scottsdale', 104, 130000, 3840),
(3841, 'Montgomery', 'USA', 'Montgomery', 51, 130000, 3841),
(3842, 'Shreveport', 'USA', 'Shreveport', 751, 130000, 3842),
(3843, 'Augusta-Richmond County', 'USA', 'Augusta-Richmond County', 451, 130000, 3843),
(3844, 'Lubbock', 'USA', 'Lubbock', 1267, 130000, 3844),
(3845, 'Chesapeake', 'USA', 'Chesapeake', 1356, 130000, 3845),
(3846, 'Mobile', 'USA', 'Mobile', 51, 130000, 3846),
(3847, 'Des Moines', 'USA', 'Des Moines', 571, 130000, 3847),
(3848, 'Grand Rapids', 'USA', 'Grand Rapids', 822, 130000, 3848),
(3849, 'Richmond', 'USA', 'Richmond', 1356, 130000, 3849),
(3850, 'Yonkers', 'USA', 'Yonkers', 894, 130000, 3850),
(3851, 'Spokane', 'USA', 'Spokane', 1371, 130000, 3851),
(3852, 'Glendale', 'USA', 'Glendale', 237, 130000, 3852),
(3853, 'Tacoma', 'USA', 'Tacoma', 1371, 130000, 3853),
(3854, 'Irving', 'USA', 'Irving', 1267, 130000, 3854),
(3855, 'Huntington Beach', 'USA', 'Huntington Beach', 237, 130000, 3855),
(3856, 'Modesto', 'USA', 'Modesto', 237, 130000, 3856),
(3857, 'Durham', 'USA', 'Durham', 918, 130000, 3857),
(3858, 'Columbus', 'USA', 'Columbus', 451, 130000, 3858),
(3859, 'Orlando', 'USA', 'Orlando', 422, 130000, 3859),
(3860, 'Boise City', 'USA', 'Boise City', 556, 130000, 3860),
(3861, 'Winston-Salem', 'USA', 'Winston-Salem', 918, 130000, 3861),
(3862, 'San Bernardino', 'USA', 'San Bernardino', 237, 130000, 3862),
(3863, 'Jackson', 'USA', 'Jackson', 834, 130000, 3863),
(3864, 'Little Rock', 'USA', 'Little Rock', 106, 130000, 3864),
(3865, 'Salt Lake City', 'USA', 'Salt Lake City', 1330, 130000, 3865),
(3866, 'Reno', 'USA', 'Reno', 888, 130000, 3866),
(3867, 'Newport News', 'USA', 'Newport News', 1356, 130000, 3867),
(3868, 'Chandler', 'USA', 'Chandler', 104, 130000, 3868),
(3869, 'Laredo', 'USA', 'Laredo', 1267, 130000, 3869),
(3870, 'Henderson', 'USA', 'Henderson', 888, 130000, 3870),
(3871, 'Arlington', 'USA', 'Arlington', 1356, 130000, 3871),
(3872, 'Knoxville', 'USA', 'Knoxville', 1263, 130000, 3872),
(3873, 'Amarillo', 'USA', 'Amarillo', 1267, 130000, 3873),
(3874, 'Providence', 'USA', 'Providence', 1066, 130000, 3874),
(3875, 'Chula Vista', 'USA', 'Chula Vista', 237, 130000, 3875),
(3876, 'Worcester', 'USA', 'Worcester', 801, 130000, 3876),
(3877, 'Oxnard', 'USA', 'Oxnard', 237, 130000, 3877),
(3878, 'Dayton', 'USA', 'Dayton', 943, 130000, 3878),
(3879, 'Garden Grove', 'USA', 'Garden Grove', 237, 130000, 3879),
(3880, 'Oceanside', 'USA', 'Oceanside', 237, 130000, 3880),
(3881, 'Tempe', 'USA', 'Tempe', 104, 130000, 3881),
(3882, 'Huntsville', 'USA', 'Huntsville', 51, 130000, 3882),
(3883, 'Ontario', 'USA', 'Ontario', 237, 130000, 3883),
(3884, 'Chattanooga', 'USA', 'Chattanooga', 1263, 130000, 3884),
(3885, 'Fort Lauderdale', 'USA', 'Fort Lauderdale', 422, 130000, 3885),
(3886, 'Springfield', 'USA', 'Springfield', 801, 130000, 3886),
(3887, 'Springfield', 'USA', 'Springfield', 835, 130000, 3887),
(3888, 'Santa Clarita', 'USA', 'Santa Clarita', 237, 130000, 3888),
(3889, 'Salinas', 'USA', 'Salinas', 237, 130000, 3889),
(3890, 'Tallahassee', 'USA', 'Tallahassee', 422, 130000, 3890),
(3891, 'Rockford', 'USA', 'Rockford', 562, 130000, 3891),
(3892, 'Pomona', 'USA', 'Pomona', 237, 130000, 3892),
(3893, 'Metairie', 'USA', 'Metairie', 751, 130000, 3893),
(3894, 'Paterson', 'USA', 'Paterson', 890, 130000, 3894),
(3895, 'Overland Park', 'USA', 'Overland Park', 626, 130000, 3895),
(3896, 'Santa Rosa', 'USA', 'Santa Rosa', 237, 130000, 3896),
(3897, 'Syracuse', 'USA', 'Syracuse', 894, 130000, 3897),
(3898, 'Kansas City', 'USA', 'Kansas City', 626, 130000, 3898),
(3899, 'Hampton', 'USA', 'Hampton', 1356, 130000, 3899),
(3900, 'Lakewood', 'USA', 'Lakewood', 291, 130000, 3900),
(3901, 'Vancouver', 'USA', 'Vancouver', 1371, 130000, 3901),
(3902, 'Irvine', 'USA', 'Irvine', 237, 130000, 3902),
(3903, 'Aurora', 'USA', 'Aurora', 562, 130000, 3903),
(3904, 'Moreno Valley', 'USA', 'Moreno Valley', 237, 130000, 3904),
(3905, 'Pasadena', 'USA', 'Pasadena', 237, 130000, 3905),
(3906, 'Hayward', 'USA', 'Hayward', 237, 130000, 3906),
(3907, 'Brownsville', 'USA', 'Brownsville', 1267, 130000, 3907),
(3908, 'Bridgeport', 'USA', 'Bridgeport', 293, 130000, 3908),
(3909, 'Hollywood', 'USA', 'Hollywood', 422, 130000, 3909),
(3910, 'Warren', 'USA', 'Warren', 822, 130000, 3910),
(3911, 'Torrance', 'USA', 'Torrance', 237, 130000, 3911),
(3912, 'Eugene', 'USA', 'Eugene', 956, 130000, 3912),
(3913, 'Pembroke Pines', 'USA', 'Pembroke Pines', 422, 130000, 3913),
(3914, 'Salem', 'USA', 'Salem', 956, 130000, 3914),
(3915, 'Pasadena', 'USA', 'Pasadena', 1267, 130000, 3915),
(3916, 'Escondido', 'USA', 'Escondido', 237, 130000, 3916),
(3917, 'Sunnyvale', 'USA', 'Sunnyvale', 237, 130000, 3917),
(3918, 'Savannah', 'USA', 'Savannah', 451, 130000, 3918),
(3919, 'Fontana', 'USA', 'Fontana', 237, 130000, 3919),
(3920, 'Orange', 'USA', 'Orange', 237, 130000, 3920),
(3921, 'Naperville', 'USA', 'Naperville', 562, 130000, 3921),
(3922, 'Alexandria', 'USA', 'Alexandria', 1356, 130000, 3922),
(3923, 'Rancho Cucamonga', 'USA', 'Rancho Cucamonga', 237, 130000, 3923),
(3924, 'Grand Prairie', 'USA', 'Grand Prairie', 1267, 130000, 3924),
(3925, 'East Los Angeles', 'USA', 'East Los Angeles', 237, 130000, 3925),
(3926, 'Fullerton', 'USA', 'Fullerton', 237, 130000, 3926),
(3927, 'Corona', 'USA', 'Corona', 237, 130000, 3927),
(3928, 'Flint', 'USA', 'Flint', 822, 130000, 3928),
(3929, 'Paradise', 'USA', 'Paradise', 888, 130000, 3929),
(3930, 'Mesquite', 'USA', 'Mesquite', 1267, 130000, 3930),
(3931, 'Sterling Heights', 'USA', 'Sterling Heights', 822, 130000, 3931),
(3932, 'Sioux Falls', 'USA', 'Sioux Falls', 1187, 130000, 3932),
(3933, 'New Haven', 'USA', 'New Haven', 293, 130000, 3933),
(3934, 'Topeka', 'USA', 'Topeka', 626, 130000, 3934),
(3935, 'Concord', 'USA', 'Concord', 237, 130000, 3935),
(3936, 'Evansville', 'USA', 'Evansville', 567, 130000, 3936),
(3937, 'Hartford', 'USA', 'Hartford', 293, 130000, 3937),
(3938, 'Fayetteville', 'USA', 'Fayetteville', 918, 130000, 3938),
(3939, 'Cedar Rapids', 'USA', 'Cedar Rapids', 571, 130000, 3939),
(3940, 'Elizabeth', 'USA', 'Elizabeth', 890, 130000, 3940),
(3941, 'Lansing', 'USA', 'Lansing', 822, 130000, 3941),
(3942, 'Lancaster', 'USA', 'Lancaster', 237, 130000, 3942),
(3943, 'Fort Collins', 'USA', 'Fort Collins', 291, 130000, 3943),
(3944, 'Coral Springs', 'USA', 'Coral Springs', 422, 130000, 3944),
(3945, 'Stamford', 'USA', 'Stamford', 293, 130000, 3945),
(3946, 'Thousand Oaks', 'USA', 'Thousand Oaks', 237, 130000, 3946),
(3947, 'Vallejo', 'USA', 'Vallejo', 237, 130000, 3947),
(3948, 'Palmdale', 'USA', 'Palmdale', 237, 130000, 3948),
(3949, 'Columbia', 'USA', 'Columbia', 1186, 130000, 3949),
(3950, 'El Monte', 'USA', 'El Monte', 237, 130000, 3950),
(3951, 'Abilene', 'USA', 'Abilene', 1267, 130000, 3951),
(3952, 'North Las Vegas', 'USA', 'North Las Vegas', 888, 130000, 3952),
(3953, 'Ann Arbor', 'USA', 'Ann Arbor', 822, 130000, 3953),
(3954, 'Beaumont', 'USA', 'Beaumont', 1267, 130000, 3954),
(3955, 'Waco', 'USA', 'Waco', 1267, 130000, 3955),
(3956, 'Macon', 'USA', 'Macon', 451, 130000, 3956),
(3957, 'Independence', 'USA', 'Independence', 835, 130000, 3957),
(3958, 'Peoria', 'USA', 'Peoria', 562, 130000, 3958),
(3959, 'Inglewood', 'USA', 'Inglewood', 237, 130000, 3959),
(3960, 'Springfield', 'USA', 'Springfield', 562, 130000, 3960),
(3961, 'Simi Valley', 'USA', 'Simi Valley', 237, 130000, 3961),
(3962, 'Lafayette', 'USA', 'Lafayette', 751, 130000, 3962),
(3963, 'Gilbert', 'USA', 'Gilbert', 104, 130000, 3963),
(3964, 'Carrollton', 'USA', 'Carrollton', 1267, 130000, 3964),
(3965, 'Bellevue', 'USA', 'Bellevue', 1371, 130000, 3965),
(3966, 'West Valley City', 'USA', 'West Valley City', 1330, 130000, 3966),
(3967, 'Clarksville', 'USA', 'Clarksville', 1263, 130000, 3967),
(3968, 'Costa Mesa', 'USA', 'Costa Mesa', 237, 130000, 3968),
(3969, 'Peoria', 'USA', 'Peoria', 104, 130000, 3969),
(3970, 'South Bend', 'USA', 'South Bend', 567, 130000, 3970),
(3971, 'Downey', 'USA', 'Downey', 237, 130000, 3971),
(3972, 'Waterbury', 'USA', 'Waterbury', 293, 130000, 3972),
(3973, 'Manchester', 'USA', 'Manchester', 889, 130000, 3973),
(3974, 'Allentown', 'USA', 'Allentown', 987, 130000, 3974),
(3975, 'McAllen', 'USA', 'McAllen', 1267, 130000, 3975),
(3976, 'Joliet', 'USA', 'Joliet', 562, 130000, 3976),
(3977, 'Lowell', 'USA', 'Lowell', 801, 130000, 3977),
(3978, 'Provo', 'USA', 'Provo', 1330, 130000, 3978),
(3979, 'West Covina', 'USA', 'West Covina', 237, 130000, 3979),
(3980, 'Wichita Falls', 'USA', 'Wichita Falls', 1267, 130000, 3980),
(3981, 'Erie', 'USA', 'Erie', 987, 130000, 3981),
(3982, 'Daly City', 'USA', 'Daly City', 237, 130000, 3982),
(3983, 'Citrus Heights', 'USA', 'Citrus Heights', 237, 130000, 3983),
(3984, 'Norwalk', 'USA', 'Norwalk', 237, 130000, 3984),
(3985, 'Gary', 'USA', 'Gary', 567, 130000, 3985),
(3986, 'Berkeley', 'USA', 'Berkeley', 237, 130000, 3986),
(3987, 'Santa Clara', 'USA', 'Santa Clara', 237, 130000, 3987),
(3988, 'Green Bay', 'USA', 'Green Bay', 1395, 130000, 3988),
(3989, 'Cape Coral', 'USA', 'Cape Coral', 422, 130000, 3989),
(3990, 'Arvada', 'USA', 'Arvada', 291, 130000, 3990),
(3991, 'Pueblo', 'USA', 'Pueblo', 291, 130000, 3991),
(3992, 'Sandy', 'USA', 'Sandy', 1330, 130000, 3992),
(3993, 'Athens-Clarke County', 'USA', 'Athens-Clarke County', 451, 130000, 3993),
(3994, 'Cambridge', 'USA', 'Cambridge', 801, 130000, 3994),
(3995, 'Westminster', 'USA', 'Westminster', 291, 130000, 3995),
(3996, 'San Buenaventura', 'USA', 'San Buenaventura', 237, 130000, 3996),
(3997, 'Portsmouth', 'USA', 'Portsmouth', 1356, 130000, 3997),
(3998, 'Livonia', 'USA', 'Livonia', 822, 130000, 3998),
(3999, 'Burbank', 'USA', 'Burbank', 237, 130000, 3999),
(4000, 'Clearwater', 'USA', 'Clearwater', 422, 130000, 4000),
(4001, 'Midland', 'USA', 'Midland', 1267, 130000, 4001),
(4002, 'Davenport', 'USA', 'Davenport', 571, 130000, 4002),
(4003, 'Mission Viejo', 'USA', 'Mission Viejo', 237, 130000, 4003),
(4004, 'Miami Beach', 'USA', 'Miami Beach', 422, 130000, 4004),
(4005, 'Sunrise Manor', 'USA', 'Sunrise Manor', 888, 130000, 4005),
(4006, 'New Bedford', 'USA', 'New Bedford', 801, 130000, 4006),
(4007, 'El Cajon', 'USA', 'El Cajon', 237, 130000, 4007),
(4008, 'Norman', 'USA', 'Norman', 947, 130000, 4008),
(4009, 'Richmond', 'USA', 'Richmond', 237, 130000, 4009),
(4010, 'Albany', 'USA', 'Albany', 894, 130000, 4010),
(4011, 'Brockton', 'USA', 'Brockton', 801, 130000, 4011),
(4012, 'Roanoke', 'USA', 'Roanoke', 1356, 130000, 4012),
(4013, 'Billings', 'USA', 'Billings', 844, 130000, 4013),
(4014, 'Compton', 'USA', 'Compton', 237, 130000, 4014),
(4015, 'Gainesville', 'USA', 'Gainesville', 422, 130000, 4015),
(4016, 'Fairfield', 'USA', 'Fairfield', 237, 130000, 4016),
(4017, 'Arden-Arcade', 'USA', 'Arden-Arcade', 237, 130000, 4017),
(4018, 'San Mateo', 'USA', 'San Mateo', 237, 130000, 4018),
(4019, 'Visalia', 'USA', 'Visalia', 237, 130000, 4019),
(4020, 'Boulder', 'USA', 'Boulder', 291, 130000, 4020),
(4021, 'Cary', 'USA', 'Cary', 918, 130000, 4021),
(4022, 'Santa Monica', 'USA', 'Santa Monica', 237, 130000, 4022),
(4023, 'Fall River', 'USA', 'Fall River', 801, 130000, 4023),
(4024, 'Kenosha', 'USA', 'Kenosha', 1395, 130000, 4024),
(4025, 'Elgin', 'USA', 'Elgin', 562, 130000, 4025),
(4026, 'Odessa', 'USA', 'Odessa', 1267, 130000, 4026),
(4027, 'Carson', 'USA', 'Carson', 237, 130000, 4027),
(4028, 'Charleston', 'USA', 'Charleston', 1186, 130000, 4028),
(4029, 'Charlotte Amalie', 'VIR', 'Charlotte Amalie', 1202, 130000, 4029),
(4030, 'Harare', 'ZWE', 'Harare', 506, 130000, 4030),
(4031, 'Bulawayo', 'ZWE', 'Bulawayo', 225, 130000, 4031),
(4032, 'Chitungwiza', 'ZWE', 'Chitungwiza', 506, 130000, 4032),
(4033, 'Mount Darwin', 'ZWE', 'Mount Darwin', 506, 130000, 4033),
(4034, 'Mutare', 'ZWE', 'Mutare', 782, 130000, 4034),
(4035, 'Gweru', 'ZWE', 'Gweru', 825, 130000, 4035),
(4036, 'Gaza', 'PSE', 'Gaza', 445, 130000, 4036),
(4037, 'Khan Yunis', 'PSE', 'Khan Yunis', 653, 130000, 4037),
(4038, 'Hebron', 'PSE', 'Hebron', 517, 130000, 4038),
(4039, 'Jabaliya', 'PSE', 'Jabaliya', 919, 130000, 4039),
(4040, 'Nablus', 'PSE', 'Nablus', 862, 130000, 4040),
(4041, 'Rafah', 'PSE', 'Rafah', 1058, 130000, 4041),
(4096, 'Támesis', 'COL', 'Támesis', 83, 12000, 4096),
(4097, 'Sopetrán', 'COL', 'Sopetrán', 83, 12000, 4097),
(4098, 'Sonson', 'COL', 'Sonson', 83, 12000, 4098),
(4099, 'Segovia', 'COL', 'Segovia', 83, 12000, 4099),
(4100, 'Santo domingo', 'COL', 'Santo domingo', 83, 12000, 4100),
(4101, 'Santafé de antioquia', 'COL', 'Santafé de antioquia', 83, 12000, 4101),
(4102, 'Santa rosa de osos', 'COL', 'Santa rosa de osos', 83, 12000, 4102),
(4103, 'Santa bárbara', 'COL', 'Santa bárbara', 83, 12000, 4103),
(4104, 'San vicente', 'COL', 'San vicente', 83, 12000, 4104),
(4105, 'San roque', 'COL', 'San roque', 83, 12000, 4105),
(4106, 'San rafael', 'COL', 'San rafael', 83, 12000, 4106),
(4107, 'San pedro de uraba', 'COL', 'San pedro de uraba', 83, 12000, 4107),
(4108, 'San pedro', 'COL', 'San pedro', 83, 12000, 4108),
(4109, 'San luis', 'COL', 'San luis', 83, 12000, 4109),
(4110, 'San juan de urabá', 'COL', 'San juan de urabá', 83, 12000, 4110),
(4111, 'San josé de la montañ', 'COL', 'San josé de la montañ', 83, 12000, 4111),
(4112, 'San jerónimo', 'COL', 'San jerónimo', 83, 12000, 4112),
(4113, 'San francisco', 'COL', 'San francisco', 83, 12000, 4113),
(4114, 'San carlos', 'COL', 'San carlos', 83, 12000, 4114),
(4115, 'San andrés', 'COL', 'San andrés', 83, 12000, 4115),
(4116, 'Salgar', 'COL', 'Salgar', 83, 12000, 4116),
(4117, 'Sabaneta', 'COL', 'Sabaneta', 83, 12000, 4117),
(4118, 'Sabanalarga', 'COL', 'Sabanalarga', 83, 12000, 4118),
(4119, 'Rionegro', 'COL', 'Rionegro', 83, 12000, 4119),
(4120, 'Retiro', 'COL', 'Retiro', 83, 12000, 4120),
(4121, 'Remedios', 'COL', 'Remedios', 83, 12000, 4121),
(4122, 'Puerto triunfo', 'COL', 'Puerto triunfo', 83, 12000, 4122),
(4123, 'Puerto nare', 'COL', 'Puerto nare', 83, 12000, 4123),
(4124, 'Puerto berrío', 'COL', 'Puerto berrío', 83, 12000, 4124),
(4125, 'Pueblorrico', 'COL', 'Pueblorrico', 83, 12000, 4125),
(4126, 'Peque', 'COL', 'Peque', 83, 12000, 4126),
(4127, 'Peñol', 'COL', 'Peñol', 83, 12000, 4127),
(4128, 'Olaya', 'COL', 'Olaya', 83, 12000, 4128),
(4129, 'Necoclí', 'COL', 'Necoclí', 83, 12000, 4129),
(4130, 'Nechí', 'COL', 'Nechí', 83, 12000, 4130),
(4131, 'Nariño', 'COL', 'Nariño', 83, 12000, 4131),
(4132, 'Mutatá', 'COL', 'Mutatá', 83, 12000, 4132),
(4133, 'Murindó', 'COL', 'Murindó', 83, 12000, 4133),
(4134, 'Montebello', 'COL', 'Montebello', 83, 12000, 4134),
(4135, 'Medellín', 'COL', 'Medellín', 83, 12000, 4135),
(4136, 'Marinilla', 'COL', 'Marinilla', 83, 12000, 4136),
(4137, 'Maceo', 'COL', 'Maceo', 83, 12000, 4137),
(4138, 'Liborina', 'COL', 'Liborina', 83, 12000, 4138),
(4139, 'La unión', 'COL', 'La unión', 83, 12000, 4139),
(4140, 'La pintada', 'COL', 'La pintada', 83, 12000, 4140),
(4141, 'La estrella', 'COL', 'La estrella', 83, 12000, 4141),
(4142, 'La ceja', 'COL', 'La ceja', 83, 12000, 4142),
(4143, 'Jericó', 'COL', 'Jericó', 83, 12000, 4143),
(4144, 'Jardín', 'COL', 'Jardín', 83, 12000, 4144),
(4145, 'Ituango', 'COL', 'Ituango', 83, 12000, 4145),
(4146, 'Itagui', 'COL', 'Itagui', 83, 12000, 4146),
(4147, 'Hispania', 'COL', 'Hispania', 83, 12000, 4147),
(4148, 'Heliconia', 'COL', 'Heliconia', 83, 12000, 4148),
(4149, 'Guatape', 'COL', 'Guatape', 83, 12000, 4149),
(4150, 'Guarne', 'COL', 'Guarne', 83, 12000, 4150),
(4151, 'Guadalupe', 'COL', 'Guadalupe', 83, 12000, 4151),
(4152, 'Granada', 'COL', 'Granada', 83, 12000, 4152),
(4153, 'Gómez plata', 'COL', 'Gómez plata', 83, 12000, 4153),
(4154, 'Girardota', 'COL', 'Girardota', 83, 12000, 4154),
(4155, 'Giraldo', 'COL', 'Giraldo', 83, 12000, 4155),
(4156, 'Frontino', 'COL', 'Frontino', 83, 12000, 4156),
(4157, 'Fredonia', 'COL', 'Fredonia', 83, 12000, 4157),
(4158, 'Envigado', 'COL', 'Envigado', 83, 12000, 4158),
(4159, 'Entrerrios', 'COL', 'Entrerrios', 83, 12000, 4159),
(4160, 'El santuario', 'COL', 'El santuario', 83, 12000, 4160),
(4161, 'El carmen de viboral', 'COL', 'El carmen de viboral', 83, 12000, 4161),
(4162, 'El bagre', 'COL', 'El bagre', 83, 12000, 4162),
(4163, 'Ebéjico', 'COL', 'Ebéjico', 83, 12000, 4163),
(4164, 'Don matías', 'COL', 'Don matías', 83, 12000, 4164),
(4165, 'Dabeiba', 'COL', 'Dabeiba', 83, 12000, 4165),
(4166, 'Copacabana', 'COL', 'Copacabana', 83, 12000, 4166),
(4167, 'Concordia', 'COL', 'Concordia', 83, 12000, 4167),
(4168, 'Concepción', 'COL', 'Concepción', 83, 12000, 4168),
(4169, 'Cocorná', 'COL', 'Cocorná', 83, 12000, 4169),
(4170, 'Ciudad bolívar', 'COL', 'Ciudad bolívar', 83, 12000, 4170),
(4171, 'Cisneros', 'COL', 'Cisneros', 83, 12000, 4171),
(4172, 'Chigorodó', 'COL', 'Chigorodó', 83, 12000, 4172),
(4173, 'Caucasia', 'COL', 'Caucasia', 83, 12000, 4173),
(4174, 'Carolina', 'COL', 'Carolina', 83, 12000, 4174),
(4175, 'Carepa', 'COL', 'Carepa', 83, 12000, 4175),
(4176, 'Caramanta', 'COL', 'Caramanta', 83, 12000, 4176),
(4177, 'Caracolí', 'COL', 'Caracolí', 83, 12000, 4177),
(4178, 'Cañasgordas', 'COL', 'Cañasgordas', 83, 12000, 4178),
(4179, 'Campamento', 'COL', 'Campamento', 83, 12000, 4179),
(4180, 'Caldas', 'COL', 'Caldas', 83, 12000, 4180),
(4181, 'Caicedo', 'COL', 'Caicedo', 83, 12000, 4181),
(4182, 'Cáceres', 'COL', 'Cáceres', 83, 12000, 4182),
(4183, 'Buriticá', 'COL', 'Buriticá', 83, 12000, 4183),
(4184, 'Briceño', 'COL', 'Briceño', 83, 12000, 4184),
(4185, 'Betulia', 'COL', 'Betulia', 83, 12000, 4185),
(4186, 'Betania', 'COL', 'Betania', 83, 12000, 4186),
(4187, 'Belmira', 'COL', 'Belmira', 83, 12000, 4187),
(4188, 'Bello', 'COL', 'Bello', 83, 12000, 4188),
(4189, 'Barbosa', 'COL', 'Barbosa', 83, 12000, 4189),
(4190, 'Armenia', 'COL', 'Armenia', 83, 12000, 4190),
(4191, 'Argelia', 'COL', 'Argelia', 83, 12000, 4191),
(4192, 'Arboletes', 'COL', 'Arboletes', 83, 12000, 4192),
(4193, 'Apartadó', 'COL', 'Apartadó', 83, 12000, 4193),
(4194, 'Anza', 'COL', 'Anza', 83, 12000, 4194),
(4195, 'Anorí', 'COL', 'Anorí', 83, 12000, 4195),
(4196, 'Angostura', 'COL', 'Angostura', 83, 12000, 4196),
(4197, 'Angelópolis', 'COL', 'Angelópolis', 83, 12000, 4197),
(4198, 'Andes', 'COL', 'Andes', 83, 12000, 4198),
(4199, 'Amalfi', 'COL', 'Amalfi', 83, 12000, 4199),
(4200, 'Amagá', 'COL', 'Amagá', 83, 12000, 4200),
(4201, 'Alejandría', 'COL', 'Alejandría', 83, 12000, 4201),
(4202, 'Abriaquí', 'COL', 'Abriaquí', 83, 12000, 4202),
(4203, 'Abejorral', 'COL', 'Abejorral', 83, 12000, 4203),
(4204, 'Tarapacá', 'COL', 'Tarapacá', 65, 12000, 4204),
(4205, 'Puerto santander', 'COL', 'Puerto santander', 65, 12000, 4205),
(4206, 'Puerto nariño', 'COL', 'Puerto nariño', 65, 12000, 4206),
(4207, 'Puerto arica', 'COL', 'Puerto arica', 65, 12000, 4207),
(4208, 'Puerto alegría', 'COL', 'Puerto alegría', 65, 12000, 4208),
(4210, 'Leticia', 'COL', 'Leticia', 65, 12000, 4210),
(4211, 'La victoria', 'COL', 'La victoria', 65, 12000, 4211),
(4212, 'La pedrera', 'COL', 'La pedrera', 65, 12000, 4212),
(4213, 'La chorrera', 'COL', 'La chorrera', 65, 12000, 4213),
(4214, 'El encanto', 'COL', 'El encanto', 65, 12000, 4214),
(4215, 'Tarazá', 'COL', 'Tarazá', 83, 12000, 4215),
(4216, 'Tarso', 'COL', 'Tarso', 83, 12000, 4216),
(4217, 'Titiribí', 'COL', 'Titiribí', 83, 12000, 4217),
(4218, 'Toledo', 'COL', 'Toledo', 83, 12000, 4218),
(4219, 'Turbo', 'COL', 'Turbo', 83, 12000, 4219),
(4220, 'Uramita', 'COL', 'Uramita', 83, 12000, 4220),
(4221, 'Urrao', 'COL', 'Urrao', 83, 12000, 4221),
(4222, 'Valdivia', 'COL', 'Valdivia', 83, 12000, 4222),
(4223, 'Valparaíso', 'COL', 'Valparaíso', 83, 12000, 4223),
(4224, 'Vegachí', 'COL', 'Vegachí', 83, 12000, 4224),
(4225, 'Venecia', 'COL', 'Venecia', 83, 12000, 4225),
(4226, 'Vigía del fuerte', 'COL', 'Vigía del fuerte', 83, 12000, 4226),
(4227, 'Yalí', 'COL', 'Yalí', 83, 12000, 4227),
(4228, 'Yarumal', 'COL', 'Yarumal', 83, 12000, 4228),
(4229, 'Yolombó', 'COL', 'Yolombó', 83, 12000, 4229),
(4230, 'Yondó', 'COL', 'Yondó', 83, 12000, 4230),
(4231, 'Zaragoza', 'COL', 'Zaragoza', 83, 12000, 4231),
(4232, 'Arauca', 'COL', 'Arauca', 96, 12000, 4232),
(4233, 'Arauquita', 'COL', 'Arauquita', 96, 12000, 4233),
(4234, 'Cravo norte', 'COL', 'Cravo norte', 96, 12000, 4234),
(4235, 'Fortul', 'COL', 'Fortul', 96, 12000, 4235),
(4236, 'Puerto rondón', 'COL', 'Puerto rondón', 96, 12000, 4236),
(4237, 'Saravena', 'COL', 'Saravena', 96, 12000, 4237),
(4238, 'Tame', 'COL', 'Tame', 96, 12000, 4238),
(4239, 'Providencia', 'COL', 'Providencia', 97, 12000, 4239),
(4240, 'San andrés', 'COL', 'San andrés', 97, 12000, 4240),
(4241, 'Baranoa', 'COL', 'Baranoa', 120, 12000, 4241),
(4242, 'Barranquilla', 'COL', 'Barranquilla', 120, 12000, 4242),
(4243, 'Campo de la cruz', 'COL', 'Campo de la cruz', 120, 12000, 4243),
(4244, 'Candelaria', 'COL', 'Candelaria', 120, 12000, 4244),
(4245, 'Galapa', 'COL', 'Galapa', 120, 12000, 4245),
(4246, 'Juan de acosta', 'COL', 'Juan de acosta', 120, 12000, 4246),
(4247, 'Luruaco', 'COL', 'Luruaco', 120, 12000, 4247),
(4248, 'Malambo', 'COL', 'Malambo', 120, 12000, 4248),
(4249, 'Manatí', 'COL', 'Manatí', 120, 12000, 4249),
(4250, 'Palmar de varela', 'COL', 'Palmar de varela', 120, 12000, 4250),
(4251, 'Piojó', 'COL', 'Piojó', 120, 12000, 4251),
(4252, 'Polonuevo', 'COL', 'Polonuevo', 120, 12000, 4252),
(4253, 'Ponedera', 'COL', 'Ponedera', 120, 12000, 4253),
(4254, 'Puerto colombia', 'COL', 'Puerto colombia', 120, 12000, 4254),
(4255, 'Repelón', 'COL', 'Repelón', 120, 12000, 4255),
(4256, 'Sabanagrande', 'COL', 'Sabanagrande', 120, 12000, 4256),
(4257, 'Sabanalarga', 'COL', 'Sabanalarga', 120, 12000, 4257),
(4258, 'Santa lucía', 'COL', 'Santa lucía', 120, 12000, 4258),
(4259, 'Santo tomás', 'COL', 'Santo tomás', 120, 12000, 4259),
(4260, 'Soledad', 'COL', 'Soledad', 120, 12000, 4260),
(4261, 'Suan', 'COL', 'Suan', 120, 12000, 4261),
(4262, 'Tubará', 'COL', 'Tubará', 120, 12000, 4262),
(4263, 'Usiacurí', 'COL', 'Usiacurí', 120, 12000, 4263),
(4264, 'Bogotá', 'COL', 'Bogotá', 196, 12000, 4264),
(4265, 'Achí', 'COL', 'Achí', 197, 12000, 4265),
(4266, 'Altos del rosario', 'COL', 'Altos del rosario', 197, 12000, 4266),
(4267, 'Arenal', 'COL', 'Arenal', 197, 12000, 4267),
(4268, 'Arjona', 'COL', 'Arjona', 197, 12000, 4268),
(4269, 'Arroyohondo', 'COL', 'Arroyohondo', 197, 12000, 4269),
(4270, 'Barranco de loba', 'COL', 'Barranco de loba', 197, 12000, 4270),
(4271, 'Calamar', 'COL', 'Calamar', 197, 12000, 4271),
(4272, 'Cantagallo', 'COL', 'Cantagallo', 197, 12000, 4272),
(4273, 'Cartagena', 'COL', 'Cartagena', 197, 12000, 4273),
(4274, 'Cicuco', 'COL', 'Cicuco', 197, 12000, 4274),
(4275, 'Clemencia', 'COL', 'Clemencia', 197, 12000, 4275),
(4276, 'Córdoba', 'COL', 'Córdoba', 197, 12000, 4276),
(4277, 'El carmen de bolívar', 'COL', 'El carmen de bolívar', 197, 12000, 4277),
(4278, 'El guamo', 'COL', 'El guamo', 197, 12000, 4278),
(4279, 'El peñón', 'COL', 'El peñón', 197, 12000, 4279),
(4280, 'Hatillo de loba', 'COL', 'Hatillo de loba', 197, 12000, 4280),
(4281, 'Magangué', 'COL', 'Magangué', 197, 12000, 4281),
(4282, 'Mahates', 'COL', 'Mahates', 197, 12000, 4282),
(4283, 'Margarita', 'COL', 'Margarita', 197, 12000, 4283),
(4284, 'María la baja', 'COL', 'María la baja', 197, 12000, 4284),
(4285, 'Mompós', 'COL', 'Mompós', 197, 12000, 4285),
(4286, 'Montecristo', 'COL', 'Montecristo', 197, 12000, 4286),
(4287, 'Morales', 'COL', 'Morales', 197, 12000, 4287),
(4288, 'Pinillos', 'COL', 'Pinillos', 197, 12000, 4288),
(4289, 'Regidor', 'COL', 'Regidor', 197, 12000, 4289),
(4290, 'Río viejo', 'COL', 'Río viejo', 197, 12000, 4290),
(4291, 'San cristóbal', 'COL', 'San cristóbal', 197, 12000, 4291),
(4292, 'San estanislao', 'COL', 'San estanislao', 197, 12000, 4292),
(4293, 'San fernando', 'COL', 'San fernando', 197, 12000, 4293),
(4294, 'San jacinto', 'COL', 'San jacinto', 197, 12000, 4294),
(4295, 'San jacinto del cauca', 'COL', 'San jacinto del cauca', 197, 12000, 4295),
(4296, 'San juan nepomuceno', 'COL', 'San juan nepomuceno', 197, 12000, 4296),
(4297, 'San martín de loba', 'COL', 'San martín de loba', 197, 12000, 4297),
(4298, 'San pablo', 'COL', 'San pablo', 197, 12000, 4298),
(4299, 'Santa catalina', 'COL', 'Santa catalina', 197, 12000, 4299),
(4300, 'Santa rosa', 'COL', 'Santa rosa', 197, 12000, 4300),
(4301, 'Santa rosa del sur', 'COL', 'Santa rosa del sur', 197, 12000, 4301),
(4302, 'Simití', 'COL', 'Simití', 197, 12000, 4302),
(4303, 'Soplaviento', 'COL', 'Soplaviento', 197, 12000, 4303),
(4304, 'Talaigua nuevo', 'COL', 'Talaigua nuevo', 197, 12000, 4304),
(4305, 'Tiquisio', 'COL', 'Tiquisio', 197, 12000, 4305),
(4306, 'Turbaco', 'COL', 'Turbaco', 197, 12000, 4306),
(4307, 'Turbaná', 'COL', 'Turbaná', 197, 12000, 4307),
(4308, 'Villanueva', 'COL', 'Villanueva', 197, 12000, 4308),
(4309, 'Zambrano', 'COL', 'Zambrano', 197, 12000, 4309),
(4310, 'Almeida', 'COL', 'Almeida', 206, 12000, 4310),
(4311, 'Aquitania', 'COL', 'Aquitania', 206, 12000, 4311),
(4312, 'Arcabuco', 'COL', 'Arcabuco', 206, 12000, 4312),
(4313, 'Belén', 'COL', 'Belén', 206, 12000, 4313),
(4314, 'Berbeo', 'COL', 'Berbeo', 206, 12000, 4314),
(4315, 'Betéitiva', 'COL', 'Betéitiva', 206, 12000, 4315),
(4316, 'Boavita', 'COL', 'Boavita', 206, 12000, 4316),
(4317, 'Boyacá', 'COL', 'Boyacá', 206, 12000, 4317),
(4318, 'Briceño', 'COL', 'Briceño', 206, 12000, 4318),
(4319, 'Buenavista', 'COL', 'Buenavista', 206, 12000, 4319),
(4320, 'Busbanzá', 'COL', 'Busbanzá', 206, 12000, 4320),
(4321, 'Caldas', 'COL', 'Caldas', 206, 12000, 4321),
(4322, 'Campohermoso', 'COL', 'Campohermoso', 206, 12000, 4322),
(4323, 'Cerinza', 'COL', 'Cerinza', 206, 12000, 4323),
(4324, 'Chinavita', 'COL', 'Chinavita', 206, 12000, 4324),
(4325, 'Chiquinquirá', 'COL', 'Chiquinquirá', 206, 12000, 4325),
(4326, 'Chíquiza', 'COL', 'Chíquiza', 206, 12000, 4326),
(4327, 'Chiscas', 'COL', 'Chiscas', 206, 12000, 4327),
(4328, 'Chita', 'COL', 'Chita', 206, 12000, 4328),
(4329, 'Chitaraque', 'COL', 'Chitaraque', 206, 12000, 4329),
(4330, 'Chivatá', 'COL', 'Chivatá', 206, 12000, 4330),
(4331, 'Chivor', 'COL', 'Chivor', 206, 12000, 4331),
(4332, 'Ciénega', 'COL', 'Ciénega', 206, 12000, 4332),
(4333, 'Cómbita', 'COL', 'Cómbita', 206, 12000, 4333),
(4334, 'Coper', 'COL', 'Coper', 206, 12000, 4334),
(4335, 'Corrales', 'COL', 'Corrales', 206, 12000, 4335),
(4336, 'Covarachía', 'COL', 'Covarachía', 206, 12000, 4336),
(4337, 'Cubará', 'COL', 'Cubará', 206, 12000, 4337),
(4338, 'Cucaita', 'COL', 'Cucaita', 206, 12000, 4338),
(4339, 'Cuítiva', 'COL', 'Cuítiva', 206, 12000, 4339),
(4340, 'Duitama', 'COL', 'Duitama', 206, 12000, 4340),
(4341, 'El cocuy', 'COL', 'El cocuy', 206, 12000, 4341),
(4342, 'El espino', 'COL', 'El espino', 206, 12000, 4342),
(4343, 'Firavitoba', 'COL', 'Firavitoba', 206, 12000, 4343),
(4344, 'Floresta', 'COL', 'Floresta', 206, 12000, 4344),
(4345, 'Gachantivá', 'COL', 'Gachantivá', 206, 12000, 4345),
(4346, 'Gameza', 'COL', 'Gameza', 206, 12000, 4346),
(4347, 'Garagoa', 'COL', 'Garagoa', 206, 12000, 4347),
(4348, 'Guacamayas', 'COL', 'Guacamayas', 206, 12000, 4348),
(4349, 'Guateque', 'COL', 'Guateque', 206, 12000, 4349),
(4350, 'Guayatá', 'COL', 'Guayatá', 206, 12000, 4350),
(4351, 'Guicán', 'COL', 'Guicán', 206, 12000, 4351),
(4352, 'Iza', 'COL', 'Iza', 206, 12000, 4352),
(4353, 'Jenesano', 'COL', 'Jenesano', 206, 12000, 4353),
(4354, 'Jericó', 'COL', 'Jericó', 206, 12000, 4354),
(4355, 'La capilla', 'COL', 'La capilla', 206, 12000, 4355),
(4356, 'La uvita', 'COL', 'La uvita', 206, 12000, 4356),
(4357, 'La victoria', 'COL', 'La victoria', 206, 12000, 4357),
(4358, 'Labranzagrande', 'COL', 'Labranzagrande', 206, 12000, 4358),
(4359, 'Macanal', 'COL', 'Macanal', 206, 12000, 4359),
(4360, 'Maripí', 'COL', 'Maripí', 206, 12000, 4360),
(4361, 'Miraflores', 'COL', 'Miraflores', 206, 12000, 4361),
(4362, 'Mongua', 'COL', 'Mongua', 206, 12000, 4362),
(4363, 'Monguí', 'COL', 'Monguí', 206, 12000, 4363),
(4364, 'Moniquirá', 'COL', 'Moniquirá', 206, 12000, 4364),
(4365, 'Motavita', 'COL', 'Motavita', 206, 12000, 4365),
(4366, 'Muzo', 'COL', 'Muzo', 206, 12000, 4366),
(4367, 'Nobsa', 'COL', 'Nobsa', 206, 12000, 4367),
(4368, 'Nuevo colón', 'COL', 'Nuevo colón', 206, 12000, 4368),
(4369, 'Oicatá', 'COL', 'Oicatá', 206, 12000, 4369),
(4370, 'Otanche', 'COL', 'Otanche', 206, 12000, 4370),
(4371, 'Pachavita', 'COL', 'Pachavita', 206, 12000, 4371),
(4372, 'Páez', 'COL', 'Páez', 206, 12000, 4372),
(4373, 'Paipa', 'COL', 'Paipa', 206, 12000, 4373),
(4374, 'Pajarito', 'COL', 'Pajarito', 206, 12000, 4374),
(4375, 'Panqueba', 'COL', 'Panqueba', 206, 12000, 4375),
(4376, 'Pauna', 'COL', 'Pauna', 206, 12000, 4376),
(4377, 'Paya', 'COL', 'Paya', 206, 12000, 4377),
(4378, 'Paz de río', 'COL', 'Paz de río', 206, 12000, 4378),
(4379, 'Pesca', 'COL', 'Pesca', 206, 12000, 4379),
(4380, 'Pisba', 'COL', 'Pisba', 206, 12000, 4380),
(4381, 'Puerto boyacá', 'COL', 'Puerto boyacá', 206, 12000, 4381),
(4382, 'Quípama', 'COL', 'Quípama', 206, 12000, 4382),
(4383, 'Ramiriquí', 'COL', 'Ramiriquí', 206, 12000, 4383),
(4384, 'Ráquira', 'COL', 'Ráquira', 206, 12000, 4384),
(4385, 'Rondón', 'COL', 'Rondón', 206, 12000, 4385),
(4386, 'Saboyá', 'COL', 'Saboyá', 206, 12000, 4386),
(4387, 'Sáchica', 'COL', 'Sáchica', 206, 12000, 4387),
(4388, 'Samacá', 'COL', 'Samacá', 206, 12000, 4388),
(4389, 'San eduardo', 'COL', 'San eduardo', 206, 12000, 4389),
(4390, 'San josé de pare', 'COL', 'San josé de pare', 206, 12000, 4390),
(4391, 'San luis de gaceno', 'COL', 'San luis de gaceno', 206, 12000, 4391),
(4392, 'San mateo', 'COL', 'San mateo', 206, 12000, 4392),
(4393, 'San miguel de sema', 'COL', 'San miguel de sema', 206, 12000, 4393),
(4394, 'San pablo de borbur', 'COL', 'San pablo de borbur', 206, 12000, 4394),
(4395, 'Santa maría', 'COL', 'Santa maría', 206, 12000, 4395),
(4396, 'Santa rosa de viterbo', 'COL', 'Santa rosa de viterbo', 206, 12000, 4396),
(4397, 'Santa sofía', 'COL', 'Santa sofía', 206, 12000, 4397),
(4398, 'Santana', 'COL', 'Santana', 206, 12000, 4398),
(4399, 'Sativanorte', 'COL', 'Sativanorte', 206, 12000, 4399),
(4400, 'Sativasur', 'COL', 'Sativasur', 206, 12000, 4400),
(4401, 'Siachoque', 'COL', 'Siachoque', 206, 12000, 4401),
(4402, 'Soatá', 'COL', 'Soatá', 206, 12000, 4402),
(4403, 'Socha', 'COL', 'Socha', 206, 12000, 4403),
(4404, 'Socotá', 'COL', 'Socotá', 206, 12000, 4404),
(4405, 'Sogamoso', 'COL', 'Sogamoso', 206, 12000, 4405),
(4406, 'Somondoco', 'COL', 'Somondoco', 206, 12000, 4406),
(4407, 'Sora', 'COL', 'Sora', 206, 12000, 4407),
(4408, 'Soracá', 'COL', 'Soracá', 206, 12000, 4408),
(4409, 'Sotaquirá', 'COL', 'Sotaquirá', 206, 12000, 4409),
(4410, 'Susacón', 'COL', 'Susacón', 206, 12000, 4410),
(4411, 'Sutamarchán', 'COL', 'Sutamarchán', 206, 12000, 4411),
(4412, 'Sutatenza', 'COL', 'Sutatenza', 206, 12000, 4412),
(4413, 'Tasco', 'COL', 'Tasco', 206, 12000, 4413),
(4414, 'Tenza', 'COL', 'Tenza', 206, 12000, 4414),
(4415, 'Tibaná', 'COL', 'Tibaná', 206, 12000, 4415),
(4416, 'Tibasosa', 'COL', 'Tibasosa', 206, 12000, 4416),
(4417, 'Tinjacá', 'COL', 'Tinjacá', 206, 12000, 4417),
(4418, 'Tipacoque', 'COL', 'Tipacoque', 206, 12000, 4418),
(4419, 'Toca', 'COL', 'Toca', 206, 12000, 4419),
(4420, 'Toguí', 'COL', 'Toguí', 206, 12000, 4420),
(4421, 'Tópaga', 'COL', 'Tópaga', 206, 12000, 4421),
(4422, 'Tota', 'COL', 'Tota', 206, 12000, 4422),
(4423, 'Tunja', 'COL', 'Tunja', 206, 12000, 4423),
(4424, 'Tununguá', 'COL', 'Tununguá', 206, 12000, 4424),
(4425, 'Turmequé', 'COL', 'Turmequé', 206, 12000, 4425),
(4426, 'Tuta', 'COL', 'Tuta', 206, 12000, 4426),
(4427, 'Tutazá', 'COL', 'Tutazá', 206, 12000, 4427),
(4428, 'Umbita', 'COL', 'Umbita', 206, 12000, 4428),
(4429, 'Ventaquemada', 'COL', 'Ventaquemada', 206, 12000, 4429),
(4430, 'Villa de leyva', 'COL', 'Villa de leyva', 206, 12000, 4430),
(4431, 'Viracachá', 'COL', 'Viracachá', 206, 12000, 4431),
(4432, 'Zetaquira', 'COL', 'Zetaquira', 206, 12000, 4432),
(4433, 'Aguadas', 'COL', 'Aguadas', 236, 12000, 4433),
(4434, 'Anserma', 'COL', 'Anserma', 236, 12000, 4434),
(4435, 'Aranzazu', 'COL', 'Aranzazu', 236, 12000, 4435),
(4436, 'Belalcázar', 'COL', 'Belalcázar', 236, 12000, 4436),
(4437, 'Chinchiná', 'COL', 'Chinchiná', 236, 12000, 4437),
(4438, 'Filadelfia', 'COL', 'Filadelfia', 236, 12000, 4438),
(4439, 'La dorada', 'COL', 'La dorada', 236, 12000, 4439),
(4440, 'La merced', 'COL', 'La merced', 236, 12000, 4440),
(4441, 'Manizales', 'COL', 'Manizales', 236, 12000, 4441),
(4442, 'Manzanares', 'COL', 'Manzanares', 236, 12000, 4442),
(4443, 'Marmato', 'COL', 'Marmato', 236, 12000, 4443),
(4444, 'Marquetalia', 'COL', 'Marquetalia', 236, 12000, 4444),
(4445, 'Marulanda', 'COL', 'Marulanda', 236, 12000, 4445),
(4446, 'Neira', 'COL', 'Neira', 236, 12000, 4446),
(4447, 'Norcasia', 'COL', 'Norcasia', 236, 12000, 4447),
(4448, 'Pácora', 'COL', 'Pácora', 236, 12000, 4448),
(4449, 'Palestina', 'COL', 'Palestina', 236, 12000, 4449),
(4450, 'Pensilvania', 'COL', 'Pensilvania', 236, 12000, 4450),
(4451, 'Riosucio', 'COL', 'Riosucio', 236, 12000, 4451);
INSERT INTO `cities` (`CiuCodigo`, `CiuNombre`, `CodPais`, `Distrito`, `CodDistrito`, `flete`, `id`) VALUES
(4452, 'Risaralda', 'COL', 'Risaralda', 236, 12000, 4452),
(4453, 'Salamina', 'COL', 'Salamina', 236, 12000, 4453),
(4454, 'Samaná', 'COL', 'Samaná', 236, 12000, 4454),
(4455, 'San josé', 'COL', 'San josé', 236, 12000, 4455),
(4456, 'Supía', 'COL', 'Supía', 236, 12000, 4456),
(4457, 'Victoria', 'COL', 'Victoria', 236, 12000, 4457),
(4458, 'Villamaría', 'COL', 'Villamaría', 236, 12000, 4458),
(4459, 'Viterbo', 'COL', 'Viterbo', 236, 12000, 4459),
(4460, 'Albania', 'COL', 'Albania', 248, 12000, 4460),
(4461, 'Belén de los andaquies', 'COL', 'Belén de los andaquies', 248, 12000, 4461),
(4462, 'Cartagena del chairá', 'COL', 'Cartagena del chairá', 248, 12000, 4462),
(4463, 'Curillo', 'COL', 'Curillo', 248, 12000, 4463),
(4464, 'El doncello', 'COL', 'El doncello', 248, 12000, 4464),
(4465, 'El paujil', 'COL', 'El paujil', 248, 12000, 4465),
(4466, 'Florencia', 'COL', 'Florencia', 248, 12000, 4466),
(4467, 'La montañita', 'COL', 'La montañita', 248, 12000, 4467),
(4468, 'Milán', 'COL', 'Milán', 248, 12000, 4468),
(4469, 'Morelia', 'COL', 'Morelia', 248, 12000, 4469),
(4470, 'Puerto rico', 'COL', 'Puerto rico', 248, 12000, 4470),
(4471, 'San josé del fragua', 'COL', 'San josé del fragua', 248, 12000, 4471),
(4472, 'San vicente del caguán', 'COL', 'San vicente del caguán', 248, 12000, 4472),
(4473, 'Solano', 'COL', 'Solano', 248, 12000, 4473),
(4474, 'Solita', 'COL', 'Solita', 248, 12000, 4474),
(4475, 'Valparaíso', 'COL', 'Valparaíso', 248, 12000, 4475),
(4476, 'Aguazul', 'COL', 'Aguazul', 256, 12000, 4476),
(4477, 'Chameza', 'COL', 'Chameza', 256, 12000, 4477),
(4478, 'Hato corozal', 'COL', 'Hato corozal', 256, 12000, 4478),
(4479, 'La salina', 'COL', 'La salina', 256, 12000, 4479),
(4480, 'Maní', 'COL', 'Maní', 256, 12000, 4480),
(4481, 'Monterrey', 'COL', 'Monterrey', 256, 12000, 4481),
(4482, 'Nunchía', 'COL', 'Nunchía', 256, 12000, 4482),
(4483, 'Orocué', 'COL', 'Orocué', 256, 12000, 4483),
(4484, 'Paz de ariporo', 'COL', 'Paz de ariporo', 256, 12000, 4484),
(4485, 'Pore', 'COL', 'Pore', 256, 12000, 4485),
(4486, 'Recetor', 'COL', 'Recetor', 256, 12000, 4486),
(4487, 'Sabanalarga', 'COL', 'Sabanalarga', 256, 12000, 4487),
(4488, 'Sácama', 'COL', 'Sácama', 256, 12000, 4488),
(4489, 'San luis de palenque', 'COL', 'San luis de palenque', 256, 12000, 4489),
(4490, 'Támara', 'COL', 'Támara', 256, 12000, 4490),
(4491, 'Tauramena', 'COL', 'Tauramena', 256, 12000, 4491),
(4492, 'Trinidad', 'COL', 'Trinidad', 256, 12000, 4492),
(4493, 'Villanueva', 'COL', 'Villanueva', 256, 12000, 4493),
(4494, 'Yopal', 'COL', 'Yopal', 256, 12000, 4494),
(4495, 'Almaguer', 'COL', 'Almaguer', 260, 12000, 4495),
(4496, 'Argelia', 'COL', 'Argelia', 260, 12000, 4496),
(4497, 'Balboa', 'COL', 'Balboa', 260, 12000, 4497),
(4498, 'Bolívar', 'COL', 'Bolívar', 260, 12000, 4498),
(4499, 'Buenos aires', 'COL', 'Buenos aires', 260, 12000, 4499),
(4500, 'Cajibío', 'COL', 'Cajibío', 260, 12000, 4500),
(4501, 'Caldono', 'COL', 'Caldono', 260, 12000, 4501),
(4502, 'Caloto', 'COL', 'Caloto', 260, 12000, 4502),
(4503, 'Corinto', 'COL', 'Corinto', 260, 12000, 4503),
(4504, 'El tambo', 'COL', 'El tambo', 260, 12000, 4504),
(4505, 'Florencia', 'COL', 'Florencia', 260, 12000, 4505),
(4506, 'Guapi', 'COL', 'Guapi', 260, 12000, 4506),
(4507, 'Inzá', 'COL', 'Inzá', 260, 12000, 4507),
(4508, 'Jambaló', 'COL', 'Jambaló', 260, 12000, 4508),
(4509, 'La sierra', 'COL', 'La sierra', 260, 12000, 4509),
(4510, 'La vega', 'COL', 'La vega', 260, 12000, 4510),
(4511, 'López', 'COL', 'López', 260, 12000, 4511),
(4512, 'Mercaderes', 'COL', 'Mercaderes', 260, 12000, 4512),
(4513, 'Miranda', 'COL', 'Miranda', 260, 12000, 4513),
(4514, 'Morales', 'COL', 'Morales', 260, 12000, 4514),
(4515, 'Padilla', 'COL', 'Padilla', 260, 12000, 4515),
(4516, 'Paez', 'COL', 'Paez', 260, 12000, 4516),
(4517, 'Patía', 'COL', 'Patía', 260, 12000, 4517),
(4518, 'Piamonte', 'COL', 'Piamonte', 260, 12000, 4518),
(4519, 'Piendamó', 'COL', 'Piendamó', 260, 12000, 4519),
(4520, 'Popayán', 'COL', 'Popayán', 260, 12000, 4520),
(4521, 'Puerto tejada', 'COL', 'Puerto tejada', 260, 12000, 4521),
(4522, 'Puracé', 'COL', 'Puracé', 260, 12000, 4522),
(4523, 'Rosas', 'COL', 'Rosas', 260, 12000, 4523),
(4524, 'San sebastián', 'COL', 'San sebastián', 260, 12000, 4524),
(4525, 'Santa rosa', 'COL', 'Santa rosa', 260, 12000, 4525),
(4526, 'Santander de quilichao', 'COL', 'Santander de quilichao', 260, 12000, 4526),
(4527, 'Silvia', 'COL', 'Silvia', 260, 12000, 4527),
(4528, 'Sotara', 'COL', 'Sotara', 260, 12000, 4528),
(4529, 'Suárez', 'COL', 'Suárez', 260, 12000, 4529),
(4530, 'Sucre', 'COL', 'Sucre', 260, 12000, 4530),
(4531, 'Timbío', 'COL', 'Timbío', 260, 12000, 4531),
(4532, 'Timbiquí', 'COL', 'Timbiquí', 260, 12000, 4532),
(4533, 'Toribio', 'COL', 'Toribio', 260, 12000, 4533),
(4534, 'Totoró', 'COL', 'Totoró', 260, 12000, 4534),
(4535, 'Villa rica', 'COL', 'Villa rica', 260, 12000, 4535),
(4536, 'Aguachica', 'COL', 'Aguachica', 279, 12000, 4536),
(4537, 'Agustín codazzi', 'COL', 'Agustín codazzi', 279, 12000, 4537),
(4538, 'Astrea', 'COL', 'Astrea', 279, 12000, 4538),
(4539, 'Becerril', 'COL', 'Becerril', 279, 12000, 4539),
(4540, 'Bosconia', 'COL', 'Bosconia', 279, 12000, 4540),
(4541, 'Chimichagua', 'COL', 'Chimichagua', 279, 12000, 4541),
(4542, 'Chiriguaná', 'COL', 'Chiriguaná', 279, 12000, 4542),
(4543, 'Curumaní', 'COL', 'Curumaní', 279, 12000, 4543),
(4544, 'El copey', 'COL', 'El copey', 279, 12000, 4544),
(4545, 'El paso', 'COL', 'El paso', 279, 12000, 4545),
(4546, 'Gamarra', 'COL', 'Gamarra', 279, 12000, 4546),
(4547, 'González', 'COL', 'González', 279, 12000, 4547),
(4548, 'La gloria', 'COL', 'La gloria', 279, 12000, 4548),
(4549, 'La jagua de ibirico', 'COL', 'La jagua de ibirico', 279, 12000, 4549),
(4550, 'La paz', 'COL', 'La paz', 279, 12000, 4550),
(4551, 'Manaure', 'COL', 'Manaure', 279, 12000, 4551),
(4552, 'Pailitas', 'COL', 'Pailitas', 279, 12000, 4552),
(4553, 'Pelaya', 'COL', 'Pelaya', 279, 12000, 4553),
(4554, 'Pueblo bello', 'COL', 'Pueblo bello', 279, 12000, 4554),
(4555, 'Río de oro', 'COL', 'Río de oro', 279, 12000, 4555),
(4556, 'San alberto', 'COL', 'San alberto', 279, 12000, 4556),
(4557, 'San diego', 'COL', 'San diego', 279, 12000, 4557),
(4558, 'San martín', 'COL', 'San martín', 279, 12000, 4558),
(4559, 'Tamalameque', 'COL', 'Tamalameque', 279, 12000, 4559),
(4560, 'Valledupar', 'COL', 'Valledupar', 279, 12000, 4560),
(4561, 'Acandí', 'COL', 'Acandí', 328, 12000, 4561),
(4562, 'Alto baudo', 'COL', 'Alto baudo', 328, 12000, 4562),
(4563, 'Atrato', 'COL', 'Atrato', 328, 12000, 4563),
(4564, 'Bagadó', 'COL', 'Bagadó', 328, 12000, 4564),
(4565, 'Bahía solano', 'COL', 'Bahía solano', 328, 12000, 4565),
(4566, 'Bajo baudó', 'COL', 'Bajo baudó', 328, 12000, 4566),
(4567, 'Belén de bajirá', 'COL', 'Belén de bajirá', 328, 12000, 4567),
(4568, 'Bojaya', 'COL', 'Bojaya', 328, 12000, 4568),
(4569, 'Carmen del darien', 'COL', 'Carmen del darien', 328, 12000, 4569),
(4570, 'Cértegui', 'COL', 'Cértegui', 328, 12000, 4570),
(4571, 'Condoto', 'COL', 'Condoto', 328, 12000, 4571),
(4572, 'El cantón del san pablo', 'COL', 'El cantón del san pablo', 328, 12000, 4572),
(4573, 'El carmen de atrato', 'COL', 'El carmen de atrato', 328, 12000, 4573),
(4574, 'El litoral del san juan', 'COL', 'El litoral del san juan', 328, 12000, 4574),
(4575, 'Istmina', 'COL', 'Istmina', 328, 12000, 4575),
(4576, 'Juradó', 'COL', 'Juradó', 328, 12000, 4576),
(4577, 'Lloró', 'COL', 'Lloró', 328, 12000, 4577),
(4578, 'Medio atrato', 'COL', 'Medio atrato', 328, 12000, 4578),
(4579, 'Medio baudó', 'COL', 'Medio baudó', 328, 12000, 4579),
(4580, 'Medio san juan', 'COL', 'Medio san juan', 328, 12000, 4580),
(4581, 'Nóvita', 'COL', 'Nóvita', 328, 12000, 4581),
(4582, 'Nuquí', 'COL', 'Nuquí', 328, 12000, 4582),
(4583, 'Quibdó', 'COL', 'Quibdó', 328, 12000, 4583),
(4584, 'Río iro', 'COL', 'Río iro', 328, 12000, 4584),
(4585, 'Río quito', 'COL', 'Río quito', 328, 12000, 4585),
(4586, 'Riosucio', 'COL', 'Riosucio', 328, 12000, 4586),
(4587, 'San josé del palmar', 'COL', 'San josé del palmar', 328, 12000, 4587),
(4588, 'Sipí', 'COL', 'Sipí', 328, 12000, 4588),
(4589, 'Tadó', 'COL', 'Tadó', 328, 12000, 4589),
(4590, 'Unguía', 'COL', 'Unguía', 328, 12000, 4590),
(4591, 'Unión panamericana', 'COL', 'Unión panamericana', 328, 12000, 4591),
(4592, 'Ayapel', 'COL', 'Ayapel', 231, 12000, 4592),
(4593, 'Buenavista', 'COL', 'Buenavista', 231, 12000, 4593),
(4594, 'Canalete', 'COL', 'Canalete', 231, 12000, 4594),
(4595, 'Cereté', 'COL', 'Cereté', 231, 12000, 4595),
(4596, 'Chimá', 'COL', 'Chimá', 231, 12000, 4596),
(4597, 'Chinú', 'COL', 'Chinú', 231, 12000, 4597),
(4598, 'Ciénaga de oro', 'COL', 'Ciénaga de oro', 231, 12000, 4598),
(4599, 'Cotorra', 'COL', 'Cotorra', 231, 12000, 4599),
(4600, 'La apartada', 'COL', 'La apartada', 231, 12000, 4600),
(4601, 'Lorica', 'COL', 'Lorica', 231, 12000, 4601),
(4602, 'Los córdobas', 'COL', 'Los córdobas', 231, 12000, 4602),
(4603, 'Momil', 'COL', 'Momil', 231, 12000, 4603),
(4604, 'Montelíbano', 'COL', 'Montelíbano', 231, 12000, 4604),
(4605, 'Montería', 'COL', 'Montería', 231, 12000, 4605),
(4606, 'Moñitos', 'COL', 'Moñitos', 231, 12000, 4606),
(4607, 'Planeta rica', 'COL', 'Planeta rica', 231, 12000, 4607),
(4608, 'Pueblo nuevo', 'COL', 'Pueblo nuevo', 231, 12000, 4608),
(4609, 'Puerto escondido', 'COL', 'Puerto escondido', 231, 12000, 4609),
(4610, 'Puerto libertador', 'COL', 'Puerto libertador', 231, 12000, 4610),
(4611, 'Purísima', 'COL', 'Purísima', 231, 12000, 4611),
(4612, 'Sahagún', 'COL', 'Sahagún', 231, 12000, 4612),
(4613, 'San andrés sotavento', 'COL', 'San andrés sotavento', 231, 12000, 4613),
(4614, 'San antero', 'COL', 'San antero', 231, 12000, 4614),
(4615, 'San bernardo del viento', 'COL', 'San bernardo del viento', 231, 12000, 4615),
(4616, 'San carlos', 'COL', 'San carlos', 231, 12000, 4616),
(4617, 'San pelayo', 'COL', 'San pelayo', 231, 12000, 4617),
(4618, 'Tierralta', 'COL', 'Tierralta', 231, 12000, 4618),
(4619, 'Valencia', 'COL', 'Valencia', 231, 12000, 4619),
(4620, 'Agua de dios', 'COL', 'Agua de dios', 305, 12000, 4620),
(4621, 'Albán', 'COL', 'Albán', 305, 12000, 4621),
(4622, 'Anapoima', 'COL', 'Anapoima', 305, 12000, 4622),
(4623, 'Anolaima', 'COL', 'Anolaima', 305, 12000, 4623),
(4624, 'Apulo', 'COL', 'Apulo', 305, 12000, 4624),
(4625, 'Arbeláez', 'COL', 'Arbeláez', 305, 12000, 4625),
(4626, 'Beltrán', 'COL', 'Beltrán', 305, 12000, 4626),
(4627, 'Bituima', 'COL', 'Bituima', 305, 12000, 4627),
(4628, 'Bojacá', 'COL', 'Bojacá', 305, 12000, 4628),
(4629, 'Cabrera', 'COL', 'Cabrera', 305, 12000, 4629),
(4630, 'Cachipay', 'COL', 'Cachipay', 305, 12000, 4630),
(4631, 'Cajicá', 'COL', 'Cajicá', 305, 12000, 4631),
(4632, 'Caparrapí', 'COL', 'Caparrapí', 305, 12000, 4632),
(4633, 'Caqueza', 'COL', 'Caqueza', 305, 12000, 4633),
(4634, 'Carmen de carupa', 'COL', 'Carmen de carupa', 305, 12000, 4634),
(4635, 'Chaguaní', 'COL', 'Chaguaní', 305, 12000, 4635),
(4636, 'Chía', 'COL', 'Chía', 305, 12000, 4636),
(4637, 'Chipaque', 'COL', 'Chipaque', 305, 12000, 4637),
(4638, 'Choachí', 'COL', 'Choachí', 305, 12000, 4638),
(4639, 'Chocontá', 'COL', 'Chocontá', 305, 12000, 4639),
(4640, 'Cogua', 'COL', 'Cogua', 305, 12000, 4640),
(4641, 'Cota', 'COL', 'Cota', 305, 12000, 4641),
(4642, 'Cucunubá', 'COL', 'Cucunubá', 305, 12000, 4642),
(4643, 'El colegio', 'COL', 'El colegio', 305, 12000, 4643),
(4644, 'El peñón', 'COL', 'El peñón', 305, 12000, 4644),
(4645, 'El rosal', 'COL', 'El rosal', 305, 12000, 4645),
(4646, 'Facatativá', 'COL', 'Facatativá', 305, 12000, 4646),
(4647, 'Fomeque', 'COL', 'Fomeque', 305, 12000, 4647),
(4648, 'Fosca', 'COL', 'Fosca', 305, 12000, 4648),
(4649, 'Funza', 'COL', 'Funza', 305, 12000, 4649),
(4650, 'Fúquene', 'COL', 'Fúquene', 305, 12000, 4650),
(4651, 'Fusagasugá', 'COL', 'Fusagasugá', 305, 12000, 4651),
(4652, 'Gachala', 'COL', 'Gachala', 305, 12000, 4652),
(4653, 'Gachancipá', 'COL', 'Gachancipá', 305, 12000, 4653),
(4654, 'Gachetá', 'COL', 'Gachetá', 305, 12000, 4654),
(4655, 'Gama', 'COL', 'Gama', 305, 12000, 4655),
(4656, 'Girardot', 'COL', 'Girardot', 305, 12000, 4656),
(4657, 'Granada', 'COL', 'Granada', 305, 12000, 4657),
(4658, 'Guachetá', 'COL', 'Guachetá', 305, 12000, 4658),
(4659, 'Guaduas', 'COL', 'Guaduas', 305, 12000, 4659),
(4660, 'Guasca', 'COL', 'Guasca', 305, 12000, 4660),
(4661, 'Guataquí', 'COL', 'Guataquí', 305, 12000, 4661),
(4662, 'Guatavita', 'COL', 'Guatavita', 305, 12000, 4662),
(4663, 'Guayabal de siquima', 'COL', 'Guayabal de siquima', 305, 12000, 4663),
(4664, 'Guayabetal', 'COL', 'Guayabetal', 305, 12000, 4664),
(4665, 'Gutiérrez', 'COL', 'Gutiérrez', 305, 12000, 4665),
(4666, 'Jerusalén', 'COL', 'Jerusalén', 305, 12000, 4666),
(4667, 'Junín', 'COL', 'Junín', 305, 12000, 4667),
(4668, 'La calera', 'COL', 'La calera', 305, 12000, 4668),
(4669, 'La mesa', 'COL', 'La mesa', 305, 12000, 4669),
(4670, 'La palma', 'COL', 'La palma', 305, 12000, 4670),
(4671, 'La peña', 'COL', 'La peña', 305, 12000, 4671),
(4672, 'La vega', 'COL', 'La vega', 305, 12000, 4672),
(4673, 'Lenguazaque', 'COL', 'Lenguazaque', 305, 12000, 4673),
(4674, 'Macheta', 'COL', 'Macheta', 305, 12000, 4674),
(4675, 'Madrid', 'COL', 'Madrid', 305, 12000, 4675),
(4676, 'Manta', 'COL', 'Manta', 305, 12000, 4676),
(4677, 'Medina', 'COL', 'Medina', 305, 12000, 4677),
(4678, 'Mosquera', 'COL', 'Mosquera', 305, 12000, 4678),
(4679, 'Nariño', 'COL', 'Nariño', 305, 12000, 4679),
(4680, 'Nemocón', 'COL', 'Nemocón', 305, 12000, 4680),
(4681, 'Nilo', 'COL', 'Nilo', 305, 12000, 4681),
(4682, 'Nimaima', 'COL', 'Nimaima', 305, 12000, 4682),
(4683, 'Nocaima', 'COL', 'Nocaima', 305, 12000, 4683),
(4684, 'Pacho', 'COL', 'Pacho', 305, 12000, 4684),
(4685, 'Paime', 'COL', 'Paime', 305, 12000, 4685),
(4686, 'Pandi', 'COL', 'Pandi', 305, 12000, 4686),
(4687, 'Paratebueno', 'COL', 'Paratebueno', 305, 12000, 4687),
(4688, 'Pasca', 'COL', 'Pasca', 305, 12000, 4688),
(4689, 'Puerto salgar', 'COL', 'Puerto salgar', 305, 12000, 4689),
(4690, 'Pulí', 'COL', 'Pulí', 305, 12000, 4690),
(4691, 'Quebradanegra', 'COL', 'Quebradanegra', 305, 12000, 4691),
(4692, 'Quetame', 'COL', 'Quetame', 305, 12000, 4692),
(4693, 'Quipile', 'COL', 'Quipile', 305, 12000, 4693),
(4694, 'Ricaurte', 'COL', 'Ricaurte', 305, 12000, 4694),
(4695, 'San antonio del tequendama', 'COL', 'San antonio del tequendama', 305, 12000, 4695),
(4696, 'San bernardo', 'COL', 'San bernardo', 305, 12000, 4696),
(4697, 'San cayetano', 'COL', 'San cayetano', 305, 12000, 4697),
(4698, 'San francisco', 'COL', 'San francisco', 305, 12000, 4698),
(4699, 'San juan de río seco', 'COL', 'San juan de río seco', 305, 12000, 4699),
(4700, 'Sasaima', 'COL', 'Sasaima', 305, 12000, 4700),
(4701, 'Sesquilé', 'COL', 'Sesquilé', 305, 12000, 4701),
(4702, 'Sibaté', 'COL', 'Sibaté', 305, 12000, 4702),
(4703, 'Silvania', 'COL', 'Silvania', 305, 12000, 4703),
(4704, 'Simijaca', 'COL', 'Simijaca', 305, 12000, 4704),
(4705, 'Soacha', 'COL', 'Soacha', 305, 12000, 4705),
(4706, 'Sopó', 'COL', 'Sopó', 305, 12000, 4706),
(4707, 'Subachoque', 'COL', 'Subachoque', 305, 12000, 4707),
(4708, 'Suesca', 'COL', 'Suesca', 305, 12000, 4708),
(4709, 'Supatá', 'COL', 'Supatá', 305, 12000, 4709),
(4710, 'Susa', 'COL', 'Susa', 305, 12000, 4710),
(4711, 'Sutatausa', 'COL', 'Sutatausa', 305, 12000, 4711),
(4712, 'Tabio', 'COL', 'Tabio', 305, 12000, 4712),
(4713, 'Tausa', 'COL', 'Tausa', 305, 12000, 4713),
(4714, 'Tena', 'COL', 'Tena', 305, 12000, 4714),
(4715, 'Tenjo', 'COL', 'Tenjo', 305, 12000, 4715),
(4716, 'Tibacuy', 'COL', 'Tibacuy', 305, 12000, 4716),
(4717, 'Tibirita', 'COL', 'Tibirita', 305, 12000, 4717),
(4718, 'Tocaima', 'COL', 'Tocaima', 305, 12000, 4718),
(4719, 'Tocancipá', 'COL', 'Tocancipá', 305, 12000, 4719),
(4720, 'Topaipí', 'COL', 'Topaipí', 305, 12000, 4720),
(4721, 'Ubalá', 'COL', 'Ubalá', 305, 12000, 4721),
(4722, 'Ubaque', 'COL', 'Ubaque', 305, 12000, 4722),
(4723, 'Une', 'COL', 'Une', 305, 12000, 4723),
(4724, 'útica', 'COL', 'útica', 305, 12000, 4724),
(4725, 'Venecia', 'COL', 'Venecia', 305, 12000, 4725),
(4726, 'Vergara', 'COL', 'Vergara', 305, 12000, 4726),
(4727, 'Vianí', 'COL', 'Vianí', 305, 12000, 4727),
(4728, 'Villa de san diego de ubate', 'COL', 'Villa de san diego de ubate', 305, 12000, 4728),
(4729, 'Villagómez', 'COL', 'Villagómez', 305, 12000, 4729),
(4730, 'Villapinzón', 'COL', 'Villapinzón', 305, 12000, 4730),
(4731, 'Villeta', 'COL', 'Villeta', 305, 12000, 4731),
(4732, 'Viotá', 'COL', 'Viotá', 305, 12000, 4732),
(4733, 'Yacopí', 'COL', 'Yacopí', 305, 12000, 4733),
(4734, 'Zipacón', 'COL', 'Zipacón', 305, 12000, 4734),
(4735, 'Zipaquirá', 'COL', 'Zipaquirá', 305, 12000, 4735),
(4736, 'Barranco minas', 'COL', 'Barranco minas', 471, 12000, 4736),
(4737, 'Cacahual', 'COL', 'Cacahual', 471, 12000, 4737),
(4738, 'Inírida', 'COL', 'Inírida', 471, 12000, 4738),
(4739, 'La guadalupe', 'COL', 'La guadalupe', 471, 12000, 4739),
(4740, 'Mapiripana', 'COL', 'Mapiripana', 471, 12000, 4740),
(4741, 'Morichal', 'COL', 'Morichal', 471, 12000, 4741),
(4742, 'Pana pana', 'COL', 'Pana pana', 471, 12000, 4742),
(4743, 'Puerto colombia', 'COL', 'Puerto colombia', 471, 12000, 4743),
(4744, 'San felipe', 'COL', 'San felipe', 471, 12000, 4744),
(4745, 'Calamar', 'COL', 'Calamar', 478, 12000, 4745),
(4746, 'El retorno', 'COL', 'El retorno', 478, 12000, 4746),
(4747, 'Miraflores', 'COL', 'Miraflores', 478, 12000, 4747),
(4748, 'San josé del guaviare', 'COL', 'San josé del guaviare', 478, 12000, 4748),
(4749, 'Acevedo', 'COL', 'Acevedo', 546, 12000, 4749),
(4750, 'Agrado', 'COL', 'Agrado', 546, 12000, 4750),
(4751, 'Aipe', 'COL', 'Aipe', 546, 12000, 4751),
(4752, 'Algeciras', 'COL', 'Algeciras', 546, 12000, 4752),
(4753, 'Altamira', 'COL', 'Altamira', 546, 12000, 4753),
(4754, 'Baraya', 'COL', 'Baraya', 546, 12000, 4754),
(4755, 'Campoalegre', 'COL', 'Campoalegre', 546, 12000, 4755),
(4756, 'Colombia', 'COL', 'Colombia', 546, 12000, 4756),
(4757, 'Elías', 'COL', 'Elías', 546, 12000, 4757),
(4758, 'Garzón', 'COL', 'Garzón', 546, 12000, 4758),
(4759, 'Gigante', 'COL', 'Gigante', 546, 12000, 4759),
(4760, 'Guadalupe', 'COL', 'Guadalupe', 546, 12000, 4760),
(4761, 'Hobo', 'COL', 'Hobo', 546, 12000, 4761),
(4762, 'Iquira', 'COL', 'Iquira', 546, 12000, 4762),
(4763, 'Isnos', 'COL', 'Isnos', 546, 12000, 4763),
(4764, 'La argentina', 'COL', 'La argentina', 546, 12000, 4764),
(4765, 'La plata', 'COL', 'La plata', 546, 12000, 4765),
(4766, 'Nátaga', 'COL', 'Nátaga', 546, 12000, 4766),
(4767, 'Neiva', 'COL', 'Neiva', 546, 12000, 4767),
(4768, 'Oporapa', 'COL', 'Oporapa', 546, 12000, 4768),
(4769, 'Paicol', 'COL', 'Paicol', 546, 12000, 4769),
(4770, 'Palermo', 'COL', 'Palermo', 546, 12000, 4770),
(4771, 'Palestina', 'COL', 'Palestina', 546, 12000, 4771),
(4772, 'Pital', 'COL', 'Pital', 546, 12000, 4772),
(4773, 'Pitalito', 'COL', 'Pitalito', 546, 12000, 4773),
(4774, 'Rivera', 'COL', 'Rivera', 546, 12000, 4774),
(4775, 'Saladoblanco', 'COL', 'Saladoblanco', 546, 12000, 4775),
(4776, 'San agustín', 'COL', 'San agustín', 546, 12000, 4776),
(4777, 'Santa maría', 'COL', 'Santa maría', 546, 12000, 4777),
(4778, 'Suaza', 'COL', 'Suaza', 546, 12000, 4778),
(4779, 'Tarqui', 'COL', 'Tarqui', 546, 12000, 4779),
(4780, 'Tello', 'COL', 'Tello', 546, 12000, 4780),
(4781, 'Teruel', 'COL', 'Teruel', 546, 12000, 4781),
(4782, 'Tesalia', 'COL', 'Tesalia', 546, 12000, 4782),
(4783, 'Timaná', 'COL', 'Timaná', 546, 12000, 4783),
(4784, 'Villavieja', 'COL', 'Villavieja', 546, 12000, 4784),
(4785, 'Yaguará', 'COL', 'Yaguará', 546, 12000, 4785),
(4786, 'Albania', 'COL', 'Albania', 707, 12000, 4786),
(4787, 'Barrancas', 'COL', 'Barrancas', 707, 12000, 4787),
(4788, 'Dibulla', 'COL', 'Dibulla', 707, 12000, 4788),
(4789, 'Distracción', 'COL', 'Distracción', 707, 12000, 4789),
(4790, 'El molino', 'COL', 'El molino', 707, 12000, 4790),
(4791, 'Fonseca', 'COL', 'Fonseca', 707, 12000, 4791),
(4792, 'Hatonuevo', 'COL', 'Hatonuevo', 707, 12000, 4792),
(4793, 'La jagua del pilar', 'COL', 'La jagua del pilar', 707, 12000, 4793),
(4794, 'Maicao', 'COL', 'Maicao', 707, 12000, 4794),
(4795, 'Manaure', 'COL', 'Manaure', 707, 12000, 4795),
(4796, 'Riohacha', 'COL', 'Riohacha', 707, 12000, 4796),
(4797, 'San juan del cesar', 'COL', 'San juan del cesar', 707, 12000, 4797),
(4798, 'Uribia', 'COL', 'Uribia', 707, 12000, 4798),
(4799, 'Urumita', 'COL', 'Urumita', 707, 12000, 4799),
(4800, 'Villanueva', 'COL', 'Villanueva', 707, 12000, 4800),
(4801, 'Algarrobo', 'COL', 'Algarrobo', 768, 12000, 4801),
(4802, 'Aracataca', 'COL', 'Aracataca', 768, 12000, 4802),
(4803, 'Ariguaní', 'COL', 'Ariguaní', 768, 12000, 4803),
(4804, 'Cerro san antonio', 'COL', 'Cerro san antonio', 768, 12000, 4804),
(4805, 'Chibolo', 'COL', 'Chibolo', 768, 12000, 4805),
(4806, 'Ciénaga', 'COL', 'Ciénaga', 768, 12000, 4806),
(4807, 'Concordia', 'COL', 'Concordia', 768, 12000, 4807),
(4808, 'El banco', 'COL', 'El banco', 768, 12000, 4808),
(4809, 'El piñon', 'COL', 'El piñon', 768, 12000, 4809),
(4810, 'El retén', 'COL', 'El retén', 768, 12000, 4810),
(4811, 'Fundación', 'COL', 'Fundación', 768, 12000, 4811),
(4812, 'Guamal', 'COL', 'Guamal', 768, 12000, 4812),
(4813, 'Nueva granada', 'COL', 'Nueva granada', 768, 12000, 4813),
(4814, 'Pedraza', 'COL', 'Pedraza', 768, 12000, 4814),
(4815, 'Pijiño del carmen', 'COL', 'Pijiño del carmen', 768, 12000, 4815),
(4816, 'Pivijay', 'COL', 'Pivijay', 768, 12000, 4816),
(4817, 'Plato', 'COL', 'Plato', 768, 12000, 4817),
(4818, 'Puebloviejo', 'COL', 'Puebloviejo', 768, 12000, 4818),
(4819, 'Remolino', 'COL', 'Remolino', 768, 12000, 4819),
(4820, 'Sabanas de san angel', 'COL', 'Sabanas de san angel', 768, 12000, 4820),
(4821, 'Salamina', 'COL', 'Salamina', 768, 12000, 4821),
(4822, 'San sebastián de buenavista', 'COL', 'San sebastián de buenavista', 768, 12000, 4822),
(4823, 'San zenón', 'COL', 'San zenón', 768, 12000, 4823),
(4824, 'Santa ana', 'COL', 'Santa ana', 768, 12000, 4824),
(4825, 'Santa bárbara de pinto', 'COL', 'Santa bárbara de pinto', 768, 12000, 4825),
(4826, 'Santa marta', 'COL', 'Santa marta', 768, 12000, 4826),
(4827, 'Sitionuevo', 'COL', 'Sitionuevo', 768, 12000, 4827),
(4828, 'Tenerife', 'COL', 'Tenerife', 768, 12000, 4828),
(4829, 'Zapayán', 'COL', 'Zapayán', 768, 12000, 4829),
(4830, 'Zona bananera', 'COL', 'Zona bananera', 768, 12000, 4830),
(4831, 'Acacías', 'COL', 'Acacías', 819, 12000, 4831),
(4832, 'Barranca de upía', 'COL', 'Barranca de upía', 819, 12000, 4832),
(4833, 'Cabuyaro', 'COL', 'Cabuyaro', 819, 12000, 4833),
(4834, 'Castilla la nueva', 'COL', 'Castilla la nueva', 819, 12000, 4834),
(4835, 'Cubarral', 'COL', 'Cubarral', 819, 12000, 4835),
(4836, 'Cumaral', 'COL', 'Cumaral', 819, 12000, 4836),
(4837, 'El calvario', 'COL', 'El calvario', 819, 12000, 4837),
(4838, 'El castillo', 'COL', 'El castillo', 819, 12000, 4838),
(4839, 'El dorado', 'COL', 'El dorado', 819, 12000, 4839),
(4840, 'Fuente de oro', 'COL', 'Fuente de oro', 819, 12000, 4840),
(4841, 'Granada', 'COL', 'Granada', 819, 12000, 4841),
(4842, 'Guamal', 'COL', 'Guamal', 819, 12000, 4842),
(4843, 'La macarena', 'COL', 'La macarena', 819, 12000, 4843),
(4844, 'Lejanías', 'COL', 'Lejanías', 819, 12000, 4844),
(4845, 'Mapiripán', 'COL', 'Mapiripán', 819, 12000, 4845),
(4846, 'Mesetas', 'COL', 'Mesetas', 819, 12000, 4846),
(4847, 'Puerto concordia', 'COL', 'Puerto concordia', 819, 12000, 4847),
(4848, 'Puerto gaitán', 'COL', 'Puerto gaitán', 819, 12000, 4848),
(4849, 'Puerto lleras', 'COL', 'Puerto lleras', 819, 12000, 4849),
(4850, 'Puerto lópez', 'COL', 'Puerto lópez', 819, 12000, 4850),
(4851, 'Puerto rico', 'COL', 'Puerto rico', 819, 12000, 4851),
(4852, 'Restrepo', 'COL', 'Restrepo', 819, 12000, 4852),
(4853, 'San carlos de guaroa', 'COL', 'San carlos de guaroa', 819, 12000, 4853),
(4854, 'San juan de arama', 'COL', 'San juan de arama', 819, 12000, 4854),
(4855, 'San juanito', 'COL', 'San juanito', 819, 12000, 4855),
(4856, 'San martín', 'COL', 'San martín', 819, 12000, 4856),
(4857, 'Uribe', 'COL', 'Uribe', 819, 12000, 4857),
(4858, 'Villavicencio', 'COL', 'Villavicencio', 819, 12000, 4858),
(4859, 'Vistahermosa', 'COL', 'Vistahermosa', 819, 12000, 4859),
(4860, 'Albán', 'COL', 'Albán', 878, 12000, 4860),
(4861, 'Aldana', 'COL', 'Aldana', 878, 12000, 4861),
(4862, 'Ancuyá', 'COL', 'Ancuyá', 878, 12000, 4862),
(4863, 'Arboleda', 'COL', 'Arboleda', 878, 12000, 4863),
(4864, 'Barbacoas', 'COL', 'Barbacoas', 878, 12000, 4864),
(4865, 'Belén', 'COL', 'Belén', 878, 12000, 4865),
(4866, 'Buesaco', 'COL', 'Buesaco', 878, 12000, 4866),
(4867, 'Chachaguí', 'COL', 'Chachaguí', 878, 12000, 4867),
(4868, 'Colón', 'COL', 'Colón', 878, 12000, 4868),
(4869, 'Consaca', 'COL', 'Consaca', 878, 12000, 4869),
(4870, 'Contadero', 'COL', 'Contadero', 878, 12000, 4870),
(4871, 'Córdoba', 'COL', 'Córdoba', 878, 12000, 4871),
(4872, 'Cuaspud', 'COL', 'Cuaspud', 878, 12000, 4872),
(4873, 'Cumbal', 'COL', 'Cumbal', 878, 12000, 4873),
(4874, 'Cumbitara', 'COL', 'Cumbitara', 878, 12000, 4874),
(4875, 'El charco', 'COL', 'El charco', 878, 12000, 4875),
(4876, 'El peñol', 'COL', 'El peñol', 878, 12000, 4876),
(4877, 'El rosario', 'COL', 'El rosario', 878, 12000, 4877),
(4878, 'El tablón de gómez', 'COL', 'El tablón de gómez', 878, 12000, 4878),
(4879, 'El tambo', 'COL', 'El tambo', 878, 12000, 4879),
(4880, 'Francisco pizarro', 'COL', 'Francisco pizarro', 878, 12000, 4880),
(4881, 'Funes', 'COL', 'Funes', 878, 12000, 4881),
(4882, 'Guachucal', 'COL', 'Guachucal', 878, 12000, 4882),
(4883, 'Guaitarilla', 'COL', 'Guaitarilla', 878, 12000, 4883),
(4884, 'Gualmatán', 'COL', 'Gualmatán', 878, 12000, 4884),
(4885, 'Iles', 'COL', 'Iles', 878, 12000, 4885),
(4886, 'Imués', 'COL', 'Imués', 878, 12000, 4886),
(4887, 'Ipiales', 'COL', 'Ipiales', 878, 12000, 4887),
(4888, 'La cruz', 'COL', 'La cruz', 878, 12000, 4888),
(4889, 'La florida', 'COL', 'La florida', 878, 12000, 4889),
(4890, 'La llanada', 'COL', 'La llanada', 878, 12000, 4890),
(4891, 'La tola', 'COL', 'La tola', 878, 12000, 4891),
(4892, 'La unión', 'COL', 'La unión', 878, 12000, 4892),
(4893, 'Leiva', 'COL', 'Leiva', 878, 12000, 4893),
(4894, 'Linares', 'COL', 'Linares', 878, 12000, 4894),
(4895, 'Los andes', 'COL', 'Los andes', 878, 12000, 4895),
(4896, 'Magui', 'COL', 'Magui', 878, 12000, 4896),
(4897, 'Mallama', 'COL', 'Mallama', 878, 12000, 4897),
(4898, 'Mosquera', 'COL', 'Mosquera', 878, 12000, 4898),
(4899, 'Nariño', 'COL', 'Nariño', 878, 12000, 4899),
(4900, 'Olaya herrera', 'COL', 'Olaya herrera', 878, 12000, 4900),
(4901, 'Ospina', 'COL', 'Ospina', 878, 12000, 4901),
(4902, 'Pasto', 'COL', 'Pasto', 878, 12000, 4902),
(4903, 'Policarpa', 'COL', 'Policarpa', 878, 12000, 4903),
(4904, 'Potosí', 'COL', 'Potosí', 878, 12000, 4904),
(4905, 'Providencia', 'COL', 'Providencia', 878, 12000, 4905),
(4906, 'Puerres', 'COL', 'Puerres', 878, 12000, 4906),
(4907, 'Pupiales', 'COL', 'Pupiales', 878, 12000, 4907),
(4908, 'Ricaurte', 'COL', 'Ricaurte', 878, 12000, 4908),
(4909, 'Roberto payán', 'COL', 'Roberto payán', 878, 12000, 4909),
(4910, 'Samaniego', 'COL', 'Samaniego', 878, 12000, 4910),
(4911, 'San bernardo', 'COL', 'San bernardo', 878, 12000, 4911),
(4912, 'San lorenzo', 'COL', 'San lorenzo', 878, 12000, 4912),
(4913, 'San pablo', 'COL', 'San pablo', 878, 12000, 4913),
(4914, 'San pedro de cartago', 'COL', 'San pedro de cartago', 878, 12000, 4914),
(4915, 'Sandoná', 'COL', 'Sandoná', 878, 12000, 4915),
(4916, 'Santa bárbara', 'COL', 'Santa bárbara', 878, 12000, 4916),
(4917, 'Santacruz', 'COL', 'Santacruz', 878, 12000, 4917),
(4918, 'Sapuyes', 'COL', 'Sapuyes', 878, 12000, 4918),
(4919, 'Taminango', 'COL', 'Taminango', 878, 12000, 4919),
(4920, 'Tangua', 'COL', 'Tangua', 878, 12000, 4920),
(4921, 'Tumaco', 'COL', 'Tumaco', 878, 12000, 4921),
(4922, 'Túquerres', 'COL', 'Túquerres', 878, 12000, 4922),
(4923, 'Yacuanquer', 'COL', 'Yacuanquer', 878, 12000, 4923),
(4924, 'Abrego', 'COL', 'Abrego', 916, 12000, 4924),
(4925, 'Arboledas', 'COL', 'Arboledas', 916, 12000, 4925),
(4926, 'Bochalema', 'COL', 'Bochalema', 916, 12000, 4926),
(4927, 'Bucarasica', 'COL', 'Bucarasica', 916, 12000, 4927),
(4928, 'Cachirá', 'COL', 'Cachirá', 916, 12000, 4928),
(4929, 'Cácota', 'COL', 'Cácota', 916, 12000, 4929),
(4930, 'Chinácota', 'COL', 'Chinácota', 916, 12000, 4930),
(4931, 'Chitagá', 'COL', 'Chitagá', 916, 12000, 4931),
(4932, 'Convención', 'COL', 'Convención', 916, 12000, 4932),
(4933, 'Cúcuta', 'COL', 'Cúcuta', 916, 12000, 4933),
(4934, 'Cucutilla', 'COL', 'Cucutilla', 916, 12000, 4934),
(4935, 'Durania', 'COL', 'Durania', 916, 12000, 4935),
(4936, 'El carmen', 'COL', 'El carmen', 916, 12000, 4936),
(4937, 'El tarra', 'COL', 'El tarra', 916, 12000, 4937),
(4938, 'El zulia', 'COL', 'El zulia', 916, 12000, 4938),
(4939, 'Gramalote', 'COL', 'Gramalote', 916, 12000, 4939),
(4940, 'Hacarí', 'COL', 'Hacarí', 916, 12000, 4940),
(4941, 'Herrán', 'COL', 'Herrán', 916, 12000, 4941),
(4942, 'La esperanza', 'COL', 'La esperanza', 916, 12000, 4942),
(4943, 'La playa', 'COL', 'La playa', 916, 12000, 4943),
(4944, 'Labateca', 'COL', 'Labateca', 916, 12000, 4944),
(4945, 'Los patios', 'COL', 'Los patios', 916, 12000, 4945),
(4946, 'Lourdes', 'COL', 'Lourdes', 916, 12000, 4946),
(4947, 'Mutiscua', 'COL', 'Mutiscua', 916, 12000, 4947),
(4948, 'Ocaña', 'COL', 'Ocaña', 916, 12000, 4948),
(4949, 'Pamplona', 'COL', 'Pamplona', 916, 12000, 4949),
(4950, 'Pamplonita', 'COL', 'Pamplonita', 916, 12000, 4950),
(4951, 'Puerto santander', 'COL', 'Puerto santander', 916, 12000, 4951),
(4952, 'Ragonvalia', 'COL', 'Ragonvalia', 916, 12000, 4952),
(4953, 'Salazar', 'COL', 'Salazar', 916, 12000, 4953),
(4954, 'San calixto', 'COL', 'San calixto', 916, 12000, 4954),
(4955, 'San cayetano', 'COL', 'San cayetano', 916, 12000, 4955),
(4956, 'Santiago', 'COL', 'Santiago', 916, 12000, 4956),
(4957, 'Sardinata', 'COL', 'Sardinata', 916, 12000, 4957),
(4958, 'Silos', 'COL', 'Silos', 916, 12000, 4958),
(4959, 'Teorama', 'COL', 'Teorama', 916, 12000, 4959),
(4960, 'Tibú', 'COL', 'Tibú', 916, 12000, 4960),
(4961, 'Toledo', 'COL', 'Toledo', 916, 12000, 4961),
(4962, 'Villa caro', 'COL', 'Villa caro', 916, 12000, 4962),
(4963, 'Villa del rosario', 'COL', 'Villa del rosario', 916, 12000, 4963),
(4964, 'Colón', 'COL', 'Colón', 1033, 12000, 4964),
(4965, 'Leguízamo', 'COL', 'Leguízamo', 1033, 12000, 4965),
(4966, 'Mocoa', 'COL', 'Mocoa', 1033, 12000, 4966),
(4967, 'Orito', 'COL', 'Orito', 1033, 12000, 4967),
(4968, 'Puerto asís', 'COL', 'Puerto asís', 1033, 12000, 4968),
(4969, 'Puerto caicedo', 'COL', 'Puerto caicedo', 1033, 12000, 4969),
(4970, 'Puerto guzmán', 'COL', 'Puerto guzmán', 1033, 12000, 4970),
(4971, 'San francisco', 'COL', 'San francisco', 1033, 12000, 4971),
(4972, 'San miguel', 'COL', 'San miguel', 1033, 12000, 4972),
(4973, 'Santiago', 'COL', 'Santiago', 1033, 12000, 4973),
(4974, 'Sibundoy', 'COL', 'Sibundoy', 1033, 12000, 4974),
(4975, 'Valle del guamuez', 'COL', 'Valle del guamuez', 1033, 12000, 4975),
(4976, 'Villagarzón', 'COL', 'Villagarzón', 1033, 12000, 4976),
(4977, 'Armenia', 'COL', 'Armenia', 1054, 12000, 4977),
(4978, 'Buenavista', 'COL', 'Buenavista', 1054, 12000, 4978),
(4979, 'Calarca', 'COL', 'Calarca', 1054, 12000, 4979),
(4980, 'Circasia', 'COL', 'Circasia', 1054, 12000, 4980),
(4981, 'Córdoba', 'COL', 'Córdoba', 1054, 12000, 4981),
(4982, 'Filandia', 'COL', 'Filandia', 1054, 12000, 4982),
(4983, 'Génova', 'COL', 'Génova', 1054, 12000, 4983),
(4984, 'La tebaida', 'COL', 'La tebaida', 1054, 12000, 4984),
(4985, 'Montenegro', 'COL', 'Montenegro', 1054, 12000, 4985),
(4986, 'Pijao', 'COL', 'Pijao', 1054, 12000, 4986),
(4987, 'Quimbaya', 'COL', 'Quimbaya', 1054, 12000, 4987),
(4988, 'Salento', 'COL', 'Salento', 1054, 12000, 4988),
(4989, 'Apía', 'COL', 'Apía', 1075, 12000, 4989),
(4990, 'Balboa', 'COL', 'Balboa', 1075, 12000, 4990),
(4991, 'Belén de umbría', 'COL', 'Belén de umbría', 1075, 12000, 4991),
(4992, 'Dosquebradas', 'COL', 'Dosquebradas', 1075, 12000, 4992),
(4993, 'Guática', 'COL', 'Guática', 1075, 12000, 4993),
(4994, 'La celia', 'COL', 'La celia', 1075, 12000, 4994),
(4995, 'La virginia', 'COL', 'La virginia', 1075, 12000, 4995),
(4996, 'Marsella', 'COL', 'Marsella', 1075, 12000, 4996),
(4997, 'Mistrató', 'COL', 'Mistrató', 1075, 12000, 4997),
(4998, 'Pereira', 'COL', 'Pereira', 1075, 12000, 4998),
(4999, 'Pueblo rico', 'COL', 'Pueblo rico', 1075, 12000, 4999),
(5000, 'Quinchía', 'COL', 'Quinchía', 1075, 12000, 5000),
(5001, 'Santa rosa de cabal', 'COL', 'Santa rosa de cabal', 1075, 12000, 5001),
(5002, 'Santuario', 'COL', 'Santuario', 1075, 12000, 5002),
(5003, 'Aguada', 'COL', 'Aguada', 1122, 12000, 5003),
(5004, 'Albania', 'COL', 'Albania', 1122, 12000, 5004),
(5005, 'Aratoca', 'COL', 'Aratoca', 1122, 12000, 5005),
(5006, 'Barbosa', 'COL', 'Barbosa', 1122, 12000, 5006),
(5007, 'Barichara', 'COL', 'Barichara', 1122, 12000, 5007),
(5008, 'Barrancabermeja', 'COL', 'Barrancabermeja', 1122, 12000, 5008),
(5009, 'Betulia', 'COL', 'Betulia', 1122, 12000, 5009),
(5010, 'Bolívar', 'COL', 'Bolívar', 1122, 12000, 5010),
(5011, 'Bucaramanga', 'COL', 'Bucaramanga', 1122, 12000, 5011),
(5012, 'Cabrera', 'COL', 'Cabrera', 1122, 12000, 5012),
(5013, 'California', 'COL', 'California', 1122, 12000, 5013),
(5014, 'Capitanejo', 'COL', 'Capitanejo', 1122, 12000, 5014),
(5015, 'Carcasí', 'COL', 'Carcasí', 1122, 12000, 5015),
(5016, 'Cepitá', 'COL', 'Cepitá', 1122, 12000, 5016),
(5017, 'Cerrito', 'COL', 'Cerrito', 1122, 12000, 5017),
(5018, 'Charalá', 'COL', 'Charalá', 1122, 12000, 5018),
(5019, 'Charta', 'COL', 'Charta', 1122, 12000, 5019),
(5020, 'Chima', 'COL', 'Chima', 1122, 12000, 5020),
(5021, 'Chipatá', 'COL', 'Chipatá', 1122, 12000, 5021),
(5022, 'Cimitarra', 'COL', 'Cimitarra', 1122, 12000, 5022),
(5023, 'Concepción', 'COL', 'Concepción', 1122, 12000, 5023),
(5024, 'Confines', 'COL', 'Confines', 1122, 12000, 5024),
(5025, 'Contratación', 'COL', 'Contratación', 1122, 12000, 5025),
(5026, 'Coromoro', 'COL', 'Coromoro', 1122, 12000, 5026),
(5027, 'Curití', 'COL', 'Curití', 1122, 12000, 5027),
(5028, 'El carmen de chucurí', 'COL', 'El carmen de chucurí', 1122, 12000, 5028),
(5029, 'El guacamayo', 'COL', 'El guacamayo', 1122, 12000, 5029),
(5030, 'El peñón', 'COL', 'El peñón', 1122, 12000, 5030),
(5031, 'El playón', 'COL', 'El playón', 1122, 12000, 5031),
(5032, 'Encino', 'COL', 'Encino', 1122, 12000, 5032),
(5033, 'Enciso', 'COL', 'Enciso', 1122, 12000, 5033),
(5034, 'Florián', 'COL', 'Florián', 1122, 12000, 5034),
(5035, 'Floridablanca', 'COL', 'Floridablanca', 1122, 12000, 5035),
(5036, 'Galán', 'COL', 'Galán', 1122, 12000, 5036),
(5037, 'Gambita', 'COL', 'Gambita', 1122, 12000, 5037),
(5038, 'Girón', 'COL', 'Girón', 1122, 12000, 5038),
(5039, 'Guaca', 'COL', 'Guaca', 1122, 12000, 5039),
(5040, 'Guadalupe', 'COL', 'Guadalupe', 1122, 12000, 5040),
(5041, 'Guapotá', 'COL', 'Guapotá', 1122, 12000, 5041),
(5042, 'Guavatá', 'COL', 'Guavatá', 1122, 12000, 5042),
(5043, 'Guepsa', 'COL', 'Guepsa', 1122, 12000, 5043),
(5044, 'Hato', 'COL', 'Hato', 1122, 12000, 5044),
(5045, 'Jesús maría', 'COL', 'Jesús maría', 1122, 12000, 5045),
(5046, 'Jordán', 'COL', 'Jordán', 1122, 12000, 5046),
(5047, 'La belleza', 'COL', 'La belleza', 1122, 12000, 5047),
(5048, 'La paz', 'COL', 'La paz', 1122, 12000, 5048),
(5049, 'Landázuri', 'COL', 'Landázuri', 1122, 12000, 5049),
(5050, 'Lebríja', 'COL', 'Lebríja', 1122, 12000, 5050),
(5051, 'Los santos', 'COL', 'Los santos', 1122, 12000, 5051),
(5052, 'Macaravita', 'COL', 'Macaravita', 1122, 12000, 5052),
(5053, 'Málaga', 'COL', 'Málaga', 1122, 12000, 5053),
(5054, 'Matanza', 'COL', 'Matanza', 1122, 12000, 5054),
(5055, 'Mogotes', 'COL', 'Mogotes', 1122, 12000, 5055),
(5056, 'Molagavita', 'COL', 'Molagavita', 1122, 12000, 5056),
(5057, 'Ocamonte', 'COL', 'Ocamonte', 1122, 12000, 5057),
(5058, 'Oiba', 'COL', 'Oiba', 1122, 12000, 5058),
(5059, 'Onzaga', 'COL', 'Onzaga', 1122, 12000, 5059),
(5060, 'Palmar', 'COL', 'Palmar', 1122, 12000, 5060),
(5061, 'Palmas del socorro', 'COL', 'Palmas del socorro', 1122, 12000, 5061),
(5062, 'Páramo', 'COL', 'Páramo', 1122, 12000, 5062),
(5063, 'Piedecuesta', 'COL', 'Piedecuesta', 1122, 12000, 5063),
(5064, 'Pinchote', 'COL', 'Pinchote', 1122, 12000, 5064),
(5065, 'Puente nacional', 'COL', 'Puente nacional', 1122, 12000, 5065),
(5066, 'Puerto parra', 'COL', 'Puerto parra', 1122, 12000, 5066),
(5067, 'Puerto wilches', 'COL', 'Puerto wilches', 1122, 12000, 5067),
(5068, 'Rionegro', 'COL', 'Rionegro', 1122, 12000, 5068),
(5069, 'Sabana de torres', 'COL', 'Sabana de torres', 1122, 12000, 5069),
(5070, 'San andrés', 'COL', 'San andrés', 1122, 12000, 5070),
(5071, 'San benito', 'COL', 'San benito', 1122, 12000, 5071),
(5072, 'San gil', 'COL', 'San gil', 1122, 12000, 5072),
(5073, 'San joaquín', 'COL', 'San joaquín', 1122, 12000, 5073),
(5074, 'San josé de miranda', 'COL', 'San josé de miranda', 1122, 12000, 5074),
(5075, 'San miguel', 'COL', 'San miguel', 1122, 12000, 5075),
(5076, 'San vicente de chucurí', 'COL', 'San vicente de chucurí', 1122, 12000, 5076),
(5077, 'Santa bárbara', 'COL', 'Santa bárbara', 1122, 12000, 5077),
(5078, 'Santa helena del opón', 'COL', 'Santa helena del opón', 1122, 12000, 5078),
(5079, 'Simacota', 'COL', 'Simacota', 1122, 12000, 5079),
(5080, 'Socorro', 'COL', 'Socorro', 1122, 12000, 5080),
(5081, 'Suaita', 'COL', 'Suaita', 1122, 12000, 5081),
(5082, 'Sucre', 'COL', 'Sucre', 1122, 12000, 5082),
(5083, 'Suratá', 'COL', 'Suratá', 1122, 12000, 5083),
(5084, 'Tona', 'COL', 'Tona', 1122, 12000, 5084),
(5085, 'Valle de san josé', 'COL', 'Valle de san josé', 1122, 12000, 5085),
(5086, 'Vélez', 'COL', 'Vélez', 1122, 12000, 5086),
(5087, 'Vetas', 'COL', 'Vetas', 1122, 12000, 5087),
(5088, 'Villanueva', 'COL', 'Villanueva', 1122, 12000, 5088),
(5089, 'Zapatoca', 'COL', 'Zapatoca', 1122, 12000, 5089),
(5090, 'Buenavista', 'COL', 'Buenavista', 1209, 12000, 5090),
(5091, 'Caimito', 'COL', 'Caimito', 1209, 12000, 5091),
(5092, 'Chalán', 'COL', 'Chalán', 1209, 12000, 5092),
(5093, 'Coloso', 'COL', 'Coloso', 1209, 12000, 5093),
(5094, 'Corozal', 'COL', 'Corozal', 1209, 12000, 5094),
(5095, 'Coveñas', 'COL', 'Coveñas', 1209, 12000, 5095),
(5096, 'El roble', 'COL', 'El roble', 1209, 12000, 5096),
(5097, 'Galeras', 'COL', 'Galeras', 1209, 12000, 5097),
(5098, 'Guaranda', 'COL', 'Guaranda', 1209, 12000, 5098),
(5099, 'La unión', 'COL', 'La unión', 1209, 12000, 5099),
(5100, 'Los palmitos', 'COL', 'Los palmitos', 1209, 12000, 5100),
(5101, 'Majagual', 'COL', 'Majagual', 1209, 12000, 5101),
(5102, 'Morroa', 'COL', 'Morroa', 1209, 12000, 5102),
(5103, 'Ovejas', 'COL', 'Ovejas', 1209, 12000, 5103),
(5104, 'Palmito', 'COL', 'Palmito', 1209, 12000, 5104),
(5105, 'Sampués', 'COL', 'Sampués', 1209, 12000, 5105),
(5106, 'San benito abad', 'COL', 'San benito abad', 1209, 12000, 5106),
(5107, 'San juan de betulia', 'COL', 'San juan de betulia', 1209, 12000, 5107),
(5108, 'San marcos', 'COL', 'San marcos', 1209, 12000, 5108),
(5109, 'San onofre', 'COL', 'San onofre', 1209, 12000, 5109),
(5110, 'San pedro', 'COL', 'San pedro', 1209, 12000, 5110),
(5111, 'Santiago de tolú', 'COL', 'Santiago de tolú', 1209, 12000, 5111),
(5112, 'Sincé', 'COL', 'Sincé', 1209, 12000, 5112),
(5113, 'Sincelejo', 'COL', 'Sincelejo', 1209, 12000, 5113),
(5114, 'Sucre', 'COL', 'Sucre', 1209, 12000, 5114),
(5115, 'Tolú viejo', 'COL', 'Tolú viejo', 1209, 12000, 5115),
(5116, 'Alpujarra', 'COL', 'Alpujarra', 1291, 12000, 5116),
(5117, 'Alvarado', 'COL', 'Alvarado', 1291, 12000, 5117),
(5118, 'Ambalema', 'COL', 'Ambalema', 1291, 12000, 5118),
(5119, 'Anzoátegui', 'COL', 'Anzoátegui', 1291, 12000, 5119),
(5120, 'Armero', 'COL', 'Armero', 1291, 12000, 5120),
(5121, 'Ataco', 'COL', 'Ataco', 1291, 12000, 5121),
(5122, 'Cajamarca', 'COL', 'Cajamarca', 1291, 12000, 5122),
(5123, 'Carmen de apicalá', 'COL', 'Carmen de apicalá', 1291, 12000, 5123),
(5124, 'Casabianca', 'COL', 'Casabianca', 1291, 12000, 5124),
(5125, 'Chaparral', 'COL', 'Chaparral', 1291, 12000, 5125),
(5126, 'Coello', 'COL', 'Coello', 1291, 12000, 5126),
(5127, 'Coyaima', 'COL', 'Coyaima', 1291, 12000, 5127),
(5128, 'Cunday', 'COL', 'Cunday', 1291, 12000, 5128),
(5129, 'Dolores', 'COL', 'Dolores', 1291, 12000, 5129),
(5130, 'Espinal', 'COL', 'Espinal', 1291, 12000, 5130),
(5131, 'Falan', 'COL', 'Falan', 1291, 12000, 5131),
(5132, 'Flandes', 'COL', 'Flandes', 1291, 12000, 5132),
(5133, 'Fresno', 'COL', 'Fresno', 1291, 12000, 5133),
(5134, 'Guamo', 'COL', 'Guamo', 1291, 12000, 5134),
(5135, 'Herveo', 'COL', 'Herveo', 1291, 12000, 5135),
(5136, 'Honda', 'COL', 'Honda', 1291, 12000, 5136),
(5137, 'Ibagué', 'COL', 'Ibagué', 1291, 12000, 5137),
(5138, 'Icononzo', 'COL', 'Icononzo', 1291, 12000, 5138),
(5139, 'Lérida', 'COL', 'Lérida', 1291, 12000, 5139),
(5140, 'Líbano', 'COL', 'Líbano', 1291, 12000, 5140),
(5141, 'Mariquita', 'COL', 'Mariquita', 1291, 12000, 5141),
(5142, 'Melgar', 'COL', 'Melgar', 1291, 12000, 5142),
(5143, 'Murillo', 'COL', 'Murillo', 1291, 12000, 5143),
(5144, 'Natagaima', 'COL', 'Natagaima', 1291, 12000, 5144),
(5145, 'Ortega', 'COL', 'Ortega', 1291, 12000, 5145),
(5146, 'Palocabildo', 'COL', 'Palocabildo', 1291, 12000, 5146),
(5147, 'Piedras', 'COL', 'Piedras', 1291, 12000, 5147),
(5148, 'Planadas', 'COL', 'Planadas', 1291, 12000, 5148),
(5149, 'Prado', 'COL', 'Prado', 1291, 12000, 5149),
(5150, 'Purificación', 'COL', 'Purificación', 1291, 12000, 5150),
(5151, 'Rioblanco', 'COL', 'Rioblanco', 1291, 12000, 5151),
(5152, 'Roncesvalles', 'COL', 'Roncesvalles', 1291, 12000, 5152),
(5153, 'Rovira', 'COL', 'Rovira', 1291, 12000, 5153),
(5154, 'Saldaña', 'COL', 'Saldaña', 1291, 12000, 5154),
(5155, 'San antonio', 'COL', 'San antonio', 1291, 12000, 5155),
(5156, 'San luis', 'COL', 'San luis', 1291, 12000, 5156),
(5157, 'Santa isabel', 'COL', 'Santa isabel', 1291, 12000, 5157),
(5158, 'Suárez', 'COL', 'Suárez', 1291, 12000, 5158),
(5159, 'Valle de san juan', 'COL', 'Valle de san juan', 1291, 12000, 5159),
(5160, 'Venadillo', 'COL', 'Venadillo', 1291, 12000, 5160),
(5161, 'Villahermosa', 'COL', 'Villahermosa', 1291, 12000, 5161),
(5162, 'Villarrica', 'COL', 'Villarrica', 1291, 12000, 5162),
(5163, 'Alcalá', 'COL', 'Alcalá', 1338, 12000, 5163),
(5164, 'Andalucía', 'COL', 'Andalucía', 1338, 12000, 5164),
(5165, 'Ansermanuevo', 'COL', 'Ansermanuevo', 1338, 12000, 5165),
(5166, 'Argelia', 'COL', 'Argelia', 1338, 12000, 5166),
(5167, 'Bolívar', 'COL', 'Bolívar', 1338, 12000, 5167),
(5168, 'Buenaventura', 'COL', 'Buenaventura', 1338, 12000, 5168),
(5169, 'Bugalagrande', 'COL', 'Bugalagrande', 1338, 12000, 5169),
(5170, 'Caicedonia', 'COL', 'Caicedonia', 1338, 12000, 5170),
(5171, 'Cali', 'COL', 'Cali', 1338, 12000, 5171),
(5172, 'Calima', 'COL', 'Calima', 1338, 12000, 5172),
(5173, 'Candelaria', 'COL', 'Candelaria', 1338, 12000, 5173),
(5174, 'Cartago', 'COL', 'Cartago', 1338, 12000, 5174),
(5175, 'Dagua', 'COL', 'Dagua', 1338, 12000, 5175),
(5176, 'El águila', 'COL', 'El águila', 1338, 12000, 5176),
(5177, 'El cairo', 'COL', 'El cairo', 1338, 12000, 5177),
(5178, 'El cerrito', 'COL', 'El cerrito', 1338, 12000, 5178),
(5179, 'El dovio', 'COL', 'El dovio', 1338, 12000, 5179),
(5180, 'Florida', 'COL', 'Florida', 1338, 12000, 5180),
(5181, 'Ginebra', 'COL', 'Ginebra', 1338, 12000, 5181),
(5182, 'Guacarí', 'COL', 'Guacarí', 1338, 12000, 5182),
(5183, 'Guadalajara de buga', 'COL', 'Guadalajara de buga', 1338, 12000, 5183),
(5184, 'Jamundí', 'COL', 'Jamundí', 1338, 12000, 5184),
(5185, 'La cumbre', 'COL', 'La cumbre', 1338, 12000, 5185),
(5186, 'La unión', 'COL', 'La unión', 1338, 12000, 5186),
(5187, 'La victoria', 'COL', 'La victoria', 1338, 12000, 5187),
(5188, 'Obando', 'COL', 'Obando', 1338, 12000, 5188),
(5189, 'Palmira', 'COL', 'Palmira', 1338, 12000, 5189),
(5190, 'Pradera', 'COL', 'Pradera', 1338, 12000, 5190),
(5191, 'Restrepo', 'COL', 'Restrepo', 1338, 12000, 5191),
(5192, 'Riofrío', 'COL', 'Riofrío', 1338, 12000, 5192),
(5193, 'Roldanillo', 'COL', 'Roldanillo', 1338, 12000, 5193),
(5194, 'San pedro', 'COL', 'San pedro', 1338, 12000, 5194),
(5195, 'Sevilla', 'COL', 'Sevilla', 1338, 12000, 5195),
(5196, 'Toro', 'COL', 'Toro', 1338, 12000, 5196),
(5197, 'Trujillo', 'COL', 'Trujillo', 1338, 12000, 5197),
(5198, 'Tuluá', 'COL', 'Tuluá', 1338, 12000, 5198),
(5199, 'Ulloa', 'COL', 'Ulloa', 1338, 12000, 5199),
(5200, 'Versalles', 'COL', 'Versalles', 1338, 12000, 5200),
(5201, 'Vijes', 'COL', 'Vijes', 1338, 12000, 5201),
(5202, 'Yotoco', 'COL', 'Yotoco', 1338, 12000, 5202),
(5203, 'Yumbo', 'COL', 'Yumbo', 1338, 12000, 5203),
(5204, 'Zarzal', 'COL', 'Zarzal', 1338, 12000, 5204),
(5205, 'Caruru', 'COL', 'Caruru', 1346, 12000, 5205),
(5206, 'Mitú', 'COL', 'Mitú', 1346, 12000, 5206),
(5207, 'Pacoa', 'COL', 'Pacoa', 1346, 12000, 5207),
(5208, 'Papunaua', 'COL', 'Papunaua', 1346, 12000, 5208),
(5209, 'Taraira', 'COL', 'Taraira', 1346, 12000, 5209),
(5210, 'Yavaraté', 'COL', 'Yavaraté', 1346, 12000, 5210),
(5211, 'Cumaribo', 'COL', 'Cumaribo', 1352, 12000, 5211),
(5212, 'La primavera', 'COL', 'La primavera', 1352, 12000, 5212),
(5213, 'Puerto carreño', 'COL', 'Puerto carreño', 1352, 12000, 5213),
(5214, 'Santa rosalía', 'COL', 'Santa rosalía', 1352, 12000, 5214),
(5215, 'Amaime', 'COL', 'Amaime', 1338, 12000, 5215),
(5216, 'Anganoy', 'COL', 'Anganoy', 878, 12000, 5216),
(5217, 'Apiay', 'COL', 'Apiay', 819, 12000, 5217),
(5218, 'Loboguerrero', 'COL', 'Loboguerrero', 1338, 12000, 5218),
(5219, 'Bayunca', 'COL', 'Bayunca', 197, 12000, 5219),
(5220, 'los Robles', 'COL', 'los Robles', 279, 12000, 5220),
(5221, 'Belencito', 'COL', 'Belencito', 206, 12000, 5221),
(5222, 'Botanilla', 'COL', 'Botanilla', 878, 12000, 5222),
(5224, 'Buenavista', 'COL', 'Buenavista', 707, 12000, 5224),
(5225, 'Buenos Aires', 'COL', 'Buenos Aires', 1291, 12000, 5225),
(5226, 'Buesaquillo', 'COL', 'Buesaquillo', 878, 12000, 5226),
(5227, 'Buga', 'COL', 'Buga', 1338, 12000, 5227),
(5228, 'Mamonal', 'COL', 'Mamonal', 197, 12000, 5228),
(5229, 'Cabrerar', 'COL', 'Cabrerar', 878, 12000, 5229),
(5230, 'Manzanillo del Mar', 'COL', 'Manzanillo del Mar', 197, 12000, 5230),
(5231, 'Campeche', 'COL', 'Campeche', 120, 12000, 5231),
(5232, 'Canchala', 'COL', 'Canchala', 878, 12000, 5232),
(5233, 'Mingueo', 'COL', 'Mingueo', 707, 12000, 5233),
(5234, 'Carmen de viboral', 'COL', 'Carmen de viboral', 83, 12000, 5234),
(5235, 'Castilla', 'COL', 'Castilla', 1291, 12000, 5235),
(5236, 'Cavasa', 'COL', 'Cavasa', 1338, 12000, 5236),
(5237, 'Cerritos', 'COL', 'Cerritos', 1075, 12000, 5237),
(5238, 'Mocondino', 'COL', 'Mocondino', 878, 12000, 5238),
(5239, 'Chicoral', 'COL', 'Chicoral', 1291, 12000, 5239),
(5240, 'Montelibano', 'COL', 'Montelibano', 231, 12000, 5240),
(5241, 'Cisneros', 'COL', 'Cisneros', 1338, 12000, 5241),
(5242, 'Codazzi', 'COL', 'Codazzi', 279, 12000, 5242),
(5243, 'Combita', 'COL', 'Combita', 206, 12000, 5243),
(5244, 'Copey', 'COL', 'Copey', 279, 12000, 5244),
(5245, 'Cruz de Amarillo', 'COL', 'Cruz de Amarillo', 878, 12000, 5245),
(5246, 'Cubijan Bajo', 'COL', 'Cubijan Bajo', 878, 12000, 5246),
(5247, 'Cuestecita', 'COL', 'Cuestecita', 707, 12000, 5247),
(5248, 'Cujacal', 'COL', 'Cujacal', 878, 12000, 5248),
(5249, 'Currulao', 'COL', 'Currulao', 83, 12000, 5249),
(5250, 'El Bajito', 'COL', 'El Bajito', 878, 12000, 5250),
(5251, 'El Cabuyal', 'COL', 'El Cabuyal', 1338, 12000, 5251),
(5252, 'El Carmelo', 'COL', 'El Carmelo', 1338, 12000, 5252),
(5253, 'El Convenio', 'COL', 'El Convenio', 1291, 12000, 5253),
(5254, 'El Hormiguero', 'COL', 'El Hormiguero', 260, 12000, 5254),
(5255, 'El Muña', 'COL', 'El Muña', 305, 12000, 5255),
(5256, 'El Retiro', 'COL', 'El Retiro', 83, 12000, 5256),
(5257, 'El Rodadero', 'COL', 'El Rodadero', 768, 12000, 5257),
(5258, 'El Totumo', 'COL', 'El Totumo', 83, 12000, 5258),
(5259, 'Gaira', 'COL', 'Gaira', 768, 12000, 5259),
(5260, 'Gualanday', 'COL', 'Gualanday', 1291, 12000, 5260),
(5261, 'Guatica', 'COL', 'Guatica', 1075, 12000, 5261),
(5262, 'Hidrosogamoso', 'COL', 'Hidrosogamoso', 1122, 12000, 5262),
(5263, 'Irra', 'COL', 'Irra', 1075, 12000, 5263),
(5264, 'Juan Mina', 'COL', 'Juan Mina', 120, 12000, 5264),
(5265, 'Kilómetro 41', 'COL', 'Kilómetro 41', 236, 12000, 5265),
(5266, 'La Boquilla', 'COL', 'La Boquilla', 197, 12000, 5266),
(5267, 'La Caro', 'COL', 'La Caro', 305, 12000, 5267),
(5268, 'La Loma', 'COL', 'La Loma', 279, 12000, 5268),
(5269, 'La Paila', 'COL', 'La Paila', 1338, 12000, 5269),
(5270, 'La Parada', 'COL', 'La Parada', 916, 12000, 5270),
(5271, 'La Sierra', 'COL', 'La Sierra', 1291, 12000, 5271),
(5272, 'La Tablaza', 'COL', 'La Tablaza', 83, 12000, 5272),
(5273, 'La Uribe', 'COL', 'La Uribe', 1338, 12000, 5273),
(5274, 'La Ye', 'COL', 'La Ye', 231, 12000, 5274),
(5275, 'Las Lajas', 'COL', 'Las Lajas', 878, 12000, 5275),
(5276, 'Lerida', 'COL', 'Lerida', 1291, 12000, 5276),
(5278, 'Sampues', 'COL', 'Sampues', 1209, 12000, 5278),
(5279, 'San Antonio de Aranda', 'COL', 'San Antonio de Aranda', 878, 12000, 5279),
(5280, 'San Antonio de Pereira', 'COL', 'San Antonio de Pereira', 83, 12000, 5280),
(5281, 'San Antonio de Prado', 'COL', 'San Antonio de Prado', 83, 12000, 5281),
(5282, 'San Clemente', 'COL', 'San Clemente', 1075, 12000, 5282),
(5283, 'San Cristobal', 'COL', 'San Cristobal', 83, 12000, 5283),
(5284, 'San Felipe', 'COL', 'San Felipe', 1291, 12000, 5284),
(5285, 'San Fernando', 'COL', 'San Fernando', 878, 12000, 5285),
(5286, 'San Fransisco', 'COL', 'San Fransisco', 878, 12000, 5286),
(5287, 'San Juan', 'COL', 'San Juan', 878, 12000, 5287),
(5288, 'San Juan Anganoy', 'COL', 'San Juan Anganoy', 878, 12000, 5288),
(5289, 'Santa Elena', 'COL', 'Santa Elena', 83, 12000, 5289),
(5290, 'Santa Rosa de Lima', 'COL', 'Santa Rosa de Lima', 197, 12000, 5290),
(5291, 'Santa Verónica', 'COL', 'Santa Verónica', 120, 12000, 5291),
(5292, 'Santuario', 'COL', 'Santuario', 83, 12000, 5292),
(5293, 'Taganga', 'COL', 'Taganga', 768, 12000, 5293),
(5294, 'Tescual', 'COL', 'Tescual', 878, 12000, 5294),
(5295, 'Tolemaida', 'COL', 'Tolemaida', 1291, 12000, 5295),
(5296, 'Tolú', 'COL', 'Tolú', 1209, 12000, 5296),
(5297, 'Usme', 'COL', 'Usme', 305, 12000, 5297),
(5298, 'Tucurinca', 'COL', 'Tucurinca', 768, 12000, 5298),
(5299, 'Velez', 'COL', 'Velez', 1122, 12000, 5299),
(5300, 'Ubate', 'COL', 'Ubate', 305, 12000, 5300),
(5301, 'Venadillo', 'COL', 'Venadillo', 1291, 12000, 5301),
(5302, 'VILLA DE LEYVA ', 'COL', 'VILLA DE LEYVA ', 206, 12000, 5302),
(5303, 'Ortigal', 'COL', 'Ortigal', 260, 12000, 5303),
(5304, 'VILLA DEL ROSARIO', 'COL', 'VILLA DEL ROSARIO', 916, 12000, 5304),
(5305, 'Pachaquiaro', 'COL', 'Pachaquiaro', 819, 12000, 5305),
(5306, 'Palermo', 'COL', 'Palermo', 768, 12000, 5306),
(5307, 'Papayal', 'COL', 'Papayal', 707, 12000, 5307),
(5308, 'VILLA GORGONA ', 'COL', 'VILLA GORGONA ', 1338, 12000, 5308),
(5309, 'Pasacaballos', 'COL', 'Pasacaballos', 197, 12000, 5309),
(5310, 'PUERTO COLOMBIA  \r\n', 'COL', 'PUERTO COLOMBIA  \r\n', 83, 12000, 5310),
(5311, 'Paz de Rio', 'COL', 'Paz de Rio', 206, 12000, 5311),
(5312, 'Pedregal', 'COL', 'Pedregal', 878, 12000, 5312),
(5313, 'Pilcuan', 'COL', 'Pilcuan', 878, 12000, 5313),
(5314, 'Pinchote', 'COL', 'Pinchote', 1122, 12000, 5314),
(5315, 'PUERTO GIRALDO  ', 'COL', 'PUERTO GIRALDO  ', 83, 12000, 5315),
(5316, 'Pontezuela', 'COL', 'Pontezuela', 197, 12000, 5316),
(5317, 'Presidente', 'COL', 'Presidente', 1338, 12000, 5317),
(5318, 'PUERTO SALGAR ', 'COL', 'PUERTO SALGAR ', 305, 12000, 5318),
(5319, 'Pueblo Nuevo', 'COL', 'Pueblo Nuevo', 768, 12000, 5319),
(5320, 'PUNTA CANOA  ', 'COL', 'PUNTA CANOA  ', 197, 12000, 5320),
(5321, 'Pupiales', 'COL', 'Pupiales', 878, 12000, 5321),
(5322, 'PURIFICACION ', 'COL', 'PURIFICACION ', 1291, 12000, 5322),
(5323, 'RAQUIRA ', 'COL', 'RAQUIRA ', 206, 12000, 5323),
(5324, 'Repelon', 'COL', 'Repelon', 83, 12000, 5324),
(5325, 'RESTREPO', 'COL', 'RESTREPO', 819, 12000, 5325),
(5433, 'Miriti - paraná', 'COL', 'Miriti - paraná', 65, 12000, 5433);

-- --------------------------------------------------------

--
-- Estructura de tabla para la tabla `cms_apicustom`
--

CREATE TABLE `cms_apicustom` (
  `id` int(10) UNSIGNED NOT NULL,
  `permalink` varchar(255) COLLATE utf8mb4_unicode_ci DEFAULT NULL,
  `tabel` varchar(255) COLLATE utf8mb4_unicode_ci DEFAULT NULL,
  `aksi` varchar(255) COLLATE utf8mb4_unicode_ci DEFAULT NULL,
  `kolom` varchar(255) COLLATE utf8mb4_unicode_ci DEFAULT NULL,
  `orderby` varchar(255) COLLATE utf8mb4_unicode_ci DEFAULT NULL,
  `sub_query_1` varchar(255) COLLATE utf8mb4_unicode_ci DEFAULT NULL,
  `sql_where` varchar(255) COLLATE utf8mb4_unicode_ci DEFAULT NULL,
  `nama` varchar(255) COLLATE utf8mb4_unicode_ci DEFAULT NULL,
  `keterangan` varchar(255) COLLATE utf8mb4_unicode_ci DEFAULT NULL,
  `parameter` varchar(255) COLLATE utf8mb4_unicode_ci DEFAULT NULL,
  `created_at` timestamp NULL DEFAULT NULL,
  `updated_at` timestamp NULL DEFAULT NULL,
  `method_type` varchar(25) COLLATE utf8mb4_unicode_ci DEFAULT NULL,
  `parameters` longtext COLLATE utf8mb4_unicode_ci DEFAULT NULL,
  `responses` longtext COLLATE utf8mb4_unicode_ci DEFAULT NULL
) ENGINE=InnoDB DEFAULT CHARSET=utf8mb4 COLLATE=utf8mb4_unicode_ci;

-- --------------------------------------------------------

--
-- Estructura de tabla para la tabla `cms_apikey`
--

CREATE TABLE `cms_apikey` (
  `id` int(10) UNSIGNED NOT NULL,
  `screetkey` varchar(255) COLLATE utf8mb4_unicode_ci DEFAULT NULL,
  `hit` int(11) DEFAULT NULL,
  `status` varchar(25) COLLATE utf8mb4_unicode_ci NOT NULL DEFAULT 'active',
  `created_at` timestamp NULL DEFAULT NULL,
  `updated_at` timestamp NULL DEFAULT NULL
) ENGINE=InnoDB DEFAULT CHARSET=utf8mb4 COLLATE=utf8mb4_unicode_ci;

-- --------------------------------------------------------

--
-- Estructura de tabla para la tabla `cms_dashboard`
--

CREATE TABLE `cms_dashboard` (
  `id` int(10) UNSIGNED NOT NULL,
  `name` varchar(255) COLLATE utf8mb4_unicode_ci DEFAULT NULL,
  `id_cms_privileges` int(11) DEFAULT NULL,
  `content` longtext COLLATE utf8mb4_unicode_ci DEFAULT NULL,
  `created_at` timestamp NULL DEFAULT NULL,
  `updated_at` timestamp NULL DEFAULT NULL
) ENGINE=InnoDB DEFAULT CHARSET=utf8mb4 COLLATE=utf8mb4_unicode_ci;

-- --------------------------------------------------------

--
-- Estructura de tabla para la tabla `cms_email_queues`
--

CREATE TABLE `cms_email_queues` (
  `id` int(10) UNSIGNED NOT NULL,
  `send_at` datetime DEFAULT NULL,
  `email_recipient` varchar(255) COLLATE utf8mb4_unicode_ci DEFAULT NULL,
  `email_from_email` varchar(255) COLLATE utf8mb4_unicode_ci DEFAULT NULL,
  `email_from_name` varchar(255) COLLATE utf8mb4_unicode_ci DEFAULT NULL,
  `email_cc_email` varchar(255) COLLATE utf8mb4_unicode_ci DEFAULT NULL,
  `email_subject` varchar(255) COLLATE utf8mb4_unicode_ci DEFAULT NULL,
  `email_content` text COLLATE utf8mb4_unicode_ci DEFAULT NULL,
  `email_attachments` text COLLATE utf8mb4_unicode_ci DEFAULT NULL,
  `is_sent` tinyint(1) DEFAULT NULL,
  `created_at` timestamp NULL DEFAULT NULL,
  `updated_at` timestamp NULL DEFAULT NULL
) ENGINE=InnoDB DEFAULT CHARSET=utf8mb4 COLLATE=utf8mb4_unicode_ci;

-- --------------------------------------------------------

--
-- Estructura de tabla para la tabla `cms_email_templates`
--

CREATE TABLE `cms_email_templates` (
  `id` int(10) UNSIGNED NOT NULL,
  `name` varchar(255) COLLATE utf8mb4_unicode_ci DEFAULT NULL,
  `slug` varchar(255) COLLATE utf8mb4_unicode_ci DEFAULT NULL,
  `subject` varchar(255) COLLATE utf8mb4_unicode_ci DEFAULT NULL,
  `content` longtext COLLATE utf8mb4_unicode_ci DEFAULT NULL,
  `description` varchar(255) COLLATE utf8mb4_unicode_ci DEFAULT NULL,
  `from_name` varchar(255) COLLATE utf8mb4_unicode_ci DEFAULT NULL,
  `from_email` varchar(255) COLLATE utf8mb4_unicode_ci DEFAULT NULL,
  `cc_email` varchar(255) COLLATE utf8mb4_unicode_ci DEFAULT NULL,
  `created_at` timestamp NULL DEFAULT NULL,
  `updated_at` timestamp NULL DEFAULT NULL
) ENGINE=InnoDB DEFAULT CHARSET=utf8mb4 COLLATE=utf8mb4_unicode_ci;

--
-- Volcado de datos para la tabla `cms_email_templates`
--

INSERT INTO `cms_email_templates` (`id`, `name`, `slug`, `subject`, `content`, `description`, `from_name`, `from_email`, `cc_email`, `created_at`, `updated_at`) VALUES
(1, 'Email Template Forgot Password Backend', 'forgot_password_backend', NULL, '<p>Hi,</p><p>Someone requested forgot password, here is your new password : </p><p>[password]</p><p><br></p><p>--</p><p>Regards,</p><p>Admin</p>', '[password]', 'System', 'system@crudbooster.com', NULL, '2021-03-15 18:32:34', NULL);

-- --------------------------------------------------------

--
-- Estructura de tabla para la tabla `cms_logs`
--

CREATE TABLE `cms_logs` (
  `id` int(10) UNSIGNED NOT NULL,
  `ipaddress` varchar(50) COLLATE utf8mb4_unicode_ci DEFAULT NULL,
  `useragent` varchar(255) COLLATE utf8mb4_unicode_ci DEFAULT NULL,
  `url` varchar(255) COLLATE utf8mb4_unicode_ci DEFAULT NULL,
  `description` varchar(255) COLLATE utf8mb4_unicode_ci DEFAULT NULL,
  `details` text COLLATE utf8mb4_unicode_ci DEFAULT NULL,
  `id_cms_users` int(11) DEFAULT NULL,
  `created_at` timestamp NULL DEFAULT NULL,
  `updated_at` timestamp NULL DEFAULT NULL
) ENGINE=InnoDB DEFAULT CHARSET=utf8mb4 COLLATE=utf8mb4_unicode_ci;

--
-- Volcado de datos para la tabla `cms_logs`
--

INSERT INTO `cms_logs` (`id`, `ipaddress`, `useragent`, `url`, `description`, `details`, `id_cms_users`, `created_at`, `updated_at`) VALUES
(1, '127.0.0.1', 'Mozilla/5.0 (Windows NT 10.0; Win64; x64) AppleWebKit/537.36 (KHTML, like Gecko) Chrome/89.0.4389.90 Safari/537.36 Edg/89.0.774.54', 'http://127.0.0.1:8000/admin/login', 'Ingreso de admin@crudbooster.com desde la Dirección IP 127.0.0.1', '', 1, '2021-03-15 18:35:14', NULL),
(2, '127.0.0.1', 'Mozilla/5.0 (Windows NT 10.0; Win64; x64) AppleWebKit/537.36 (KHTML, like Gecko) Chrome/89.0.4389.90 Safari/537.36 Edg/89.0.774.54', 'http://127.0.0.1:8000/admin/blog/edit-save/4', 'Actualizar información  en blog', '<table class=\"table table-striped\"><thead><tr><th>Key</th><th>Old Value</th><th>New Value</th></thead><tbody><tr><td>resumen</td><td>Lorem ipsum dolor sit amet consectetur adipiscing elit at conubia auctor, justo integer venenatis lectus vitae ultrices taciti ante.</td><td>Resumen corto del blog</td></tr><tr><td>slug</td><td>La-Meditación-como-parte-de-tu-rutina</td><td></td></tr></tbody></table>', 1, '2021-03-15 21:15:14', NULL),
(3, '127.0.0.1', 'Mozilla/5.0 (Windows NT 10.0; Win64; x64) AppleWebKit/537.36 (KHTML, like Gecko) Chrome/89.0.4389.90 Safari/537.36 Edg/89.0.774.54', 'http://127.0.0.1:8000/admin/blog/edit-save/4', 'Actualizar información  en blog', '<table class=\"table table-striped\"><thead><tr><th>Key</th><th>Old Value</th><th>New Value</th></thead><tbody><tr><td>autor</td><td>Claudia</td><td>Gutand</td></tr><tr><td>slug</td><td>La-Meditación-como-parte-de-tu-rutina</td><td></td></tr></tbody></table>', 1, '2021-03-15 21:15:26', NULL),
(4, '127.0.0.1', 'Mozilla/5.0 (Windows NT 10.0; Win64; x64) AppleWebKit/537.36 (KHTML, like Gecko) Chrome/89.0.4389.90 Safari/537.36 Edg/89.0.774.54', 'http://127.0.0.1:8000/admin/blog/add-save', 'Añadir nueva información  en blog', '', 1, '2021-03-16 02:56:29', NULL),
(5, '127.0.0.1', 'Mozilla/5.0 (Windows NT 10.0; Win64; x64) AppleWebKit/537.36 (KHTML, like Gecko) Chrome/89.0.4389.90 Safari/537.36 Edg/89.0.774.54', 'http://127.0.0.1:8000/admin/login', 'Ingreso de admin@crudbooster.com desde la Dirección IP 127.0.0.1', '', 1, '2021-03-16 20:05:49', NULL),
(6, '127.0.0.1', 'Mozilla/5.0 (iPhone; CPU iPhone OS 13_2_3 like Mac OS X) AppleWebKit/605.1.15 (KHTML, like Gecko) Version/13.0.3 Mobile/15E148 Safari/604.1 Edg/89.0.4389.90', 'http://127.0.0.1:8000/admin/login', 'Ingreso de admin@crudbooster.com desde la Dirección IP 127.0.0.1', '', 1, '2021-03-18 02:38:11', NULL),
(7, '127.0.0.1', 'Mozilla/5.0 (Windows NT 10.0; Win64; x64) AppleWebKit/537.36 (KHTML, like Gecko) Chrome/89.0.4389.90 Safari/537.36 Edg/89.0.774.57', 'http://127.0.0.1:8000/admin/login', 'Ingreso de admin@crudbooster.com desde la Dirección IP 127.0.0.1', '', 1, '2021-03-26 01:55:16', NULL),
(8, '127.0.0.1', 'Mozilla/5.0 (Windows NT 10.0; Win64; x64) AppleWebKit/537.36 (KHTML, like Gecko) Chrome/89.0.4389.90 Safari/537.36 Edg/89.0.774.57', 'http://127.0.0.1:8000/admin/users/add-save', 'Añadir nueva información Admin en Gestión de usuarios', '', 1, '2021-03-26 01:57:33', NULL),
(9, '127.0.0.1', 'Mozilla/5.0 (Windows NT 10.0; Win64; x64) AppleWebKit/537.36 (KHTML, like Gecko) Chrome/89.0.4389.90 Safari/537.36 Edg/89.0.774.57', 'http://127.0.0.1:8000/admin/menu_management/edit-save/1', 'Actualizar información Información en Gestión de Menús', '<table class=\"table table-striped\"><thead><tr><th>Key</th><th>Old Value</th><th>New Value</th></thead><tbody><tr><td>color</td><td></td><td>normal</td></tr></tbody></table>', 1, '2021-03-26 01:57:43', NULL),
(10, '127.0.0.1', 'Mozilla/5.0 (Windows NT 10.0; Win64; x64) AppleWebKit/537.36 (KHTML, like Gecko) Chrome/89.0.4389.90 Safari/537.36 Edg/89.0.774.57', 'http://127.0.0.1:8000/admin/menu_management/edit-save/2', 'Actualizar información Links Herbalife en Gestión de Menús', '<table class=\"table table-striped\"><thead><tr><th>Key</th><th>Old Value</th><th>New Value</th></thead><tbody><tr><td>color</td><td></td><td>normal</td></tr><tr><td>sorting</td><td>2</td><td></td></tr></tbody></table>', 1, '2021-03-26 01:57:48', NULL),
(11, '127.0.0.1', 'Mozilla/5.0 (Windows NT 10.0; Win64; x64) AppleWebKit/537.36 (KHTML, like Gecko) Chrome/89.0.4389.90 Safari/537.36 Edg/89.0.774.57', 'http://127.0.0.1:8000/admin/menu_management/edit-save/3', 'Actualizar información blog en Gestión de Menús', '<table class=\"table table-striped\"><thead><tr><th>Key</th><th>Old Value</th><th>New Value</th></thead><tbody><tr><td>color</td><td></td><td>normal</td></tr><tr><td>sorting</td><td>3</td><td></td></tr></tbody></table>', 1, '2021-03-26 01:57:53', NULL),
(12, '127.0.0.1', 'Mozilla/5.0 (Windows NT 10.0; Win64; x64) AppleWebKit/537.36 (KHTML, like Gecko) Chrome/89.0.4389.90 Safari/537.36 Edg/89.0.774.57', 'http://127.0.0.1:8000/admin/menu_management/edit-save/4', 'Actualizar información Banners en Gestión de Menús', '<table class=\"table table-striped\"><thead><tr><th>Key</th><th>Old Value</th><th>New Value</th></thead><tbody><tr><td>color</td><td></td><td>normal</td></tr><tr><td>sorting</td><td>4</td><td></td></tr></tbody></table>', 1, '2021-03-26 01:57:57', NULL),
(13, '179.14.39.15', 'Mozilla/5.0 (Windows NT 10.0; Win64; x64) AppleWebKit/537.36 (KHTML, like Gecko) Chrome/89.0.4389.90 Safari/537.36 Edg/89.0.774.57', 'http://claudia.gutand.com/admin/login', 'Ingreso de admin@crudbooster.com desde la Dirección IP 179.14.39.15', '', 1, '2021-03-26 01:59:14', NULL),
(14, '179.14.39.15', 'Mozilla/5.0 (Windows NT 10.0; Win64; x64) AppleWebKit/537.36 (KHTML, like Gecko) Chrome/89.0.4389.90 Safari/537.36 Edg/89.0.774.57', 'http://claudia.gutand.com/admin/info/edit-save/1', 'Actualizar información  en Información', '<table class=\"table table-striped\"><thead><tr><th>Key</th><th>Old Value</th><th>New Value</th></thead><tbody></tbody></table>', 1, '2021-03-26 01:59:23', NULL),
(15, '179.14.39.15', 'Mozilla/5.0 (Windows NT 10.0; Win64; x64) AppleWebKit/537.36 (KHTML, like Gecko) Chrome/89.0.4389.90 Safari/537.36 Edg/89.0.774.57', 'http://claudia.gutand.com/admin/info/edit-save/1', 'Actualizar información  en Información', '<table class=\"table table-striped\"><thead><tr><th>Key</th><th>Old Value</th><th>New Value</th></thead><tbody><tr><td>tel</td><td>4075437948</td><td>4075437947</td></tr></tbody></table>', 1, '2021-03-26 01:59:28', NULL),
(16, '179.14.39.15', 'Mozilla/5.0 (Windows NT 10.0; Win64; x64) AppleWebKit/537.36 (KHTML, like Gecko) Chrome/89.0.4389.90 Safari/537.36 Edg/89.0.774.57', 'http://claudia.gutand.com/admin/links_herbalife/edit-save/1', 'Actualizar información  en Links Herbalife', '<table class=\"table table-striped\"><thead><tr><th>Key</th><th>Old Value</th><th>New Value</th></thead><tbody><tr><td>colombia</td><td>https://www.herbalife.com.co/</td><td>https://www.herbalife.com.co</td></tr></tbody></table>', 1, '2021-03-26 01:59:34', NULL),
(17, '179.14.39.15', 'Mozilla/5.0 (Windows NT 10.0; Win64; x64) AppleWebKit/537.36 (KHTML, like Gecko) Chrome/89.0.4389.90 Safari/537.36 Edg/89.0.774.57', 'http://claudia.gutand.com/admin/links_herbalife/edit-save/1', 'Actualizar información  en Links Herbalife', '<table class=\"table table-striped\"><thead><tr><th>Key</th><th>Old Value</th><th>New Value</th></thead><tbody><tr><td>colombia</td><td>https://www.herbalife.com.co</td><td>https://www.herbalife.com.co/</td></tr></tbody></table>', 1, '2021-03-26 01:59:38', NULL),
(18, '179.14.39.15', 'Mozilla/5.0 (Windows NT 10.0; Win64; x64) AppleWebKit/537.36 (KHTML, like Gecko) Chrome/89.0.4389.90 Safari/537.36 Edg/89.0.774.57', 'http://claudia.gutand.com/admin/blog/edit-save/5', 'Actualizar información  en blog', '<table class=\"table table-striped\"><thead><tr><th>Key</th><th>Old Value</th><th>New Value</th></thead><tbody><tr><td>portada</td><td>uploads/1/2021-03/blog.jpg</td><td></td></tr><tr><td>autor</td><td>Gutand</td><td>Geusto</td></tr><tr><td>banner</td><td>uploads/1/2021-03/book.jpg</td><td></td></tr></tbody></table>', 1, '2021-03-26 01:59:53', NULL),
(19, '179.14.39.15', 'Mozilla/5.0 (Windows NT 10.0; Win64; x64) AppleWebKit/537.36 (KHTML, like Gecko) Chrome/89.0.4389.90 Safari/537.36 Edg/89.0.774.57', 'http://claudia.gutand.com/admin/users/edit-save/2', 'Actualizar información Admino en Gestión de usuarios', '<table class=\"table table-striped\"><thead><tr><th>Key</th><th>Old Value</th><th>New Value</th></thead><tbody><tr><td>name</td><td>Admin</td><td>Admino</td></tr><tr><td>photo</td><td>uploads/1/2021-03/220px_user_icon_2svg.png</td><td></td></tr><tr><td>password</td><td>$2y$10$8B3nWz7BqXLgUWdB69/5L.k01zw1d2dMU3H.xCVDIhYvNXBgvTA/e</td><td></td></tr></tbody></table>', 1, '2021-03-26 02:00:11', NULL),
(20, '179.14.39.15', 'Mozilla/5.0 (Windows NT 10.0; Win64; x64) AppleWebKit/537.36 (KHTML, like Gecko) Chrome/89.0.4389.90 Safari/537.36 Edg/89.0.774.57', 'http://claudia.gutand.com/admin/users/edit-save/2', 'Actualizar información Admin en Gestión de usuarios', '<table class=\"table table-striped\"><thead><tr><th>Key</th><th>Old Value</th><th>New Value</th></thead><tbody><tr><td>name</td><td>Admino</td><td>Admin</td></tr><tr><td>photo</td><td></td><td>uploads/1/2021-03/220px_user_icon_2svg.png</td></tr><tr><td>password</td><td>$2y$10$8B3nWz7BqXLgUWdB69/5L.k01zw1d2dMU3H.xCVDIhYvNXBgvTA/e</td><td></td></tr><tr><td>status</td><td></td><td></td></tr></tbody></table>', 1, '2021-03-26 02:00:22', NULL),
(21, '179.14.39.15', 'Mozilla/5.0 (Windows NT 10.0; Win64; x64) AppleWebKit/537.36 (KHTML, like Gecko) Chrome/89.0.4389.90 Safari/537.36 Edg/89.0.774.57', 'http://claudia.gutand.com/admin/menu_management/edit-save/1', 'Actualizar información Información en Gestión de Menús', '<table class=\"table table-striped\"><thead><tr><th>Key</th><th>Old Value</th><th>New Value</th></thead><tbody></tbody></table>', 1, '2021-03-26 02:00:54', NULL),
(22, '179.14.39.15', 'Mozilla/5.0 (Windows NT 10.0; Win64; x64) AppleWebKit/537.36 (KHTML, like Gecko) Chrome/89.0.4389.90 Safari/537.36 Edg/89.0.774.57', 'http://claudia.gutand.com/admin/menu_management/edit-save/1', 'Actualizar información Información en Gestión de Menús', '<table class=\"table table-striped\"><thead><tr><th>Key</th><th>Old Value</th><th>New Value</th></thead><tbody></tbody></table>', 1, '2021-03-26 02:01:00', NULL),
(23, '127.0.0.1', 'Mozilla/5.0 (Windows NT 10.0; Win64; x64) AppleWebKit/537.36 (KHTML, like Gecko) Chrome/89.0.4389.82 Safari/537.36', 'http://127.0.0.1:8000/admin/login', 'Ingreso de admin@crudbooster.com desde la Dirección IP 127.0.0.1', '', 1, '2021-04-07 03:10:46', NULL),
(24, '127.0.0.1', 'Mozilla/5.0 (Windows NT 10.0; Win64; x64) AppleWebKit/537.36 (KHTML, like Gecko) Chrome/89.0.4389.82 Safari/537.36', 'http://127.0.0.1:8000/admin/menu_management/add-save', 'Añadir nueva información Usuarios en Gestión de Menús', '', 1, '2021-04-07 03:22:57', NULL),
(25, '127.0.0.1', 'Mozilla/5.0 (Windows NT 10.0; Win64; x64) AppleWebKit/537.36 (KHTML, like Gecko) Chrome/89.0.4389.82 Safari/537.36', 'http://127.0.0.1:8000/admin/login', 'Ingreso de admin@crudbooster.com desde la Dirección IP 127.0.0.1', '', 1, '2021-04-07 20:19:44', NULL),
(26, '127.0.0.1', 'Mozilla/5.0 (Windows NT 10.0; Win64; x64) AppleWebKit/537.36 (KHTML, like Gecko) Chrome/89.0.4389.82 Safari/537.36', 'http://127.0.0.1:8000/admin/schedule_service/add-save', 'Añadir nueva información  en Horario Servicios', '', 1, '2021-04-08 02:07:12', NULL),
(27, '127.0.0.1', 'Mozilla/5.0 (Windows NT 10.0; Win64; x64) AppleWebKit/537.36 (KHTML, like Gecko) Chrome/89.0.4389.82 Safari/537.36', 'http://127.0.0.1:8000/admin/schedule_service/add-save', 'Añadir nueva información  en Horario Servicios', '', 1, '2021-04-08 02:07:20', NULL),
(28, '127.0.0.1', 'Mozilla/5.0 (Windows NT 10.0; Win64; x64) AppleWebKit/537.36 (KHTML, like Gecko) Chrome/89.0.4389.82 Safari/537.36', 'http://127.0.0.1:8000/admin/login', 'Ingreso de admin@crudbooster.com desde la Dirección IP 127.0.0.1', '', 1, '2021-04-09 18:38:36', NULL),
(29, '127.0.0.1', 'Mozilla/5.0 (Windows NT 10.0; Win64; x64) AppleWebKit/537.36 (KHTML, like Gecko) Chrome/89.0.4389.82 Safari/537.36', 'http://127.0.0.1:8000/admin/login', 'Ingreso de admin@crudbooster.com desde la Dirección IP 127.0.0.1', '', 1, '2021-04-10 00:02:11', NULL);

-- --------------------------------------------------------

--
-- Estructura de tabla para la tabla `cms_menus`
--

CREATE TABLE `cms_menus` (
  `id` int(10) UNSIGNED NOT NULL,
  `name` varchar(255) COLLATE utf8mb4_unicode_ci DEFAULT NULL,
  `type` varchar(255) COLLATE utf8mb4_unicode_ci NOT NULL DEFAULT 'url',
  `path` varchar(255) COLLATE utf8mb4_unicode_ci DEFAULT NULL,
  `color` varchar(255) COLLATE utf8mb4_unicode_ci DEFAULT NULL,
  `icon` varchar(255) COLLATE utf8mb4_unicode_ci DEFAULT NULL,
  `parent_id` int(11) DEFAULT NULL,
  `is_active` tinyint(1) NOT NULL DEFAULT 1,
  `is_dashboard` tinyint(1) NOT NULL DEFAULT 0,
  `id_cms_privileges` int(11) DEFAULT NULL,
  `sorting` int(11) DEFAULT NULL,
  `created_at` timestamp NULL DEFAULT NULL,
  `updated_at` timestamp NULL DEFAULT NULL
) ENGINE=InnoDB DEFAULT CHARSET=utf8mb4 COLLATE=utf8mb4_unicode_ci;

--
-- Volcado de datos para la tabla `cms_menus`
--

INSERT INTO `cms_menus` (`id`, `name`, `type`, `path`, `color`, `icon`, `parent_id`, `is_active`, `is_dashboard`, `id_cms_privileges`, `sorting`, `created_at`, `updated_at`) VALUES
(1, 'Información', 'Route', 'AdminInfoControllerGetIndex', 'normal', 'fa fa-edit', 0, 1, 0, 1, 1, '2021-03-15 18:40:26', '2021-03-26 02:00:59'),
(2, 'Links Herbalife', 'Route', 'AdminLinksHerbalifeControllerGetIndex', 'normal', 'fa fa-chrome', 0, 1, 0, 1, 2, '2021-03-15 19:12:38', '2021-03-26 01:57:48'),
(3, 'blog', 'Route', 'AdminBlogControllerGetIndex', 'normal', 'fa fa-glass', 0, 1, 0, 1, 3, '2021-03-15 21:12:22', '2021-03-26 01:57:52'),
(4, 'Banners', 'Route', 'AdminBannersControllerGetIndex', 'normal', 'fa fa-picture-o', 0, 1, 0, 1, 4, '2021-03-18 02:38:39', '2021-03-26 01:57:57'),
(5, 'Usuarios', 'Module', 'users16', 'normal', 'fa fa-users', 0, 1, 0, 1, NULL, '2021-04-07 03:22:56', NULL),
(6, 'Cursos', 'Route', 'AdminCursosControllerGetIndex', NULL, 'fa fa-th-list', 0, 1, 0, 1, 5, '2021-04-07 03:49:48', NULL),
(7, 'Compra de Cursos', 'Route', 'AdminCoursePurchaseControllerGetIndex', NULL, 'fa fa-shopping-bag', 0, 1, 0, 1, 6, '2021-04-07 20:52:39', NULL),
(8, 'Talleres', 'Route', 'AdminTalleresControllerGetIndex', NULL, 'fa fa-list-ul', 0, 1, 0, 1, 7, '2021-04-08 00:49:09', NULL),
(9, 'Compra de talleres', 'Route', 'AdminTallerPurchaseControllerGetIndex', NULL, 'fa fa-shopping-cart', 0, 1, 0, 1, 8, '2021-04-08 01:10:36', NULL),
(10, 'Horario Servicios', 'Route', 'AdminScheduleServiceControllerGetIndex', NULL, 'fa fa-calendar', 0, 1, 0, 1, 9, '2021-04-08 02:05:47', NULL),
(11, 'Asesorias', 'Route', 'AdminAsesoriasControllerGetIndex', NULL, 'fa fa-list-ol', 0, 1, 0, 1, 10, '2021-04-09 21:44:42', NULL),
(12, 'Compra de Asesorias', 'Route', 'AdminServicePurchaseControllerGetIndex', NULL, 'fa fa-shopping-basket', 0, 1, 0, 1, 11, '2021-04-09 21:49:46', NULL);

-- --------------------------------------------------------

--
-- Estructura de tabla para la tabla `cms_menus_privileges`
--

CREATE TABLE `cms_menus_privileges` (
  `id` int(10) UNSIGNED NOT NULL,
  `id_cms_menus` int(11) DEFAULT NULL,
  `id_cms_privileges` int(11) DEFAULT NULL
) ENGINE=InnoDB DEFAULT CHARSET=utf8mb4 COLLATE=utf8mb4_unicode_ci;

--
-- Volcado de datos para la tabla `cms_menus_privileges`
--

INSERT INTO `cms_menus_privileges` (`id`, `id_cms_menus`, `id_cms_privileges`) VALUES
(7, 2, 2),
(8, 2, 1),
(9, 3, 2),
(10, 3, 1),
(11, 4, 2),
(12, 4, 1),
(14, 1, 2),
(15, 1, 1),
(16, 5, 2),
(17, 5, 1),
(18, 6, 1),
(19, 7, 1),
(20, 8, 1),
(21, 9, 1),
(22, 10, 1),
(23, 11, 1),
(24, 12, 1);

-- --------------------------------------------------------

--
-- Estructura de tabla para la tabla `cms_moduls`
--

CREATE TABLE `cms_moduls` (
  `id` int(10) UNSIGNED NOT NULL,
  `name` varchar(255) COLLATE utf8mb4_unicode_ci DEFAULT NULL,
  `icon` varchar(255) COLLATE utf8mb4_unicode_ci DEFAULT NULL,
  `path` varchar(255) COLLATE utf8mb4_unicode_ci DEFAULT NULL,
  `table_name` varchar(255) COLLATE utf8mb4_unicode_ci DEFAULT NULL,
  `controller` varchar(255) COLLATE utf8mb4_unicode_ci DEFAULT NULL,
  `is_protected` tinyint(1) NOT NULL DEFAULT 0,
  `is_active` tinyint(1) NOT NULL DEFAULT 0,
  `created_at` timestamp NULL DEFAULT NULL,
  `updated_at` timestamp NULL DEFAULT NULL,
  `deleted_at` timestamp NULL DEFAULT NULL
) ENGINE=InnoDB DEFAULT CHARSET=utf8mb4 COLLATE=utf8mb4_unicode_ci;

--
-- Volcado de datos para la tabla `cms_moduls`
--

INSERT INTO `cms_moduls` (`id`, `name`, `icon`, `path`, `table_name`, `controller`, `is_protected`, `is_active`, `created_at`, `updated_at`, `deleted_at`) VALUES
(1, 'Notificaciones', 'fa fa-cog', 'notifications', 'cms_notifications', 'NotificationsController', 1, 1, '2021-03-15 18:32:34', NULL, NULL),
(2, 'Privilegios', 'fa fa-cog', 'privileges', 'cms_privileges', 'PrivilegesController', 1, 1, '2021-03-15 18:32:34', NULL, NULL),
(3, 'Privilegios & Roles', 'fa fa-cog', 'privileges_roles', 'cms_privileges_roles', 'PrivilegesRolesController', 1, 1, '2021-03-15 18:32:34', NULL, NULL),
(4, 'Gestión de usuarios', 'fa fa-users', 'users', 'cms_users', 'AdminCmsUsersController', 0, 1, '2021-03-15 18:32:34', NULL, NULL),
(5, 'Ajustes', 'fa fa-cog', 'settings', 'cms_settings', 'SettingsController', 1, 1, '2021-03-15 18:32:34', NULL, NULL),
(6, 'Generador de Módulos', 'fa fa-database', 'module_generator', 'cms_moduls', 'ModulsController', 1, 1, '2021-03-15 18:32:34', NULL, NULL),
(7, 'Gestión de Menús', 'fa fa-bars', 'menu_management', 'cms_menus', 'MenusController', 1, 1, '2021-03-15 18:32:34', NULL, NULL),
(8, 'Plantillas de Correo', 'fa fa-envelope-o', 'email_templates', 'cms_email_templates', 'EmailTemplatesController', 1, 1, '2021-03-15 18:32:34', NULL, NULL),
(9, 'Generador de Estadísticas', 'fa fa-dashboard', 'statistic_builder', 'cms_statistics', 'StatisticBuilderController', 1, 1, '2021-03-15 18:32:34', NULL, NULL),
(10, 'Generador de API', 'fa fa-cloud-download', 'api_generator', '', 'ApiCustomController', 1, 1, '2021-03-15 18:32:34', NULL, NULL),
(11, 'Log de Accesos (Usuarios)', 'fa fa-flag-o', 'logs', 'cms_logs', 'LogsController', 1, 1, '2021-03-15 18:32:34', NULL, NULL),
(12, 'Información', 'fa fa-edit', 'info', 'info', 'AdminInfoController', 0, 0, '2021-03-15 18:40:26', NULL, NULL),
(13, 'Links Herbalife', 'fa fa-chrome', 'links_herbalife', 'links_herbalife', 'AdminLinksHerbalifeController', 0, 0, '2021-03-15 19:12:38', NULL, NULL),
(14, 'blog', 'fa fa-glass', 'blog', 'blog', 'AdminBlogController', 0, 0, '2021-03-15 21:12:22', NULL, NULL),
(15, 'Banners', 'fa fa-picture-o', 'banners', 'banners', 'AdminBannersController', 0, 0, '2021-03-18 02:38:39', NULL, NULL),
(16, 'Usuarios', 'fa fa-users', 'users16', 'users', 'AdminUsers16Controller', 0, 0, '2021-04-07 03:21:19', NULL, NULL),
(17, 'Cursos', 'fa fa-th-list', 'cursos', 'cursos', 'AdminCursosController', 0, 0, '2021-04-07 03:49:48', NULL, NULL),
(18, 'Compra de Cursos', 'fa fa-shopping-bag', 'course_purchase', 'course_purchase', 'AdminCoursePurchaseController', 0, 0, '2021-04-07 20:52:39', NULL, NULL),
(19, 'Talleres', 'fa fa-list-ul', 'talleres', 'talleres', 'AdminTalleresController', 0, 0, '2021-04-08 00:49:08', NULL, NULL),
(20, 'Compra de talleres', 'fa fa-shopping-cart', 'taller_purchase', 'taller_purchase', 'AdminTallerPurchaseController', 0, 0, '2021-04-08 01:10:35', NULL, NULL),
(21, 'Horario Servicios', 'fa fa-calendar', 'schedule_service', 'schedule_service', 'AdminScheduleServiceController', 0, 0, '2021-04-08 02:05:47', NULL, NULL),
(22, 'Asesorias', 'fa fa-list-ol', 'asesorias', 'asesorias', 'AdminAsesoriasController', 0, 0, '2021-04-09 21:44:41', NULL, NULL),
(23, 'Compra de Asesorias', 'fa fa-shopping-basket', 'service_purchase', 'service_purchase', 'AdminServicePurchaseController', 0, 0, '2021-04-09 21:49:46', NULL, NULL);

-- --------------------------------------------------------

--
-- Estructura de tabla para la tabla `cms_notifications`
--

CREATE TABLE `cms_notifications` (
  `id` int(10) UNSIGNED NOT NULL,
  `id_cms_users` int(11) DEFAULT NULL,
  `content` varchar(255) COLLATE utf8mb4_unicode_ci DEFAULT NULL,
  `url` varchar(255) COLLATE utf8mb4_unicode_ci DEFAULT NULL,
  `is_read` tinyint(1) DEFAULT NULL,
  `created_at` timestamp NULL DEFAULT NULL,
  `updated_at` timestamp NULL DEFAULT NULL
) ENGINE=InnoDB DEFAULT CHARSET=utf8mb4 COLLATE=utf8mb4_unicode_ci;

-- --------------------------------------------------------

--
-- Estructura de tabla para la tabla `cms_privileges`
--

CREATE TABLE `cms_privileges` (
  `id` int(10) UNSIGNED NOT NULL,
  `name` varchar(255) COLLATE utf8mb4_unicode_ci DEFAULT NULL,
  `is_superadmin` tinyint(1) DEFAULT NULL,
  `theme_color` varchar(255) COLLATE utf8mb4_unicode_ci DEFAULT NULL,
  `created_at` timestamp NULL DEFAULT NULL,
  `updated_at` timestamp NULL DEFAULT NULL
) ENGINE=InnoDB DEFAULT CHARSET=utf8mb4 COLLATE=utf8mb4_unicode_ci;

--
-- Volcado de datos para la tabla `cms_privileges`
--

INSERT INTO `cms_privileges` (`id`, `name`, `is_superadmin`, `theme_color`, `created_at`, `updated_at`) VALUES
(1, 'Super Administrator', 1, 'skin-red', '2021-03-15 18:32:34', NULL),
(2, 'admin', 0, 'skin-green-light', NULL, NULL);

-- --------------------------------------------------------

--
-- Estructura de tabla para la tabla `cms_privileges_roles`
--

CREATE TABLE `cms_privileges_roles` (
  `id` int(10) UNSIGNED NOT NULL,
  `is_visible` tinyint(1) DEFAULT NULL,
  `is_create` tinyint(1) DEFAULT NULL,
  `is_read` tinyint(1) DEFAULT NULL,
  `is_edit` tinyint(1) DEFAULT NULL,
  `is_delete` tinyint(1) DEFAULT NULL,
  `id_cms_privileges` int(11) DEFAULT NULL,
  `id_cms_moduls` int(11) DEFAULT NULL,
  `created_at` timestamp NULL DEFAULT NULL,
  `updated_at` timestamp NULL DEFAULT NULL
) ENGINE=InnoDB DEFAULT CHARSET=utf8mb4 COLLATE=utf8mb4_unicode_ci;

--
-- Volcado de datos para la tabla `cms_privileges_roles`
--

INSERT INTO `cms_privileges_roles` (`id`, `is_visible`, `is_create`, `is_read`, `is_edit`, `is_delete`, `id_cms_privileges`, `id_cms_moduls`, `created_at`, `updated_at`) VALUES
(1, 1, 0, 0, 0, 0, 1, 1, '2021-03-15 18:32:34', NULL),
(2, 1, 1, 1, 1, 1, 1, 2, '2021-03-15 18:32:34', NULL),
(3, 0, 1, 1, 1, 1, 1, 3, '2021-03-15 18:32:34', NULL),
(4, 1, 1, 1, 1, 1, 1, 4, '2021-03-15 18:32:34', NULL),
(5, 1, 1, 1, 1, 1, 1, 5, '2021-03-15 18:32:34', NULL),
(6, 1, 1, 1, 1, 1, 1, 6, '2021-03-15 18:32:34', NULL),
(7, 1, 1, 1, 1, 1, 1, 7, '2021-03-15 18:32:34', NULL),
(8, 1, 1, 1, 1, 1, 1, 8, '2021-03-15 18:32:34', NULL),
(9, 1, 1, 1, 1, 1, 1, 9, '2021-03-15 18:32:34', NULL),
(10, 1, 1, 1, 1, 1, 1, 10, '2021-03-15 18:32:34', NULL),
(11, 1, 0, 1, 0, 1, 1, 11, '2021-03-15 18:32:34', NULL),
(12, 1, 1, 1, 1, 1, 1, 12, NULL, NULL),
(13, 1, 1, 1, 1, 1, 1, 13, NULL, NULL),
(14, 1, 1, 1, 1, 1, 1, 14, NULL, NULL),
(15, 1, 1, 1, 1, 1, 1, 15, NULL, NULL),
(16, 1, 1, 1, 1, 1, 2, 15, NULL, NULL),
(17, 1, 1, 1, 1, 1, 2, 14, NULL, NULL),
(18, 1, 1, 1, 1, 1, 2, 4, NULL, NULL),
(19, 1, 1, 1, 1, 1, 2, 12, NULL, NULL),
(20, 1, 1, 1, 1, 1, 2, 13, NULL, NULL),
(21, 1, 1, 1, 1, 1, 1, 17, NULL, NULL),
(22, 1, 1, 1, 1, 1, 1, 18, NULL, NULL),
(23, 1, 1, 1, 1, 1, 1, 19, NULL, NULL),
(24, 1, 1, 1, 1, 1, 1, 20, NULL, NULL),
(25, 1, 1, 1, 1, 1, 1, 21, NULL, NULL),
(26, 1, 1, 1, 1, 1, 1, 22, NULL, NULL),
(27, 1, 1, 1, 1, 1, 1, 23, NULL, NULL);

-- --------------------------------------------------------

--
-- Estructura de tabla para la tabla `cms_settings`
--

CREATE TABLE `cms_settings` (
  `id` int(10) UNSIGNED NOT NULL,
  `name` varchar(255) COLLATE utf8mb4_unicode_ci DEFAULT NULL,
  `content` text COLLATE utf8mb4_unicode_ci DEFAULT NULL,
  `content_input_type` varchar(255) COLLATE utf8mb4_unicode_ci DEFAULT NULL,
  `dataenum` varchar(255) COLLATE utf8mb4_unicode_ci DEFAULT NULL,
  `helper` varchar(255) COLLATE utf8mb4_unicode_ci DEFAULT NULL,
  `created_at` timestamp NULL DEFAULT NULL,
  `updated_at` timestamp NULL DEFAULT NULL,
  `group_setting` varchar(255) COLLATE utf8mb4_unicode_ci DEFAULT NULL,
  `label` varchar(255) COLLATE utf8mb4_unicode_ci DEFAULT NULL
) ENGINE=InnoDB DEFAULT CHARSET=utf8mb4 COLLATE=utf8mb4_unicode_ci;

--
-- Volcado de datos para la tabla `cms_settings`
--

INSERT INTO `cms_settings` (`id`, `name`, `content`, `content_input_type`, `dataenum`, `helper`, `created_at`, `updated_at`, `group_setting`, `label`) VALUES
(1, 'login_background_color', NULL, 'text', NULL, 'Input hexacode', '2021-03-15 18:32:34', NULL, 'Estilo de página de registro', 'Login Background Color'),
(2, 'login_font_color', NULL, 'text', NULL, 'Input hexacode', '2021-03-15 18:32:34', NULL, 'Estilo de página de registro', 'Login Font Color'),
(3, 'login_background_image', NULL, 'upload_image', NULL, NULL, '2021-03-15 18:32:34', NULL, 'Estilo de página de registro', 'Login Background Image'),
(4, 'email_sender', 'support@crudbooster.com', 'text', NULL, NULL, '2021-03-15 18:32:34', NULL, 'Ajustes de Correo', 'Email Sender'),
(5, 'smtp_driver', 'mail', 'select', 'smtp,mail,sendmail', NULL, '2021-03-15 18:32:34', NULL, 'Ajustes de Correo', 'Mail Driver'),
(6, 'smtp_host', '', 'text', NULL, NULL, '2021-03-15 18:32:34', NULL, 'Ajustes de Correo', 'SMTP Host'),
(7, 'smtp_port', '25', 'text', NULL, 'default 25', '2021-03-15 18:32:34', NULL, 'Ajustes de Correo', 'SMTP Port'),
(8, 'smtp_username', '', 'text', NULL, NULL, '2021-03-15 18:32:34', NULL, 'Ajustes de Correo', 'SMTP Username'),
(9, 'smtp_password', '', 'text', NULL, NULL, '2021-03-15 18:32:34', NULL, 'Ajustes de Correo', 'SMTP Password'),
(10, 'appname', 'CRUDBooster', 'text', NULL, NULL, '2021-03-15 18:32:34', NULL, 'Ajustes de Aplicaciones', 'Application Name'),
(11, 'default_paper_size', 'Legal', 'text', NULL, 'Paper size, ex : A4, Legal, etc', '2021-03-15 18:32:34', NULL, 'Ajustes de Aplicaciones', 'Default Paper Print Size'),
(12, 'logo', '', 'upload_image', NULL, NULL, '2021-03-15 18:32:34', NULL, 'Ajustes de Aplicaciones', 'Logo'),
(13, 'favicon', '', 'upload_image', NULL, NULL, '2021-03-15 18:32:34', NULL, 'Ajustes de Aplicaciones', 'Favicon'),
(14, 'api_debug_mode', 'true', 'select', 'true,false', NULL, '2021-03-15 18:32:34', NULL, 'Ajustes de Aplicaciones', 'API Debug Mode'),
(15, 'google_api_key', '', 'text', NULL, NULL, '2021-03-15 18:32:34', NULL, 'Ajustes de Aplicaciones', 'Google API Key'),
(16, 'google_fcm_key', '', 'text', NULL, NULL, '2021-03-15 18:32:34', NULL, 'Ajustes de Aplicaciones', 'Google FCM Key');

-- --------------------------------------------------------

--
-- Estructura de tabla para la tabla `cms_statistics`
--

CREATE TABLE `cms_statistics` (
  `id` int(10) UNSIGNED NOT NULL,
  `name` varchar(255) COLLATE utf8mb4_unicode_ci DEFAULT NULL,
  `slug` varchar(255) COLLATE utf8mb4_unicode_ci DEFAULT NULL,
  `created_at` timestamp NULL DEFAULT NULL,
  `updated_at` timestamp NULL DEFAULT NULL
) ENGINE=InnoDB DEFAULT CHARSET=utf8mb4 COLLATE=utf8mb4_unicode_ci;

-- --------------------------------------------------------

--
-- Estructura de tabla para la tabla `cms_statistic_components`
--

CREATE TABLE `cms_statistic_components` (
  `id` int(10) UNSIGNED NOT NULL,
  `id_cms_statistics` int(11) DEFAULT NULL,
  `componentID` varchar(255) COLLATE utf8mb4_unicode_ci DEFAULT NULL,
  `component_name` varchar(255) COLLATE utf8mb4_unicode_ci DEFAULT NULL,
  `area_name` varchar(55) COLLATE utf8mb4_unicode_ci DEFAULT NULL,
  `sorting` int(11) DEFAULT NULL,
  `name` varchar(255) COLLATE utf8mb4_unicode_ci DEFAULT NULL,
  `config` longtext COLLATE utf8mb4_unicode_ci DEFAULT NULL,
  `created_at` timestamp NULL DEFAULT NULL,
  `updated_at` timestamp NULL DEFAULT NULL
) ENGINE=InnoDB DEFAULT CHARSET=utf8mb4 COLLATE=utf8mb4_unicode_ci;

-- --------------------------------------------------------

--
-- Estructura de tabla para la tabla `cms_users`
--

CREATE TABLE `cms_users` (
  `id` int(10) UNSIGNED NOT NULL,
  `name` varchar(255) COLLATE utf8mb4_unicode_ci DEFAULT NULL,
  `photo` varchar(255) COLLATE utf8mb4_unicode_ci DEFAULT NULL,
  `email` varchar(255) COLLATE utf8mb4_unicode_ci DEFAULT NULL,
  `password` varchar(255) COLLATE utf8mb4_unicode_ci DEFAULT NULL,
  `id_cms_privileges` int(11) DEFAULT NULL,
  `created_at` timestamp NULL DEFAULT NULL,
  `updated_at` timestamp NULL DEFAULT NULL,
  `status` varchar(50) COLLATE utf8mb4_unicode_ci DEFAULT NULL
) ENGINE=InnoDB DEFAULT CHARSET=utf8mb4 COLLATE=utf8mb4_unicode_ci;

--
-- Volcado de datos para la tabla `cms_users`
--

INSERT INTO `cms_users` (`id`, `name`, `photo`, `email`, `password`, `id_cms_privileges`, `created_at`, `updated_at`, `status`) VALUES
(1, 'Super Admin', NULL, 'admin@crudbooster.com', '$2y$10$3vmPqbfoOrbEnT7.cJ3sgeZnO9uDoViu.WCxYVywu8.qlJDYEfELG', 1, '2021-03-15 18:32:34', NULL, 'Active'),
(2, 'Admin', 'uploads/1/2021-03/220px_user_icon_2svg.png', 'coachclaudiao@gmail.com', '$2y$10$8B3nWz7BqXLgUWdB69/5L.k01zw1d2dMU3H.xCVDIhYvNXBgvTA/e', 2, '2021-03-26 01:57:33', '2021-03-26 02:00:22', NULL);

-- --------------------------------------------------------

--
-- Estructura de tabla para la tabla `contact`
--

CREATE TABLE `contact` (
  `id` int(11) NOT NULL,
  `name` varchar(50) COLLATE utf8mb4_spanish2_ci DEFAULT NULL,
  `email` varchar(50) COLLATE utf8mb4_spanish2_ci DEFAULT NULL,
  `messague` longtext COLLATE utf8mb4_spanish2_ci DEFAULT NULL,
  `created_at` timestamp NULL DEFAULT NULL,
  `updated_at` timestamp NULL DEFAULT NULL
) ENGINE=InnoDB DEFAULT CHARSET=utf8mb4 COLLATE=utf8mb4_spanish2_ci;

--
-- Volcado de datos para la tabla `contact`
--

INSERT INTO `contact` (`id`, `name`, `email`, `messague`, `created_at`, `updated_at`) VALUES
(3, 'Eugenio', 'eugenio.luna@hotmail.es', 'test!', '2021-03-20 20:34:00', '2021-03-20 20:34:00');

-- --------------------------------------------------------

--
-- Estructura de tabla para la tabla `countries`
--

CREATE TABLE `countries` (
  `PaisCodigo` int(11) NOT NULL,
  `Abreviatura` char(5) COLLATE utf8_spanish2_ci DEFAULT NULL,
  `PaisNombre` varchar(50) COLLATE utf8_spanish2_ci NOT NULL,
  `id` int(11) DEFAULT NULL
) ENGINE=InnoDB DEFAULT CHARSET=utf8 COLLATE=utf8_spanish2_ci;

--
-- Volcado de datos para la tabla `countries`
--

INSERT INTO `countries` (`PaisCodigo`, `Abreviatura`, `PaisNombre`, `id`) VALUES
(1, 'ABW', 'Aruba', 1),
(2, 'AFG', 'Afghanistan', 2),
(3, 'AGO', 'Angola', 3),
(4, 'AIA', 'Anguilla', 4),
(5, 'ALB', 'Albania', 5),
(6, 'AND', 'Andorra', 6),
(7, 'ANT', 'Netherlands Antilles', 7),
(8, 'ARE', 'United Arab Emirates', 8),
(9, 'ARG', 'Argentina', 9),
(10, 'ARM', 'Armenia', 10),
(11, 'ASM', 'American Samoa', 11),
(12, 'ATA', 'Antarctica', 12),
(13, 'ATF', 'French Southern territories', 13),
(14, 'ATG', 'Antigua and Barbuda', 14),
(15, 'AUS', 'Australia', 15),
(16, 'AUT', 'Austria', 16),
(17, 'AZE', 'Azerbaijan', 17),
(18, 'BDI', 'Burundi', 18),
(19, 'BEL', 'Belgium', 19),
(20, 'BEN', 'Benin', 20),
(21, 'BFA', 'Burkina Faso', 21),
(22, 'BGD', 'Bangladesh', 22),
(23, 'BGR', 'Bulgaria', 23),
(24, 'BHR', 'Bahrain', 24),
(25, 'BHS', 'Bahamas', 25),
(26, 'BIH', 'Bosnia and Herzegovina', 26),
(27, 'BLR', 'Belarus', 27),
(28, 'BLZ', 'Belize', 28),
(29, 'BMU', 'Bermuda', 29),
(30, 'BOL', 'Bolivia', 30),
(31, 'BRA', 'Brazil', 31),
(32, 'BRB', 'Barbados', 32),
(33, 'BRN', 'Brunei', 33),
(34, 'BTN', 'Bhutan', 34),
(35, 'BVT', 'Bouvet Island', 35),
(36, 'BWA', 'Botswana', 36),
(37, 'CAF', 'Central African Republic', 37),
(38, 'CAN', 'Canada', 38),
(39, 'CCK', 'Cocos (Keeling) Islands', 39),
(40, 'CHE', 'Switzerland', 40),
(41, 'CHL', 'Chile', 41),
(42, 'CHN', 'China', 42),
(43, 'CIV', 'Côte d’Ivoire', 43),
(44, 'CMR', 'Cameroon', 44),
(45, 'COD', 'Congo', 45),
(46, 'COG', 'Congo', 46),
(47, 'COK', 'Cook Islands', 47),
(48, 'COL', 'Colombia', 48),
(49, 'COM', 'Comoros', 49),
(50, 'CPV', 'Cape Verde', 50),
(51, 'CRI', 'Costa Rica', 51),
(52, 'CUB', 'Cuba', 52),
(53, 'CXR', 'Christmas Island', 53),
(54, 'CYM', 'Cayman Islands', 54),
(55, 'CYP', 'Cyprus', 55),
(56, 'CZE', 'Czech Republic', 56),
(57, 'DEU', 'Germany', 57),
(58, 'DJI', 'Djibouti', 58),
(59, 'DMA', 'Dominica', 59),
(60, 'DNK', 'Denmark', 60),
(61, 'DOM', 'Dominican Republic', 61),
(62, 'DZA', 'Algeria', 62),
(63, 'ECU', 'Ecuador', 63),
(64, 'EGY', 'Egypt', 64),
(65, 'ERI', 'Eritrea', 65),
(66, 'ESH', 'Western Sahara', 66),
(67, 'ESP', 'Spain', 67),
(68, 'EST', 'Estonia', 68),
(69, 'ETH', 'Ethiopia', 69),
(70, 'FIN', 'Finland', 70),
(71, 'FJI', 'Fiji Islands', 71),
(72, 'FLK', 'Falkland Islands', 72),
(73, 'FRA', 'France', 73),
(74, 'FRO', 'Faroe Islands', 74),
(75, 'FSM', 'Micronesia', 75),
(76, 'GAB', 'Gabon', 76),
(77, 'GBR', 'United Kingdom', 77),
(78, 'GEO', 'Georgia', 78),
(79, 'GHA', 'Ghana', 79),
(80, 'GIB', 'Gibraltar', 80),
(81, 'GIN', 'Guinea', 81),
(82, 'GLP', 'Guadeloupe', 82),
(83, 'GMB', 'Gambia', 83),
(84, 'GNB', 'Guinea-Bissau', 84),
(85, 'GNQ', 'Equatorial Guinea', 85),
(86, 'GRC', 'Greece', 86),
(87, 'GRD', 'Grenada', 87),
(88, 'GRL', 'Greenland', 88),
(89, 'GTM', 'Guatemala', 89),
(90, 'GUF', 'French Guiana', 90),
(91, 'GUM', 'Guam', 91),
(92, 'GUY', 'Guyana', 92),
(93, 'HKG', 'Hong Kong', 93),
(94, 'HMD', 'Heard Island and McDonald Islands', 94),
(95, 'HND', 'Honduras', 95),
(96, 'HRV', 'Croatia', 96),
(97, 'HTI', 'Haiti', 97),
(98, 'HUN', 'Hungary', 98),
(99, 'IDN', 'Indonesia', 99),
(100, 'IND', 'India', 100),
(101, 'IOT', 'British Indian Ocean Territory', 101),
(102, 'IRL', 'Ireland', 102),
(103, 'IRN', 'Iran', 103),
(104, 'IRQ', 'Iraq', 104),
(105, 'ISL', 'Iceland', 105),
(106, 'ISR', 'Israel', 106),
(107, 'ITA', 'Italy', 107),
(108, 'JAM', 'Jamaica', 108),
(109, 'JOR', 'Jordan', 109),
(110, 'JPN', 'Japan', 110),
(111, 'KAZ', 'Kazakstan', 111),
(112, 'KEN', 'Kenya', 112),
(113, 'KGZ', 'Kyrgyzstan', 113),
(114, 'KHM', 'Cambodia', 114),
(115, 'KIR', 'Kiribati', 115),
(116, 'KNA', 'Saint Kitts and Nevis', 116),
(117, 'KOR', 'South Korea', 117),
(118, 'KWT', 'Kuwait', 118),
(119, 'LAO', 'Laos', 119),
(120, 'LBN', 'Lebanon', 120),
(121, 'LBR', 'Liberia', 121),
(122, 'LBY', 'Libyan Arab Jamahiriya', 122),
(123, 'LCA', 'Saint Lucia', 123),
(124, 'LIE', 'Liechtenstein', 124),
(125, 'LKA', 'Sri Lanka', 125),
(126, 'LSO', 'Lesotho', 126),
(127, 'LTU', 'Lithuania', 127),
(128, 'LUX', 'Luxembourg', 128),
(129, 'LVA', 'Latvia', 129),
(130, 'MAC', 'Macao', 130),
(131, 'MAR', 'Morocco', 131),
(132, 'MCO', 'Monaco', 132),
(133, 'MDA', 'Moldova', 133),
(134, 'MDG', 'Madagascar', 134),
(135, 'MDV', 'Maldives', 135),
(136, 'MEX', 'Mexico', 136),
(137, 'MHL', 'Marshall Islands', 137),
(138, 'MKD', 'Macedonia', 138),
(139, 'MLI', 'Mali', 139),
(140, 'MLT', 'Malta', 140),
(141, 'MMR', 'Myanmar', 141),
(142, 'MNG', 'Mongolia', 142),
(143, 'MNP', 'Northern Mariana Islands', 143),
(144, 'MOZ', 'Mozambique', 144),
(145, 'MRT', 'Mauritania', 145),
(146, 'MSR', 'Montserrat', 146),
(147, 'MTQ', 'Martinique', 147),
(148, 'MUS', 'Mauritius', 148),
(149, 'MWI', 'Malawi', 149),
(150, 'MYS', 'Malaysia', 150),
(151, 'MYT', 'Mayotte', 151),
(152, 'NAM', 'Namibia', 152),
(153, 'NCL', 'New Caledonia', 153),
(154, 'NER', 'Niger', 154),
(155, 'NFK', 'Norfolk Island', 155),
(156, 'NGA', 'Nigeria', 156),
(157, 'NIC', 'Nicaragua', 157),
(158, 'NIU', 'Niue', 158),
(159, 'NLD', 'Netherlands', 159),
(160, 'NOR', 'Norway', 160),
(161, 'NPL', 'Nepal', 161),
(162, 'NRU', 'Nauru', 162),
(163, 'NZL', 'New Zealand', 163),
(164, 'OMN', 'Oman', 164),
(165, 'PAK', 'Pakistan', 165),
(166, 'PAN', 'Panama', 166),
(167, 'PCN', 'Pitcairn', 167),
(168, 'PER', 'Peru', 168),
(169, 'PHL', 'Philippines', 169),
(170, 'PLW', 'Palau', 170),
(171, 'PNG', 'Papua New Guinea', 171),
(172, 'POL', 'Poland', 172),
(173, 'PRI', 'Puerto Rico', 173),
(174, 'PRK', 'North Korea', 174),
(175, 'PRT', 'Portugal', 175),
(176, 'PRY', 'Paraguay', 176),
(177, 'PSE', 'Palestine', 177),
(178, 'PYF', 'French Polynesia', 178),
(179, 'QAT', 'Qatar', 179),
(180, 'REU', 'Réunion', 180),
(181, 'ROM', 'Romania', 181),
(182, 'RUS', 'Russian Federation', 182),
(183, 'RWA', 'Rwanda', 183),
(184, 'SAU', 'Saudi Arabia', 184),
(185, 'SDN', 'Sudan', 185),
(186, 'SEN', 'Senegal', 186),
(187, 'SGP', 'Singapore', 187),
(188, 'SGS', 'South Georgia and the South Sandwich Islands', 188),
(189, 'SHN', 'Saint Helena', 189),
(190, 'SJM', 'Svalbard and Jan Mayen', 190),
(191, 'SLB', 'Solomon Islands', 191),
(192, 'SLE', 'Sierra Leone', 192),
(193, 'SLV', 'El Salvador', 193),
(194, 'SMR', 'San Marino', 194),
(195, 'SOM', 'Somalia', 195),
(196, 'SPM', 'Saint Pierre and Miquelon', 196),
(197, 'STP', 'Sao Tome and Principe', 197),
(198, 'SUR', 'Suriname', 198),
(199, 'SVK', 'Slovakia', 199),
(200, 'SVN', 'Slovenia', 200),
(201, 'SWE', 'Sweden', 201),
(202, 'SWZ', 'Swaziland', 202),
(203, 'SYC', 'Seychelles', 203),
(204, 'SYR', 'Syria', 204),
(205, 'TCA', 'Turks and Caicos Islands', 205),
(206, 'TCD', 'Chad', 206),
(207, 'TGO', 'Togo', 207),
(208, 'THA', 'Thailand', 208),
(209, 'TJK', 'Tajikistan', 209),
(210, 'TKL', 'Tokelau', 210),
(211, 'TKM', 'Turkmenistan', 211),
(212, 'TMP', 'East Timor', 212),
(213, 'TON', 'Tonga', 213),
(214, 'TTO', 'Trinidad and Tobago', 214),
(215, 'TUN', 'Tunisia', 215),
(216, 'TUR', 'Turkey', 216),
(217, 'TUV', 'Tuvalu', 217),
(218, 'TWN', 'Taiwan', 218),
(219, 'TZA', 'Tanzania', 219),
(220, 'UGA', 'Uganda', 220),
(221, 'UKR', 'Ukraine', 221),
(222, 'UMI', 'United States Minor Outlying Islands', 222),
(223, 'URY', 'Uruguay', 223),
(224, 'USA', 'United States', 224),
(225, 'UZB', 'Uzbekistan', 225),
(226, 'VAT', 'Holy See (Vatican City State)', 226),
(227, 'VCT', 'Saint Vincent and the Grenadines', 227),
(228, 'VEN', 'Venezuela', 228),
(229, 'VGB', 'Virgin Islands', 229),
(230, 'VIR', 'Virgin Islands', 230),
(231, 'VNM', 'Vietnam', 231),
(232, 'VUT', 'Vanuatu', 232),
(233, 'WLF', 'Wallis and Futuna', 233),
(234, 'WSM', 'Samoa', 234),
(235, 'YEM', 'Yemen', 235),
(236, 'YUG', 'Yugoslavia', 236),
(237, 'ZAF', 'South Africa', 237),
(238, 'ZMB', 'Zambia', 238),
(239, 'ZWE', 'Zimbabwe', 239);

-- --------------------------------------------------------

--
-- Estructura de tabla para la tabla `course_purchase`
--

CREATE TABLE `course_purchase` (
  `id` int(11) NOT NULL,
  `reference` varchar(100) COLLATE utf8_spanish2_ci DEFAULT NULL,
  `user_id` int(11) DEFAULT NULL,
  `course_id` int(11) DEFAULT NULL,
  `date_buy` varchar(100) COLLATE utf8_spanish2_ci DEFAULT NULL,
  `total` varchar(100) COLLATE utf8_spanish2_ci DEFAULT NULL,
  `status` int(11) DEFAULT NULL,
  `validate` int(11) DEFAULT NULL,
  `created_at` timestamp NULL DEFAULT NULL,
  `updated_at` timestamp NULL DEFAULT NULL
) ENGINE=InnoDB DEFAULT CHARSET=utf8 COLLATE=utf8_spanish2_ci;

--
-- Volcado de datos para la tabla `course_purchase`
--

INSERT INTO `course_purchase` (`id`, `reference`, `user_id`, `course_id`, `date_buy`, `total`, `status`, `validate`, `created_at`, `updated_at`) VALUES
(1, 'COUR1606cc7fa613a7', 1, 1, '2021-04-06', '80', 3, 1, NULL, NULL),
(2, 'COUR2606cc98a64f6b', 1, 1, '2021-04-06', '80', 3, 1, NULL, NULL),
(3, 'COUR3606ccc5a8593c', 1, 1, '2021-04-06', '80', 3, 1, NULL, NULL),
(4, 'COUR4606cd212ca6af', 2, 1, '2021-04-06', '80', 3, 1, NULL, NULL),
(5, 'COUR5606dd3dc94c5c', 1, 2, '2021-04-07', '0', 1, 2, NULL, NULL);

-- --------------------------------------------------------

--
-- Estructura de tabla para la tabla `cursos`
--

CREATE TABLE `cursos` (
  `id` int(11) NOT NULL,
  `portada` varchar(150) COLLATE utf8mb4_spanish2_ci DEFAULT NULL,
  `titulo` varchar(150) COLLATE utf8mb4_spanish2_ci DEFAULT NULL,
  `resumen` text COLLATE utf8mb4_spanish2_ci DEFAULT NULL,
  `precio` int(11) DEFAULT NULL,
  `descripcion` longtext COLLATE utf8mb4_spanish2_ci DEFAULT NULL,
  `days` int(11) DEFAULT NULL,
  `status` varchar(10) COLLATE utf8mb4_spanish2_ci DEFAULT 'activo',
  `created_at` timestamp NULL DEFAULT NULL,
  `updated_at` timestamp NULL DEFAULT NULL,
  `deleted_at` timestamp NULL DEFAULT NULL
) ENGINE=InnoDB DEFAULT CHARSET=utf8mb4 COLLATE=utf8mb4_spanish2_ci;

--
-- Volcado de datos para la tabla `cursos`
--

INSERT INTO `cursos` (`id`, `portada`, `titulo`, `resumen`, `precio`, `descripcion`, `days`, `status`, `created_at`, `updated_at`, `deleted_at`) VALUES
(1, 'img/cursos/curso1.jpg', 'Silenciando tu mente', 'Imagínese deslizándose hacia un estado de meditación feliz con solo presionar un botón. Estas 10 CLASES de meditación  están diseñadas para ayudarte a hacer exactamente eso.', 80, 'Imagínese deslizándose hacia un estado de meditación feliz con solo presionar un botón. Estas 10 CLASES de meditación  están diseñadas para ayudarte a hacer exactamente eso, aprender a meditar y hacerlo desde tu propia voz interior, en tu propio horario y espacio ¡Presiona ahora y aprende de manera sencilla e  instantánea!', 30, 'activo', '2021-04-07 15:13:51', NULL, NULL),
(2, 'img/cursos/curso1.jpg', 'Silenciando tu mente 2', 'Imagínese deslizándose hacia un estado de meditación feliz con solo presionar un botón. Estas 10 CLASES de meditación  están diseñadas para ayudarte a hacer exactamente eso.', 0, 'Imagínese deslizándose hacia un estado de meditación feliz con solo presionar un botón. Estas 10 CLASES de meditación  están diseñadas para ayudarte a hacer exactamente eso, aprender a meditar y hacerlo desde tu propia voz interior, en tu propio horario y espacio ¡Presiona ahora y aprende de manera sencilla e  instantánea!', 10, 'activo', '2021-04-07 15:13:50', NULL, NULL);

-- --------------------------------------------------------

--
-- Estructura de tabla para la tabla `cursos_audio`
--

CREATE TABLE `cursos_audio` (
  `id` int(11) NOT NULL,
  `curso_id` int(11) DEFAULT NULL,
  `link` varchar(150) COLLATE utf8mb4_spanish2_ci DEFAULT NULL,
  `created_at` timestamp NULL DEFAULT NULL,
  `updated_at` timestamp NULL DEFAULT NULL
) ENGINE=InnoDB DEFAULT CHARSET=utf8mb4 COLLATE=utf8mb4_spanish2_ci;

--
-- Volcado de datos para la tabla `cursos_audio`
--

INSERT INTO `cursos_audio` (`id`, `curso_id`, `link`, `created_at`, `updated_at`) VALUES
(1, 1, NULL, NULL, NULL);

-- --------------------------------------------------------

--
-- Estructura de tabla para la tabla `cursos_pdf`
--

CREATE TABLE `cursos_pdf` (
  `id` int(11) NOT NULL,
  `curso_id` int(11) DEFAULT NULL,
  `titulo` varchar(100) COLLATE utf8mb4_spanish2_ci DEFAULT NULL,
  `resumen` longtext COLLATE utf8mb4_spanish2_ci DEFAULT NULL,
  `archivo` varchar(100) COLLATE utf8mb4_spanish2_ci DEFAULT NULL,
  `created_at` timestamp NULL DEFAULT NULL,
  `updated_at` timestamp NULL DEFAULT NULL
) ENGINE=InnoDB DEFAULT CHARSET=utf8mb4 COLLATE=utf8mb4_spanish2_ci;

--
-- Volcado de datos para la tabla `cursos_pdf`
--

INSERT INTO `cursos_pdf` (`id`, `curso_id`, `titulo`, `resumen`, `archivo`, `created_at`, `updated_at`) VALUES
(1, 1, NULL, NULL, NULL, NULL, NULL),
(2, 1, NULL, NULL, NULL, NULL, NULL),
(3, 1, NULL, NULL, NULL, NULL, NULL);

-- --------------------------------------------------------

--
-- Estructura de tabla para la tabla `cursos_video`
--

CREATE TABLE `cursos_video` (
  `id` int(11) NOT NULL,
  `curso_id` int(11) DEFAULT NULL,
  `titulo` varchar(50) COLLATE utf8mb4_spanish2_ci DEFAULT NULL,
  `resumen` longtext COLLATE utf8mb4_spanish2_ci DEFAULT NULL,
  `link` varchar(250) COLLATE utf8mb4_spanish2_ci DEFAULT NULL,
  `created_at` timestamp NULL DEFAULT NULL,
  `updated_at` timestamp NULL DEFAULT NULL
) ENGINE=InnoDB DEFAULT CHARSET=utf8mb4 COLLATE=utf8mb4_spanish2_ci;

--
-- Volcado de datos para la tabla `cursos_video`
--

INSERT INTO `cursos_video` (`id`, `curso_id`, `titulo`, `resumen`, `link`, `created_at`, `updated_at`) VALUES
(1, 1, NULL, NULL, NULL, NULL, NULL),
(2, 1, NULL, NULL, NULL, NULL, NULL);

-- --------------------------------------------------------

--
-- Estructura de tabla para la tabla `hour_schedule`
--

CREATE TABLE `hour_schedule` (
  `id` int(11) NOT NULL,
  `name` varchar(255) COLLATE utf8_spanish2_ci DEFAULT NULL,
  `created_at` timestamp NULL DEFAULT NULL,
  `updated_at` timestamp NULL DEFAULT NULL,
  `deleted_at` timestamp NULL DEFAULT NULL
) ENGINE=InnoDB DEFAULT CHARSET=utf8 COLLATE=utf8_spanish2_ci;

--
-- Volcado de datos para la tabla `hour_schedule`
--

INSERT INTO `hour_schedule` (`id`, `name`, `created_at`, `updated_at`, `deleted_at`) VALUES
(1, '00:00 AM', NULL, NULL, NULL),
(2, '01:00 AM', NULL, NULL, NULL),
(3, '02:00 AM', NULL, NULL, NULL),
(4, '03:00 AM', NULL, NULL, NULL),
(5, '04:00 AM', NULL, NULL, NULL),
(6, '05:00 AM', NULL, NULL, NULL),
(7, '06:00 AM', NULL, NULL, NULL),
(8, '07:00 AM', NULL, NULL, NULL),
(9, '08:00 AM', NULL, NULL, NULL),
(10, '09:00 AM', NULL, NULL, NULL),
(11, '10:00 AM', NULL, NULL, NULL),
(12, '11:00 AM', NULL, NULL, NULL),
(13, '12:00 AM', NULL, NULL, NULL),
(14, '13:00 PM', NULL, NULL, NULL),
(15, '14:00 PM', NULL, NULL, NULL),
(16, '15:00 PM', NULL, NULL, NULL),
(17, '16:00 PM', NULL, NULL, NULL),
(18, '17:00 PM', NULL, NULL, NULL),
(19, '18:00 PM', NULL, NULL, NULL),
(20, '19:00 PM', NULL, NULL, NULL),
(21, '20:00 PM', NULL, NULL, NULL),
(22, '21:00 PM', NULL, NULL, NULL),
(23, '22:00 PM', NULL, NULL, NULL),
(24, '23:00 PM', NULL, NULL, NULL),
(25, '00:30 AM', NULL, NULL, NULL),
(26, '01:30 AM', NULL, NULL, NULL),
(27, '02:30 AM', NULL, NULL, NULL),
(28, '03:30 AM', NULL, NULL, NULL),
(29, '04:30 AM', NULL, NULL, NULL),
(30, '05:30 AM', NULL, NULL, NULL),
(31, '06:30 AM', NULL, NULL, NULL),
(32, '07:30 AM', NULL, NULL, NULL),
(33, '08:30 AM', NULL, NULL, NULL),
(34, '09:30 AM', NULL, NULL, NULL),
(35, '10:30 AM', NULL, NULL, NULL),
(36, '11:30 AM', NULL, NULL, NULL),
(37, '12:30 AM', NULL, NULL, NULL),
(38, '13:30 PM', NULL, NULL, NULL),
(39, '14:30 PM', NULL, NULL, NULL),
(40, '15:30 PM', NULL, NULL, NULL),
(41, '16:30 PM', NULL, NULL, NULL),
(42, '17:30 PM', NULL, NULL, NULL),
(43, '18:30 PM', NULL, NULL, NULL),
(44, '19:30 PM', NULL, NULL, NULL),
(45, '20:30 PM', NULL, NULL, NULL),
(46, '21:30 PM', NULL, NULL, NULL),
(47, '22:30 PM', NULL, NULL, NULL),
(48, '23:30 PM', NULL, NULL, NULL);

-- --------------------------------------------------------

--
-- Estructura de tabla para la tabla `info`
--

CREATE TABLE `info` (
  `id` int(11) NOT NULL,
  `tel` varchar(50) COLLATE utf8mb4_spanish2_ci DEFAULT NULL,
  `whatsapp` varchar(50) COLLATE utf8mb4_spanish2_ci DEFAULT NULL,
  `facebook` varchar(150) COLLATE utf8mb4_spanish2_ci DEFAULT NULL,
  `instagram` varchar(150) COLLATE utf8mb4_spanish2_ci DEFAULT NULL,
  `created_at` timestamp NULL DEFAULT NULL,
  `updated_at` timestamp NULL DEFAULT NULL
) ENGINE=InnoDB DEFAULT CHARSET=utf8mb4 COLLATE=utf8mb4_spanish2_ci;

--
-- Volcado de datos para la tabla `info`
--

INSERT INTO `info` (`id`, `tel`, `whatsapp`, `facebook`, `instagram`, `created_at`, `updated_at`) VALUES
(1, '4075437947', '4075437947', 'https://www.facebook.com/CoachClaudiaObregon', 'https://www.instagram.com/coachclaudiao/', NULL, '2021-03-26 01:59:28');

-- --------------------------------------------------------

--
-- Estructura de tabla para la tabla `item_asesorias`
--

CREATE TABLE `item_asesorias` (
  `id` int(11) NOT NULL,
  `item_asesoria` varchar(100) COLLATE utf8mb4_spanish2_ci DEFAULT NULL,
  `asesoria_id` int(11) DEFAULT NULL,
  `created_at` timestamp NULL DEFAULT NULL,
  `updated_at` timestamp NULL DEFAULT NULL
) ENGINE=InnoDB DEFAULT CHARSET=utf8mb4 COLLATE=utf8mb4_spanish2_ci;

--
-- Volcado de datos para la tabla `item_asesorias`
--

INSERT INTO `item_asesorias` (`id`, `item_asesoria`, `asesoria_id`, `created_at`, `updated_at`) VALUES
(1, 'item1', 1, NULL, NULL),
(2, 'item2', 1, NULL, NULL),
(3, 'item3', 1, NULL, NULL),
(4, 'item4', 1, NULL, NULL);

-- --------------------------------------------------------

--
-- Estructura de tabla para la tabla `item_cursos`
--

CREATE TABLE `item_cursos` (
  `id` int(11) NOT NULL,
  `item_curso` varchar(100) COLLATE utf8mb4_spanish2_ci DEFAULT NULL,
  `curso_id` int(11) DEFAULT NULL,
  `created_at` timestamp NULL DEFAULT NULL,
  `updated_at` timestamp NULL DEFAULT NULL
) ENGINE=InnoDB DEFAULT CHARSET=utf8mb4 COLLATE=utf8mb4_spanish2_ci;

--
-- Volcado de datos para la tabla `item_cursos`
--

INSERT INTO `item_cursos` (`id`, `item_curso`, `curso_id`, `created_at`, `updated_at`) VALUES
(1, 'item1', 1, NULL, NULL),
(2, 'item2', 1, NULL, NULL),
(3, 'item3', 1, NULL, NULL),
(4, 'item4', 1, NULL, NULL),
(5, 'item5', 1, NULL, NULL);

-- --------------------------------------------------------

--
-- Estructura de tabla para la tabla `item_talleres`
--

CREATE TABLE `item_talleres` (
  `id` int(11) NOT NULL,
  `item_taller` varchar(100) COLLATE utf8mb4_spanish2_ci DEFAULT NULL,
  `taller_id` int(11) DEFAULT NULL,
  `created_at` timestamp NULL DEFAULT NULL,
  `updated_at` timestamp NULL DEFAULT NULL
) ENGINE=InnoDB DEFAULT CHARSET=utf8mb4 COLLATE=utf8mb4_spanish2_ci;

--
-- Volcado de datos para la tabla `item_talleres`
--

INSERT INTO `item_talleres` (`id`, `item_taller`, `taller_id`, `created_at`, `updated_at`) VALUES
(1, 'item1', 1, NULL, NULL),
(2, 'item2', 1, NULL, NULL),
(3, 'item3', 1, NULL, NULL);

-- --------------------------------------------------------

--
-- Estructura de tabla para la tabla `links_herbalife`
--

CREATE TABLE `links_herbalife` (
  `id` int(11) NOT NULL,
  `colombia` varchar(150) COLLATE utf8mb4_spanish2_ci DEFAULT NULL,
  `eeuu` varchar(150) COLLATE utf8mb4_spanish2_ci DEFAULT NULL,
  `created_at` timestamp NULL DEFAULT NULL,
  `updated_at` timestamp NULL DEFAULT NULL
) ENGINE=InnoDB DEFAULT CHARSET=utf8mb4 COLLATE=utf8mb4_spanish2_ci;

--
-- Volcado de datos para la tabla `links_herbalife`
--

INSERT INTO `links_herbalife` (`id`, `colombia`, `eeuu`, `created_at`, `updated_at`) VALUES
(1, 'https://www.herbalife.com.co/', 'https://www.herbalife.com/', NULL, '2021-03-26 01:59:38');

-- --------------------------------------------------------

--
-- Estructura de tabla para la tabla `migrations`
--

CREATE TABLE `migrations` (
  `id` int(10) UNSIGNED NOT NULL,
  `migration` varchar(255) COLLATE utf8mb4_unicode_ci NOT NULL,
  `batch` int(11) NOT NULL
) ENGINE=InnoDB DEFAULT CHARSET=utf8mb4 COLLATE=utf8mb4_unicode_ci;

--
-- Volcado de datos para la tabla `migrations`
--

INSERT INTO `migrations` (`id`, `migration`, `batch`) VALUES
(1, '2014_10_12_000000_create_users_table', 1),
(2, '2014_10_12_100000_create_password_resets_table', 1),
(3, '2016_08_07_145904_add_table_cms_apicustom', 1),
(4, '2016_08_07_150834_add_table_cms_dashboard', 1),
(5, '2016_08_07_151210_add_table_cms_logs', 1),
(6, '2016_08_07_151211_add_details_cms_logs', 1),
(7, '2016_08_07_152014_add_table_cms_privileges', 1),
(8, '2016_08_07_152214_add_table_cms_privileges_roles', 1),
(9, '2016_08_07_152320_add_table_cms_settings', 1),
(10, '2016_08_07_152421_add_table_cms_users', 1),
(11, '2016_08_07_154624_add_table_cms_menus_privileges', 1),
(12, '2016_08_07_154624_add_table_cms_moduls', 1),
(13, '2016_08_17_225409_add_status_cms_users', 1),
(14, '2016_08_20_125418_add_table_cms_notifications', 1),
(15, '2016_09_04_033706_add_table_cms_email_queues', 1),
(16, '2016_09_16_035347_add_group_setting', 1),
(17, '2016_09_16_045425_add_label_setting', 1),
(18, '2016_09_17_104728_create_nullable_cms_apicustom', 1),
(19, '2016_10_01_141740_add_method_type_apicustom', 1),
(20, '2016_10_01_141846_add_parameters_apicustom', 1),
(21, '2016_10_01_141934_add_responses_apicustom', 1),
(22, '2016_10_01_144826_add_table_apikey', 1),
(23, '2016_11_14_141657_create_cms_menus', 1),
(24, '2016_11_15_132350_create_cms_email_templates', 1),
(25, '2016_11_15_190410_create_cms_statistics', 1),
(26, '2016_11_17_102740_create_cms_statistic_components', 1),
(27, '2017_06_06_164501_add_deleted_at_cms_moduls', 1);

-- --------------------------------------------------------

--
-- Estructura de tabla para la tabla `obsequios`
--

CREATE TABLE `obsequios` (
  `id` int(11) NOT NULL,
  `portada` varchar(150) COLLATE utf8mb4_spanish2_ci DEFAULT NULL,
  `titulo` varchar(150) COLLATE utf8mb4_spanish2_ci DEFAULT NULL,
  `resumen` text COLLATE utf8mb4_spanish2_ci DEFAULT NULL,
  `link` varchar(150) COLLATE utf8mb4_spanish2_ci DEFAULT NULL,
  `aprende1` varchar(50) COLLATE utf8mb4_spanish2_ci DEFAULT NULL,
  `aprende2` varchar(50) COLLATE utf8mb4_spanish2_ci DEFAULT NULL,
  `aprende3` varchar(50) COLLATE utf8mb4_spanish2_ci DEFAULT NULL,
  `aprende4` varchar(50) COLLATE utf8mb4_spanish2_ci DEFAULT NULL,
  `aprende5` varchar(50) COLLATE utf8mb4_spanish2_ci DEFAULT NULL,
  `descripcion` longtext COLLATE utf8mb4_spanish2_ci DEFAULT NULL,
  `info_video` varchar(50) COLLATE utf8mb4_spanish2_ci DEFAULT NULL,
  `info_audio` varchar(50) COLLATE utf8mb4_spanish2_ci DEFAULT NULL,
  `info_adjunto` varchar(50) COLLATE utf8mb4_spanish2_ci DEFAULT NULL,
  `created_at` timestamp NULL DEFAULT NULL,
  `updated_at` timestamp NULL DEFAULT NULL
) ENGINE=InnoDB DEFAULT CHARSET=utf8mb4 COLLATE=utf8mb4_spanish2_ci;

--
-- Volcado de datos para la tabla `obsequios`
--

INSERT INTO `obsequios` (`id`, `portada`, `titulo`, `resumen`, `link`, `aprende1`, `aprende2`, `aprende3`, `aprende4`, `aprende5`, `descripcion`, `info_video`, `info_audio`, `info_adjunto`, `created_at`, `updated_at`) VALUES
(1, './img/cursos/obsequio.jpg', 'Desafío 21', 'Imagínese deslizándose hacia un estado de meditación feliz con solo presionar un botón.', NULL, 'Aprenderás como meditar', 'Aprenderás como meditar', 'Aprenderás como meditar', NULL, NULL, 'Imagínese deslizándose hacia un estado de meditación feliz con solo presionar un botón. Estas 10 CLASES de meditación están diseñadas para ayudarte a hacer exactamente eso, aprender a meditar y hacerlo desde tu propia voz interior, en tu propio horario y espacio ¡Presiona ahora y aprende de manera sencilla e instantánea!', '2 videos', '1 audio', '3 archivos adjuntos', NULL, NULL);

-- --------------------------------------------------------

--
-- Estructura de tabla para la tabla `order_status`
--

CREATE TABLE `order_status` (
  `id` int(10) UNSIGNED NOT NULL,
  `name` varchar(255) COLLATE utf8mb4_unicode_ci NOT NULL,
  `created_at` timestamp NULL DEFAULT NULL,
  `updated_at` timestamp NULL DEFAULT NULL,
  `deleted_at` timestamp NULL DEFAULT NULL
) ENGINE=InnoDB DEFAULT CHARSET=utf8mb4 COLLATE=utf8mb4_unicode_ci;

--
-- Volcado de datos para la tabla `order_status`
--

INSERT INTO `order_status` (`id`, `name`, `created_at`, `updated_at`, `deleted_at`) VALUES
(1, 'Confirmado', NULL, NULL, NULL),
(2, 'Rechazado', NULL, NULL, NULL),
(3, 'Pendiente', NULL, NULL, NULL),
(4, 'Fallido', NULL, NULL, NULL),
(5, 'Entregado', NULL, NULL, NULL);

-- --------------------------------------------------------

--
-- Estructura de tabla para la tabla `password_resets`
--

CREATE TABLE `password_resets` (
  `email` varchar(255) COLLATE utf8mb4_unicode_ci NOT NULL,
  `token` varchar(255) COLLATE utf8mb4_unicode_ci NOT NULL,
  `created_at` timestamp NULL DEFAULT NULL
) ENGINE=InnoDB DEFAULT CHARSET=utf8mb4 COLLATE=utf8mb4_unicode_ci;

-- --------------------------------------------------------

--
-- Estructura de tabla para la tabla `schedule_service`
--

CREATE TABLE `schedule_service` (
  `id` int(11) NOT NULL,
  `date` varchar(255) COLLATE utf8_spanish2_ci DEFAULT NULL,
  `hour` int(11) UNSIGNED DEFAULT NULL,
  `created_at` timestamp NULL DEFAULT NULL,
  `updated_at` timestamp NULL DEFAULT NULL,
  `deleted_at` timestamp NULL DEFAULT NULL
) ENGINE=InnoDB DEFAULT CHARSET=utf8 COLLATE=utf8_spanish2_ci;

--
-- Volcado de datos para la tabla `schedule_service`
--

INSERT INTO `schedule_service` (`id`, `date`, `hour`, `created_at`, `updated_at`, `deleted_at`) VALUES
(1, '2021-04-09', 21, '2021-04-08 02:07:12', NULL, NULL),
(2, '2021-04-10', 19, '2021-04-08 02:07:20', NULL, NULL),
(3, '2021-04-10', 15, '2021-04-08 20:53:47', NULL, NULL),
(4, '2021-04-12', 10, '2021-04-08 20:53:48', NULL, NULL);

-- --------------------------------------------------------

--
-- Estructura de tabla para la tabla `service_purchase`
--

CREATE TABLE `service_purchase` (
  `id` int(11) NOT NULL,
  `user_id` int(11) UNSIGNED DEFAULT NULL,
  `service_id` int(11) UNSIGNED DEFAULT NULL,
  `reference` varchar(255) COLLATE utf8_spanish2_ci DEFAULT NULL,
  `date` varchar(255) COLLATE utf8_spanish2_ci DEFAULT 'En espera',
  `clock` varchar(255) COLLATE utf8_spanish2_ci DEFAULT 'En espera',
  `date_buy` varchar(255) COLLATE utf8_spanish2_ci DEFAULT NULL,
  `total` varchar(255) COLLATE utf8_spanish2_ci DEFAULT NULL,
  `status` int(11) UNSIGNED DEFAULT NULL,
  `validate` int(11) UNSIGNED DEFAULT 1,
  `validate_date` int(11) UNSIGNED DEFAULT 1,
  `created_at` timestamp NULL DEFAULT NULL,
  `updated_at` timestamp NULL DEFAULT NULL,
  `deleted_at` timestamp NULL DEFAULT NULL,
  `created` timestamp NULL DEFAULT NULL
) ENGINE=InnoDB DEFAULT CHARSET=utf8 COLLATE=utf8_spanish2_ci;

--
-- Volcado de datos para la tabla `service_purchase`
--

INSERT INTO `service_purchase` (`id`, `user_id`, `service_id`, `reference`, `date`, `clock`, `date_buy`, `total`, `status`, `validate`, `validate_date`, `created_at`, `updated_at`, `deleted_at`, `created`) VALUES
(1, 1, 1, NULL, '2021-04-09', '21', NULL, NULL, NULL, 1, 1, NULL, NULL, NULL, NULL),
(2, 1, 2, 'SERV2606f802df26d3', '2021-04-08', '15', '2021-04-08', '90', 3, 1, 2, '2021-04-08 22:04:05', '2021-04-08 22:34:13', NULL, NULL),
(3, 1, 2, 'SERV3606f80edd7a03', '2021-04-10', '15', '2021-04-08', '90', 3, 1, 2, '2021-04-08 22:20:17', '2021-04-08 22:34:13', NULL, NULL),
(4, 1, 2, 'SERV4606f84f67faf5', '2021-04-10', '15', '2021-04-08', '90', 3, 1, 2, '2021-04-09 03:15:30', '2021-04-09 03:34:30', NULL, NULL),
(5, 1, 2, 'SERV5606f871607d14', '2021-04-10', '15', '2021-04-08', '90', 3, 1, 2, '2021-04-09 03:28:33', '2021-04-09 03:43:33', NULL, NULL),
(6, 1, 2, 'SERV6606f8785c9528', '2021-04-10', '15', '2021-04-08', '90', 3, 1, 2, '2021-04-09 03:45:25', '2021-04-09 03:45:25', NULL, NULL),
(7, 1, 2, 'SERV7606f887e6895a', '2021-04-10', '15', '2021-04-08', '90', 3, 1, 2, '2021-04-09 03:49:33', '2021-04-09 03:49:33', NULL, NULL),
(8, 1, 2, 'SERV8606f88b967ae2', '2021-04-10', '15', '2021-04-08', '90', 3, 1, 2, '2021-04-09 03:50:33', '2021-04-09 03:50:33', NULL, '2021-04-09 03:50:33'),
(9, 1, 2, 'SERV9606f8a822e30e', '2021-04-10', '15', '2021-04-08', '90', 3, 1, 2, '2021-04-09 03:58:10', '2021-04-09 13:40:27', NULL, '2021-04-09 03:59:10'),
(10, 1, NULL, 'SERV1060705a7e9ca80', '2021-04-12', '10', '2021-04-09', NULL, 3, 1, 2, '2021-04-09 18:45:34', '2021-04-09 18:45:34', NULL, '2021-04-09 18:45:34'),
(11, 1, 1, 'SERV1160705cc971455', '2021-04-12', '10', '2021-04-09', '70', 1, 2, 1, '2021-04-09 20:15:21', '2021-04-09 14:15:50', NULL, '2021-04-09 20:20:21'),
(12, 1, 2, 'SERV12607082643a985', '2021-04-10', '19', '2021-04-09', '90', 3, 1, 2, '2021-04-09 21:35:48', '2021-04-09 16:53:19', NULL, '2021-04-09 21:35:48');

-- --------------------------------------------------------

--
-- Estructura de tabla para la tabla `states`
--

CREATE TABLE `states` (
  `DisCodigo` int(11) NOT NULL,
  `DisNombre` varchar(100) COLLATE utf8_spanish2_ci NOT NULL,
  `AbPais` char(5) COLLATE utf8_spanish2_ci DEFAULT 'COL',
  `CodPais` int(11) DEFAULT NULL,
  `id` int(11) DEFAULT NULL
) ENGINE=InnoDB DEFAULT CHARSET=utf8 COLLATE=utf8_spanish2_ci;

--
-- Volcado de datos para la tabla `states`
--

INSERT INTO `states` (`DisCodigo`, `DisNombre`, `AbPais`, `CodPais`, `id`) VALUES
(1, 'Abhasia [Aphazeti]', 'GEO', 78, 1),
(2, 'Abidjan', 'CIV', 43, 2),
(3, 'Abruzzit', 'ITA', 107, 3),
(4, 'Abu Dhabi', 'ARE', 8, 4),
(5, 'Aceh', 'IDN', 99, 5),
(6, 'Acre', 'BRA', 31, 6),
(7, 'Adamstown', 'PCN', 167, 7),
(8, 'Adana', 'TUR', 216, 8),
(9, 'Addis Abeba', 'ETH', 69, 9),
(10, 'Aden', 'YEM', 235, 10),
(11, 'Adiyaman', 'TUR', 216, 11),
(12, 'Adygea', 'RUS', 182, 12),
(13, 'Adzaria [Atšara]', 'GEO', 78, 13),
(14, 'Afyon', 'TUR', 216, 14),
(15, 'Agaña', 'GUM', 91, 15),
(16, 'Aguascalientes', 'MEX', 136, 16),
(17, 'Ahal', 'TKM', 211, 17),
(18, 'Aichi', 'JPN', 110, 18),
(19, 'Ajman', 'ARE', 8, 19),
(20, 'Akershus', 'NOR', 160, 20),
(21, 'Akita', 'JPN', 110, 21),
(22, 'Aksaray', 'TUR', 216, 22),
(23, 'al-Anbar', 'IRQ', 104, 23),
(24, 'al-Asima', 'KWT', 118, 24),
(25, 'al-Bahr al-Abyad', 'SDN', 185, 25),
(27, 'al-Batina', 'OMN', 164, 27),
(28, 'al-Buhayra', 'EGY', 64, 28),
(29, 'al-Daqahliya', 'EGY', 64, 29),
(30, 'al-Faiyum', 'EGY', 64, 30),
(31, 'al-Gharbiya', 'EGY', 64, 31),
(32, 'al-Hasaka', 'SYR', 204, 32),
(33, 'al-Jazira', 'SDN', 185, 33),
(34, 'al-Khudud al-Samaliy', 'SAU', 184, 34),
(35, 'al-Manama', 'BHR', 24, 35),
(36, 'al-Minufiya', 'EGY', 64, 36),
(37, 'al-Minya', 'EGY', 64, 37),
(38, 'al-Najaf', 'IRQ', 104, 38),
(39, 'al-Qadarif', 'SDN', 185, 39),
(40, 'al-Qadisiya', 'IRQ', 104, 40),
(41, 'al-Qalyubiya', 'EGY', 64, 41),
(42, 'al-Qasim', 'SAU', 184, 42),
(43, 'al-Raqqa', 'SYR', 204, 43),
(44, 'al-Shamal', 'LBN', 120, 44),
(45, 'al-Sharqiya', 'EGY', 64, 45),
(46, 'al-Sharqiya', 'SAU', 184, 46),
(47, 'al-Sulaymaniya', 'IRQ', 104, 47),
(48, 'al-Tamim', 'IRQ', 104, 48),
(49, 'al-Zarqa', 'JOR', 109, 49),
(50, 'al-Zawiya', 'LBY', 122, 50),
(51, 'Alabama', 'USA', 224, 51),
(52, 'Alagoas', 'BRA', 31, 52),
(53, 'Alaska', 'USA', 224, 53),
(54, 'Alberta', 'CAN', 38, 54),
(55, 'Aleksandria', 'EGY', 64, 55),
(56, 'Aleppo', 'SYR', 204, 56),
(57, 'Alger', 'DZA', 62, 57),
(58, 'Almaty', 'KAZ', 111, 58),
(59, 'Almaty Qalasy', 'KAZ', 111, 59),
(60, 'Alofi', 'NIU', 158, 60),
(61, 'Alsace', 'FRA', 73, 61),
(62, 'Altai', 'RUS', 182, 62),
(63, 'Alto Paraná', 'PRY', 176, 63),
(64, 'Amapá', 'BRA', 31, 64),
(65, 'Amazonas', 'COL', 48, 65),
(66, 'Amazonas', 'BRA', 31, 66),
(67, 'Amhara', 'ETH', 69, 67),
(68, 'Amman', 'JOR', 109, 68),
(69, 'Amur', 'RUS', 182, 69),
(70, 'An Giang', 'VNM', 231, 70),
(71, 'Anambra & Enugu & Eb', 'NGA', 156, 71),
(72, 'Ancash', 'PER', 168, 72),
(73, 'Andalusia', 'ESP', 67, 73),
(74, 'Andhra Pradesh', 'IND', 100, 74),
(75, 'Andijon', 'UZB', 225, 75),
(76, 'Andorra la Vella', 'AND', 6, 76),
(77, 'Anhalt Sachsen', 'DEU', 59, 77),
(78, 'Anhui', 'CHN', 42, 78),
(79, 'Ankara', 'TUR', 216, 79),
(80, 'Annaba', 'DZA', 62, 80),
(81, 'Antalya', 'TUR', 216, 81),
(82, 'Antananarivo', 'MDG', 134, 82),
(83, 'Antioquia', 'COL', 48, 83),
(84, 'Antofagasta', 'CHL', 41, 84),
(85, 'Antwerpen', 'BEL', 19, 85),
(86, 'Anzoátegui', 'VEN', 228, 86),
(87, 'Aomori', 'JPN', 110, 87),
(88, 'Apulia', 'ITA', 107, 88),
(89, 'Apure', 'VEN', 228, 89),
(90, 'Aqtöbe', 'KAZ', 111, 90),
(91, 'Aqua Grande', 'STP', 197, 91),
(92, 'Aquitaine', 'FRA', 73, 92),
(93, 'Arad', 'ROM', 181, 93),
(94, 'Aragonia', 'ESP', 67, 94),
(95, 'Aragua', 'VEN', 228, 95),
(96, 'Arauca', 'COL', 48, 96),
(97, 'Archipiélago de san andrés', 'COL', 48, 97),
(98, 'Ardebil', 'IRN', 103, 98),
(99, 'Arecibo', 'PRI', 173, 99),
(100, 'Arequipa', 'PER', 168, 100),
(101, 'Arges', 'ROM', 181, 101),
(102, 'Århus', 'DNK', 60, 102),
(103, 'Ariana', 'TUN', 215, 103),
(104, 'Arizona', 'USA', 224, 104),
(105, 'Arkangeli', 'RUS', 182, 105),
(106, 'Arkansas', 'USA', 224, 106),
(107, 'ARMM', 'PHL', 169, 107),
(108, 'Arusha', 'TZA', 219, 108),
(109, 'Ashanti', 'GHA', 79, 109),
(110, 'Asir', 'SAU', 184, 110),
(111, 'Assam', 'IND', 100, 111),
(112, 'Assuan', 'EGY', 64, 112),
(113, 'Astana', 'KAZ', 111, 113),
(114, 'Astrahan', 'RUS', 182, 114),
(115, 'Asturia', 'ESP', 67, 115),
(116, 'Asunción', 'PRY', 176, 116),
(117, 'Asyut', 'EGY', 64, 117),
(118, 'Atacama', 'CHL', 41, 118),
(119, 'Atacora', 'BEN', 20, 119),
(120, 'Atlántico', 'COL', 48, 120),
(121, 'Atlántida', 'HND', 95, 121),
(122, 'Atlantique', 'BEN', 20, 122),
(123, 'Attika', 'GRC', 86, 123),
(124, 'Atyrau', 'KAZ', 111, 124),
(125, 'Auckland', 'NZL', 163, 125),
(126, 'Auvergne', 'FRA', 73, 126),
(127, 'Ayacucho', 'PER', 168, 127),
(128, 'Aydin', 'TUR', 216, 128),
(129, 'Azuay', 'ECU', 63, 129),
(130, 'Ba Ria-Vung Tau', 'VNM', 231, 130),
(131, 'Babil', 'IRQ', 104, 131),
(132, 'Bac Thai', 'VNM', 231, 132),
(133, 'Bacau', 'ROM', 181, 133),
(134, 'Bács-Kiskun', 'HUN', 98, 134),
(135, 'Baden-Württemberg', 'DEU', 59, 135),
(136, 'Baghdad', 'IRQ', 104, 136),
(137, 'Bahia', 'BRA', 31, 137),
(138, 'Bahr al-Jabal', 'SDN', 185, 138),
(139, 'Baijeri', 'DEU', 59, 139),
(140, 'Baja California', 'MEX', 136, 140),
(141, 'Baja California Sur', 'MEX', 136, 141),
(142, 'Baki', 'AZE', 17, 142),
(143, 'Balears', 'ESP', 67, 143),
(144, 'Bali', 'IDN', 99, 144),
(145, 'Balikesir', 'TUR', 216, 145),
(146, 'Balkh', 'AFG', 2, 146),
(147, 'Balti', 'MDA', 133, 147),
(148, 'Baluchistan', 'PAK', 15, 148),
(149, 'Bamako', 'MLI', 139, 149),
(150, 'Banaadir', 'SOM', 195, 150),
(151, 'Bandundu', 'COD', 45, 151),
(152, 'Bangkok', 'THA', 208, 152),
(153, 'Bangui', 'CAF', 37, 153),
(154, 'Bani Suwayf', 'EGY', 64, 154),
(155, 'Banjul', 'GMB', 83, 155),
(156, 'Baranya', 'HUN', 98, 156),
(157, 'Barinas', 'VEN', 228, 157),
(158, 'Barisal', 'BGD', 22, 158),
(159, 'Bas-Zaïre', 'COD', 45, 159),
(160, 'Basel-Stadt', 'CHE', 40, 160),
(161, 'Baskimaa', 'ESP', 67, 161),
(162, 'Baškortostan', 'RUS', 182, 162),
(163, 'Basra', 'IRQ', 104, 163),
(164, 'Basse-Normandie', 'FRA', 73, 164),
(165, 'Basse-Terre', 'GLP', 82, 165),
(166, 'Batman', 'TUR', 216, 166),
(167, 'Batna', 'DZA', 62, 167),
(168, 'Battambang', 'KHM', 114, 168),
(169, 'Bauchi & Gombe', 'NGA', 156, 169),
(170, 'Bayamón', 'PRI', 173, 170),
(171, 'Béchar', 'DZA', 62, 171),
(172, 'Beirut', 'LBN', 120, 172),
(173, 'Béjaïa', 'DZA', 62, 173),
(174, 'Belgorod', 'RUS', 182, 174),
(175, 'Belize City', 'BLZ', 28, 175),
(176, 'Bender (Tîghina)', 'MDA', 133, 176),
(177, 'Bengasi', 'LBY', 122, 177),
(178, 'Bengkulu', 'IDN', 99, 178),
(179, 'Benguela', 'AGO', 3, 179),
(180, 'Benue', 'NGA', 156, 180),
(181, 'Berliini', 'DEU', 59, 181),
(182, 'Bern', 'CHE', 40, 182),
(183, 'Bicol', 'PHL', 169, 183),
(184, 'Bihar', 'IND', 100, 184),
(185, 'Bihor', 'ROM', 181, 185),
(186, 'Binh Dinh', 'VNM', 231, 186),
(187, 'Binh Thuan', 'VNM', 231, 187),
(188, 'Bíobío', 'CHL', 41, 188),
(189, 'Bioko', 'GNQ', 85, 189),
(190, 'Biserta', 'TUN', 215, 190),
(191, 'Bishkek shaary', 'KGZ', 113, 191),
(192, 'Biskra', 'DZA', 62, 192),
(193, 'Bissau', 'GNB', 84, 193),
(194, 'Blantyre', 'MWI', 149, 194),
(195, 'Blida', 'DZA', 62, 195),
(196, 'Bogotá d.c', 'COL', 48, 196),
(197, 'Bolívar', 'COL', 48, 197),
(198, 'Bolívar', 'VEN', 228, 198),
(199, 'Borgou', 'BEN', 20, 199),
(200, 'Borno & Yobe', 'NGA', 156, 200),
(201, 'Borsod-Abaúj-Zemplén', 'HUN', 98, 201),
(202, 'Botosani', 'ROM', 181, 202),
(203, 'Bouaké', 'CIV', 43, 203),
(204, 'Boulkiemdé', 'BFA', 23, 204),
(205, 'Bourgogne', 'FRA', 73, 205),
(206, 'Boyacá', 'COL', 48, 206),
(207, 'Braga', 'PRT', 175, 207),
(208, 'Braila', 'ROM', 181, 208),
(209, 'Brandenburg', 'DEU', 59, 209),
(210, 'Brasov', 'ROM', 181, 210),
(211, 'Bratislava', 'SVK', 199, 211),
(212, 'Brazzaville', 'COG', 46, 212),
(213, 'Bremen', 'DEU', 59, 213),
(214, 'Brest', 'BLR', 27, 214),
(215, 'Bretagne', 'FRA', 73, 215),
(216, 'British Colombia', 'CAN', 38, 216),
(217, 'Brjansk', 'RUS', 182, 217),
(218, 'Brunei and Muara', 'BRN', 33, 218),
(219, 'Bryssel', 'BEL', 19, 219),
(220, 'Budapest', 'HUN', 98, 220),
(221, 'Buenos Aires', 'ARG', 9, 221),
(222, 'Buhoro', 'UZB', 225, 222),
(223, 'Bujumbura', 'BDI', 18, 223),
(224, 'Bukarest', 'ROM', 181, 224),
(225, 'Bulawayo', 'ZWE', 239, 225),
(226, 'Burgas', 'BGR', 23, 226),
(227, 'Burjatia', 'RUS', 182, 227),
(228, 'Bursa', 'TUR', 216, 228),
(229, 'Bushehr', 'IRN', 103, 229),
(230, 'Buzau', 'ROM', 181, 230),
(231, 'Córdoba', 'COL', 48, 231),
(232, 'Cagayan Valley', 'PHL', 169, 232),
(233, 'Caguas', 'PRI', 173, 233),
(234, 'Cajamarca', 'PER', 168, 234),
(235, 'Calabria', 'ITA', 107, 235),
(236, 'Caldas', 'COL', 48, 236),
(237, 'California', 'USA', 224, 237),
(238, 'Callao', 'PER', 168, 238),
(239, 'Camagüey', 'CUB', 52, 239),
(240, 'Campania', 'ITA', 107, 240),
(241, 'Campeche', 'MEX', 136, 241),
(242, 'Can Tho', 'VNM', 231, 242),
(243, 'Canary Islands', 'ESP', 67, 243),
(244, 'Cantabria', 'ESP', 67, 244),
(245, 'Canterbury', 'NZL', 163, 245),
(246, 'Cap-Vert', 'SEN', 186, 246),
(247, 'Capital Region', 'AUS', 15, 247),
(248, 'Caquetá', 'COL', 48, 248),
(249, 'CAR', 'PHL', 169, 249),
(250, 'Carabobo', 'VEN', 228, 250),
(251, 'Caraga', 'PHL', 169, 251),
(252, 'Caras-Severin', 'ROM', 181, 252),
(253, 'Carolina', 'PRI', 173, 253),
(254, 'Caroni', 'TTO', 214, 254),
(255, 'Casablanca', 'MAR', 131, 255),
(256, 'Casanare', 'COL', 48, 256),
(257, 'Castilla and León', 'ESP', 67, 257),
(258, 'Castries', 'LCA', 123, 258),
(259, 'Catamarca', 'ARG', 9, 259),
(260, 'Cauca', 'COL', 48, 260),
(261, 'Cayenne', 'GUF', 90, 261),
(262, 'Cayo', 'BLZ', 28, 262),
(263, 'Ceará', 'BRA', 31, 263),
(264, 'Central', 'ZMB', 238, 264),
(265, 'Central', 'FJI', 71, 265),
(266, 'Central', 'KEN', 112, 266),
(267, 'Central', 'LKA', 125, 267),
(268, 'Central', 'NPL', 161, 268),
(269, 'Central', 'PRY', 176, 269),
(270, 'Central', 'UGA', 220, 270),
(271, 'Central Java', 'IDN', 99, 271),
(272, 'Central Luzon', 'PHL', 169, 272),
(273, 'Central Macedonia', 'GRC', 86, 273),
(274, 'Central Mindanao', 'PHL', 169, 274),
(275, 'Central Serbia', 'YUG', 236, 275),
(276, 'Central Visayas', 'PHL', 169, 276),
(277, 'Centre', 'CMR', 44, 277),
(278, 'Centre', 'FRA', 73, 278),
(279, 'Cesar', 'COL', 48, 279),
(280, 'Ciego de Ávila', 'CUB', 52, 280),
(281, 'Cienfuegos', 'CUB', 52, 281),
(282, 'Città del Vaticano', 'VAT', 226, 282),
(283, 'Ciudad Losada', 'VEN', 228, 283),
(284, 'Cizah', 'UZB', 225, 284),
(285, 'Cluj', 'ROM', 181, 285),
(286, 'Coahuila de Zaragoza', 'MEX', 136, 286),
(287, 'Coast', 'KEN', 112, 287),
(288, 'Cochabamba', 'BOL', 30, 288),
(289, 'Coímbra', 'PRT', 175, 289),
(290, 'Colima', 'MEX', 136, 290),
(291, 'Colorado', 'USA', 224, 291),
(292, 'Conakry', 'GIN', 81, 292),
(293, 'Connecticut', 'USA', 224, 293),
(294, 'Constanta', 'ROM', 181, 294),
(295, 'Constantine', 'DZA', 62, 295),
(296, 'Copperbelt', 'ZMB', 238, 296),
(297, 'Coquimbo', 'CHL', 41, 297),
(298, 'Córdoba', 'ARG', 9, 298),
(299, 'Corrientes', 'ARG', 9, 299),
(300, 'Cortés', 'HND', 95, 300),
(301, 'Çorum', 'TUR', 216, 301),
(302, 'Crete', 'GRC', 86, 302),
(303, 'Cross River', 'NGA', 156, 303),
(304, 'Csongrád', 'HUN', 98, 304),
(305, 'Cundinamarca', 'COL', 48, 305),
(306, 'Curaçao', 'ANT', 7, 306),
(307, 'Cusco', 'PER', 168, 307),
(308, 'Chaco', 'ARG', 9, 308),
(309, 'Chagang', 'PRK', 174, 309),
(310, 'Chaharmahal va Bakht', 'IRN', 103, 310),
(311, 'Champagne-Ardenne', 'FRA', 73, 311),
(312, 'Chandigarh', 'IND', 100, 312),
(313, 'Changhwa', 'TWN', 218, 313),
(314, 'Chaouia-Ouardigha', 'MAR', 131, 314),
(315, 'Chari-Baguirmi', 'TCD', 206, 315),
(316, 'Cheju', 'KOR', 117, 316),
(317, 'Chhatisgarh', 'IND', 100, 317),
(318, 'Chiang Mai', 'THA', 208, 318),
(319, 'Chiapas', 'MEX', 136, 319),
(320, 'Chiayi', 'TWN', 218, 320),
(321, 'Chiba', 'JPN', 110, 321),
(322, 'Chihuahua', 'MEX', 136, 322),
(323, 'Chimborazo', 'ECU', 63, 323),
(324, 'Chinandega', 'NIC', 157, 324),
(325, 'Chisinau', 'MDA', 133, 325),
(326, 'Chittagong', 'BGD', 22, 326),
(327, 'Chlef', 'DZA', 62, 327),
(328, 'Chocó', 'COL', 48, 328),
(329, 'Chollabuk', 'KOR', 117, 329),
(330, 'Chollanam', 'KOR', 117, 330),
(331, 'Chongqing', 'CHN', 42, 331),
(332, 'Chubut', 'ARG', 9, 332),
(333, 'Chungchongbuk', 'KOR', 117, 333),
(334, 'Chungchongnam', 'KOR', 117, 334),
(335, 'Chuquisaca', 'BOL', 30, 335),
(336, 'Chuuk', 'FSM', 75, 336),
(337, 'Dac Lac', 'VNM', 231, 337),
(338, 'Dagestan', 'RUS', 182, 338),
(339, 'Dakhlet Nouâdhibou', 'MRT', 145, 339),
(340, 'Daloa', 'CIV', 43, 340),
(341, 'Damascus', 'SYR', 204, 341),
(342, 'Damaskos', 'SYR', 204, 342),
(343, 'Dâmbovita', 'ROM', 181, 343),
(344, 'Dar es Salaam', 'TZA', 219, 344),
(345, 'Darfur al-Janubiya', 'SDN', 185, 345),
(346, 'Darfur al-Shamaliya', 'SDN', 185, 346),
(347, 'Dashhowuz', 'TKM', 211, 347),
(348, 'Daugavpils', 'LVA', 129, 348),
(349, 'Dayr al-Zawr', 'SYR', 204, 349),
(350, 'Delhi', 'IND', 100, 350),
(351, 'Denizli', 'TUR', 216, 351),
(352, 'Dhaka', 'BGD', 22, 352),
(353, 'DhiQar', 'IRQ', 104, 353),
(354, 'Dili', 'TMP', 212, 354),
(355, 'Diourbel', 'SEN', 186, 355),
(356, 'Dire Dawa', 'ETH', 69, 356),
(357, 'District of Columbia', 'USA', 224, 357),
(358, 'Distrito Central', 'HND', 95, 358),
(359, 'Distrito Federal', 'ARG', 9, 359),
(360, 'Distrito Federal', 'BRA', 31, 360),
(361, 'Distrito Federal', 'MEX', 136, 361),
(362, 'Distrito Federal', 'VEN', 228, 362),
(363, 'Distrito Nacional', 'DOM', 61, 363),
(364, 'Diyala', 'IRQ', 104, 364),
(365, 'Diyarbakir', 'TUR', 216, 365),
(366, 'Djibouti', 'DJI', 60, 366),
(367, 'Dnipropetrovsk', 'UKR', 221, 367),
(368, 'Dnjestria', 'MDA', 133, 368),
(369, 'Dodoma', 'TZA', 219, 369),
(370, 'Doha', 'QAT', 179, 370),
(371, 'Dolj', 'ROM', 181, 371),
(372, 'Dolnoslaskie', 'POL', 172, 372),
(373, 'Donetsk', 'UKR', 221, 373),
(374, 'Dong Nai', 'VNM', 231, 374),
(375, 'Douglas', 'GBR', 77, 375),
(376, 'Doukkala-Abda', 'MAR', 131, 376),
(377, 'Drenthe', 'NLD', 159, 377),
(378, 'Duarte', 'DOM', 61, 378),
(379, 'Dubai', 'ARE', 8, 379),
(380, 'Dunedin', 'NZL', 163, 380),
(381, 'Durango', 'MEX', 136, 381),
(382, 'East Azerbaidzan', 'IRN', 103, 382),
(383, 'East Falkland', 'FLK', 72, 383),
(384, 'East Flanderi', 'BEL', 19, 384),
(385, 'East Götanmaan län', 'SWE', 201, 385),
(386, 'East Java', 'IDN', 99, 386),
(387, 'East Kasai', 'COD', 45, 387),
(388, 'East Kazakstan', 'KAZ', 111, 388),
(389, 'Eastern', 'KEN', 112, 389),
(390, 'Eastern', 'NPL', 161, 390),
(391, 'Eastern Cape', 'ZAF', 237, 391),
(392, 'Eastern Visayas', 'PHL', 169, 392),
(393, 'Edirne', 'TUR', 216, 393),
(394, 'Edo & Delta', 'NGA', 156, 394),
(395, 'Ehime', 'JPN', 110, 395),
(396, 'El Oro', 'ECU', 63, 396),
(397, 'El-Aaiún', 'ESH', 66, 397),
(398, 'Elâzig', 'TUR', 216, 398),
(399, 'Emilia-Romagna', 'ITA', 107, 399),
(400, 'England', 'GBR', 77, 400),
(401, 'Entre Rios', 'ARG', 9, 401),
(402, 'Equateur', 'COD', 45, 402),
(403, 'Erzincan', 'TUR', 216, 403),
(404, 'Erzurum', 'TUR', 216, 404),
(405, 'Esfahan', 'IRN', 103, 405),
(406, 'Eskisehir', 'TUR', 216, 406),
(407, 'Esmeraldas', 'ECU', 63, 407),
(408, 'Espírito Santo', 'BRA', 31, 408),
(409, 'Estuaire', 'GAB', 76, 409),
(410, 'Extremadura', 'ESP', 67, 410),
(411, 'Extrême-Nord', 'CMR', 44, 411),
(412, 'Fakaofo', 'TKL', 210, 412),
(413, 'Falcón', 'VEN', 228, 413),
(414, 'Fargona', 'UZB', 225, 414),
(415, 'Fars', 'IRN', 103, 415),
(416, 'Federaatio', 'BIH', 26, 416),
(417, 'Federal Capital Dist', 'NGA', 156, 417),
(418, 'Fejér', 'HUN', 98, 418),
(419, 'Fès-Boulemane', 'MAR', 131, 419),
(420, 'Fianarantsoa', 'MDG', 134, 420),
(421, 'Flevoland', 'NLD', 159, 421),
(422, 'Florida', 'USA', 224, 422),
(423, 'Flying Fish Cove', 'CXR', 53, 423),
(424, 'Formosa', 'ARG', 9, 424),
(425, 'Fort-de-France', 'MTQ', 147, 425),
(426, 'Francistown', 'BWA', 36, 426),
(427, 'Franche-Comté', 'FRA', 73, 427),
(428, 'Frederiksberg', 'DNK', 60, 428),
(429, 'Free State', 'ZAF', 237, 429),
(430, 'Friuli-Venezia Giuli', 'ITA', 107, 430),
(431, 'Fujian', 'CHN', 42, 431),
(432, 'Fukui', 'JPN', 110, 432),
(433, 'Fukuoka', 'JPN', 110, 433),
(434, 'Fukushima', 'JPN', 110, 434),
(435, 'Funafuti', 'TUV', 217, 435),
(436, 'Fyn', 'DNK', 60, 436),
(437, 'Gabès', 'TUN', 215, 437),
(438, 'Gaborone', 'BWA', 36, 438),
(439, 'Galati', 'ROM', 181, 439),
(440, 'Galicia', 'ESP', 67, 440),
(441, 'Gäncä', 'AZE', 17, 441),
(442, 'Gansu', 'CHN', 42, 442),
(443, 'Gauteng', 'ZAF', 237, 443),
(444, 'Gävleborgs län', 'SWE', 201, 444),
(445, 'Gaza', 'MOZ', 144, 445),
(446, 'Gaza', 'PSE', 177, 446),
(447, 'Gaziantep', 'TUR', 216, 447),
(448, 'Gelderland', 'NLD', 159, 448),
(449, 'Geneve', 'CHE', 40, 449),
(450, 'Georgetown', 'GUY', 92, 450),
(451, 'Georgia', 'USA', 224, 451),
(452, 'Gharb-Chrarda-Béni H', 'MAR', 131, 452),
(453, 'Ghardaïa', 'DZA', 62, 453),
(454, 'Gibraltar', 'GIB', 80, 454),
(455, 'Gifu', 'JPN', 110, 455),
(456, 'Gilan', 'IRN', 103, 456),
(457, 'Giza', 'EGY', 64, 457),
(458, 'Goiás', 'BRA', 31, 458),
(459, 'Golestan', 'IRN', 103, 459),
(460, 'Gomel', 'BLR', 27, 460),
(461, 'Gorj', 'ROM', 181, 461),
(462, 'Grad Sofija', 'BGR', 23, 462),
(463, 'Grad Zagreb', 'HRV', 96, 463),
(464, 'Grand Cayman', 'CYM', 54, 464),
(465, 'Grand Turk', 'TCA', 205, 465),
(466, 'Grande-Terre', 'GLP', 82, 466),
(467, 'Granma', 'CUB', 52, 467),
(468, 'Greater Accra', 'GHA', 79, 468),
(469, 'Grodno', 'BLR', 27, 469),
(470, 'Groningen', 'NLD', 159, 470),
(471, 'Guainía', 'COL', 48, 471),
(472, 'Guanajuato', 'MEX', 136, 472),
(473, 'Guangdong', 'CHN', 42, 473),
(474, 'Guangxi', 'CHN', 42, 474),
(475, 'Guantánamo', 'CUB', 52, 475),
(476, 'Guárico', 'VEN', 228, 476),
(477, 'Guatemala', 'GTM', 89, 477),
(478, 'Guaviare', 'COL', 48, 478),
(479, 'Guayas', 'ECU', 63, 479),
(480, 'Guaynabo', 'PRI', 173, 480),
(481, 'Guerrero', 'MEX', 136, 481),
(482, 'Guizhou', 'CHN', 42, 482),
(483, 'Gujarat', 'IND', 100, 483),
(484, 'Gumma', 'JPN', 110, 484),
(485, 'Györ-Moson-Sopron', 'HUN', 98, 485),
(486, 'Ha Darom', 'ISR', 106, 486),
(487, 'Ha Merkaz', 'ISR', 106, 487),
(488, 'Habarovsk', 'RUS', 182, 488),
(489, 'Hadramawt', 'YEM', 235, 489),
(490, 'Haifa', 'ISR', 106, 490),
(491, 'Hail', 'SAU', 184, 491),
(492, 'Hainan', 'CHN', 42, 492),
(493, 'Hainaut', 'BEL', 19, 493),
(494, 'Haiphong', 'VNM', 231, 494),
(495, 'Hajdú-Bihar', 'HUN', 98, 495),
(496, 'Hakassia', 'RUS', 182, 496),
(497, 'Hama', 'SYR', 204, 497),
(498, 'Hamadan', 'IRN', 103, 498),
(499, 'Hamburg', 'DEU', 59, 499),
(500, 'Hamgyong N', 'PRK', 174, 500),
(501, 'Hamgyong P', 'PRK', 174, 501),
(502, 'Hamilton', 'BMU', 29, 502),
(503, 'Hamilton', 'NZL', 163, 503),
(504, 'Hanoi', 'VNM', 231, 504),
(505, 'Hanti-Mansia', 'RUS', 182, 505),
(506, 'Harare', 'ZWE', 239, 506),
(507, 'Harjumaa', 'EST', 68, 507),
(508, 'Harkova', 'UKR', 221, 508),
(509, 'Haryana', 'IND', 100, 509),
(510, 'Haskovo', 'BGR', 23, 510),
(511, 'Hatay', 'TUR', 216, 511),
(512, 'Haute-Normandie', 'FRA', 73, 512),
(513, 'Haute-Zaïre', 'COD', 45, 513),
(514, 'Hawaii', 'USA', 224, 514),
(515, 'Hawalli', 'KWT', 118, 515),
(516, 'Hebei', 'CHN', 42, 516),
(517, 'Hebron', 'PSE', 177, 517),
(518, 'Heilongjiang', 'CHN', 42, 518),
(519, 'Henan', 'CHN', 42, 519),
(520, 'Herat', 'AFG', 2, 520),
(521, 'Herson', 'UKR', 221, 521),
(522, 'Hessen', 'DEU', 59, 522),
(523, 'Hhohho', 'SWZ', 202, 523),
(524, 'Hidalgo', 'MEX', 136, 524),
(525, 'Hims', 'SYR', 204, 525),
(526, 'Hiroshima', 'JPN', 110, 526),
(527, 'Hlavní mesto Praha', 'CZE', 57, 527),
(528, 'Hmelnytskyi', 'UKR', 221, 528),
(529, 'Ho Chi Minh City', 'VNM', 231, 529),
(530, 'Hodeida', 'YEM', 235, 530),
(531, 'Höfuðborgarsvæði', 'ISL', 105, 531),
(532, 'Hokkaido', 'JPN', 110, 532),
(533, 'Holguín', 'CUB', 52, 533),
(534, 'Home Island', 'CCK', 39, 534),
(535, 'Hongkong', 'HKG', 93, 535),
(536, 'Honiara', 'SLB', 191, 536),
(537, 'Horad Minsk', 'BLR', 27, 537),
(538, 'Hordaland', 'NOR', 160, 538),
(539, 'Hormozgan', 'IRN', 103, 539),
(540, 'Houet', 'BFA', 23, 540),
(541, 'Hsinchu', 'TWN', 218, 541),
(542, 'Hualien', 'TWN', 218, 542),
(543, 'Huambo', 'AGO', 3, 543),
(544, 'Huanuco', 'PER', 168, 544),
(545, 'Hubei', 'CHN', 42, 545),
(546, 'Huila', 'COL', 48, 546),
(547, 'Hunan', 'CHN', 42, 547),
(548, 'Hwanghae N', 'PRK', 174, 548),
(549, 'Hwanghae P', 'PRK', 174, 549),
(550, 'Hyogo', 'JPN', 110, 550),
(551, 'Iasi', 'ROM', 181, 551),
(552, 'Ibaragi', 'JPN', 110, 552),
(553, 'Ibb', 'YEM', 235, 553),
(554, 'Ica', 'PER', 168, 554),
(555, 'Içel', 'TUR', 216, 555),
(556, 'Idaho', 'USA', 224, 556),
(557, 'Idlib', 'SYR', 204, 557),
(558, 'Ilam', 'IRN', 103, 558),
(559, 'Ilan', 'TWN', 218, 559),
(560, 'Île-de-France', 'FRA', 73, 560),
(561, 'Ilocos', 'PHL', 169, 561),
(562, 'Illinois', 'USA', 224, 562),
(563, 'Imbabura', 'ECU', 63, 563),
(564, 'Imereti', 'GEO', 78, 564),
(565, 'Imo & Abia', 'NGA', 156, 565),
(566, 'Inchon', 'KOR', 117, 566),
(567, 'Indiana', 'USA', 224, 567),
(568, 'Inhambane', 'MOZ', 144, 568),
(569, 'Inner Harbour', 'MLT', 140, 569),
(570, 'Inner Mongolia', 'CHN', 42, 570),
(571, 'Iowa', 'USA', 224, 571),
(572, 'Irbid', 'JOR', 109, 572),
(573, 'Irbil', 'IRQ', 104, 573),
(574, 'Irkutsk', 'RUS', 182, 574),
(575, 'Irrawaddy [Ayeyarwad', 'MMR', 141, 575),
(576, 'Ishikawa', 'JPN', 110, 576),
(577, 'Islamabad', 'PAK', 15, 577),
(578, 'Ismailia', 'EGY', 64, 578),
(579, 'Isparta', 'TUR', 216, 579),
(580, 'Istanbul', 'TUR', 216, 580),
(581, 'Ivano-Frankivsk', 'UKR', 221, 581),
(582, 'Ivanovo', 'RUS', 182, 582),
(583, 'Iwate', 'JPN', 110, 583),
(584, 'Izmir', 'TUR', 216, 584),
(585, 'Jakarta Raya', 'IDN', 99, 585),
(586, 'Jalisco', 'MEX', 136, 586),
(587, 'Jambi', 'IDN', 99, 587),
(588, 'Jammu and Kashmir', 'IND', 100, 588),
(589, 'Jaroslavl', 'RUS', 182, 589),
(590, 'Jersey', 'GBR', 77, 590),
(591, 'Jerusalem', 'ISR', 106, 591),
(592, 'Jharkhand', 'IND', 100, 592),
(593, 'Jiangsu', 'CHN', 42, 593),
(594, 'Jiangxi', 'CHN', 42, 594),
(595, 'Jilin', 'CHN', 42, 595),
(596, 'Jizní Cechy', 'CZE', 57, 596),
(597, 'Jizní Morava', 'CZE', 57, 597),
(598, 'Johor', 'MYS', 150, 598),
(599, 'Jönköpings län', 'SWE', 201, 599),
(600, 'Jubbada Hoose', 'SOM', 195, 600),
(601, 'Jujuy', 'ARG', 9, 601),
(602, 'Junín', 'PER', 168, 602),
(603, 'Kabardi-Balkaria', 'RUS', 182, 603),
(604, 'Kabol', 'AFG', 2, 604),
(605, 'Kadiogo', 'BFA', 23, 605),
(606, 'Kaduna', 'NGA', 156, 606),
(607, 'Kaesong-si', 'PRK', 174, 607),
(608, 'Kafr al-Shaykh', 'EGY', 64, 608),
(609, 'Kagawa', 'JPN', 110, 609),
(610, 'Kagoshima', 'JPN', 110, 610),
(611, 'Kahramanmaras', 'TUR', 216, 611),
(612, 'Kairo', 'EGY', 64, 612),
(613, 'Kairouan', 'TUN', 215, 613),
(614, 'Kalimantan Barat', 'IDN', 99, 614),
(615, 'Kalimantan Selatan', 'IDN', 99, 615),
(616, 'Kalimantan Tengah', 'IDN', 99, 616),
(617, 'Kalimantan Timur', 'IDN', 99, 617),
(618, 'Kaliningrad', 'RUS', 182, 618),
(619, 'Kalmykia', 'RUS', 182, 619),
(620, 'Kaluga', 'RUS', 182, 620),
(621, 'Kamtšatka', 'RUS', 182, 621),
(622, 'Kanagawa', 'JPN', 110, 622),
(623, 'Kang-won', 'KOR', 117, 623),
(624, 'Kangwon', 'PRK', 174, 624),
(625, 'Kano & Jigawa', 'NGA', 156, 625),
(626, 'Kansas', 'USA', 224, 626),
(627, 'Kaohsiung', 'TWN', 218, 627),
(628, 'Kaolack', 'SEN', 186, 628),
(629, 'Karabük', 'TUR', 216, 629),
(630, 'Karakalpakistan', 'UZB', 225, 630),
(631, 'Karaman', 'TUR', 216, 631),
(632, 'Karatšai-Tšerkessia', 'RUS', 182, 632),
(633, 'Karbala', 'IRQ', 104, 633),
(634, 'Karjala', 'RUS', 182, 634),
(635, 'Karnataka', 'IND', 100, 635),
(636, 'Kärnten', 'AUT', 16, 636),
(637, 'Karotegin', 'TJK', 209, 637),
(638, 'Kars', 'TUR', 216, 638),
(639, 'Kassala', 'SDN', 185, 639),
(640, 'Kastilia-La Mancha', 'ESP', 67, 640),
(641, 'Katalonia', 'ESP', 67, 641),
(642, 'Katsina', 'NGA', 156, 642),
(643, 'Kaunas', 'LTU', 127, 643),
(644, 'Kayseri', 'TUR', 216, 644),
(645, 'Kedah', 'MYS', 150, 645),
(646, 'Keelung', 'TWN', 218, 646),
(647, 'Kelantan', 'MYS', 150, 647),
(648, 'Kemerovo', 'RUS', 182, 648),
(649, 'Kentucky', 'USA', 224, 649),
(650, 'Kerala', 'IND', 100, 650),
(651, 'Kerman', 'IRN', 103, 651),
(652, 'Kermanshah', 'IRN', 103, 652),
(653, 'Khan Yunis', 'PSE', 177, 653),
(654, 'Khanh Hoa', 'VNM', 231, 654),
(655, 'Khartum', 'SDN', 185, 655),
(656, 'Khomas', 'NAM', 152, 656),
(657, 'Khon Kaen', 'THA', 208, 657),
(658, 'Khorasan', 'IRN', 103, 658),
(659, 'Khorazm', 'UZB', 225, 659),
(660, 'Khujand', 'TJK', 209, 660),
(661, 'Khulna', 'BGD', 22, 661),
(662, 'Khuzestan', 'IRN', 103, 662),
(663, 'Kien Giang', 'VNM', 231, 663),
(664, 'Kigali', 'RWA', 183, 664),
(665, 'Kilimanjaro', 'TZA', 219, 665),
(666, 'Kilis', 'TUR', 216, 666),
(667, 'Kingston', 'NFK', 155, 667),
(668, 'Kinshasa', 'COD', 45, 668),
(669, 'Kiova', 'UKR', 221, 669),
(670, 'Kirikkale', 'TUR', 216, 670),
(671, 'Kirov', 'RUS', 182, 671),
(672, 'Kirovograd', 'UKR', 221, 672),
(673, 'Kitaa', 'GRL', 88, 673),
(674, 'Klaipeda', 'LTU', 127, 674),
(675, 'Kocaeli', 'TUR', 216, 675),
(676, 'Kochi', 'JPN', 110, 676),
(677, 'Kombo St Mary', 'GMB', 83, 677),
(678, 'Komi', 'RUS', 182, 678),
(679, 'Konya', 'TUR', 216, 679),
(680, 'Kordestan', 'IRN', 103, 680),
(681, 'Korhogo', 'CIV', 43, 681),
(682, 'Koror', 'PLW', 170, 682),
(683, 'Kosovo and Metohija', 'YUG', 236, 683),
(684, 'Kostroma', 'RUS', 182, 684),
(685, 'Kouilou', 'COG', 46, 685),
(686, 'Kowloon and New Kowl', 'HKG', 93, 686),
(687, 'København', 'DNK', 60, 687),
(688, 'Krasnodar', 'RUS', 182, 688),
(689, 'Krasnojarsk', 'RUS', 182, 689),
(690, 'Krim', 'UKR', 221, 690),
(691, 'Kueishan', 'TWN', 218, 691),
(692, 'Kujawsko-Pomorskie', 'POL', 172, 692),
(693, 'Kumamoto', 'JPN', 110, 693),
(694, 'Kurdufan al-Shamaliy', 'SDN', 185, 694),
(695, 'Kurgan', 'RUS', 182, 695),
(696, 'Kursk', 'RUS', 182, 696),
(697, 'Kütahya', 'TUR', 216, 697),
(698, 'Kvemo Kartli', 'GEO', 78, 698),
(699, 'Kwangju', 'KOR', 117, 699),
(700, 'Kwara & Kogi', 'NGA', 156, 700),
(701, 'KwaZulu-Natal', 'ZAF', 237, 701),
(702, 'Kyonggi', 'KOR', 117, 702),
(703, 'Kyongsangbuk', 'KOR', 117, 703),
(704, 'Kyongsangnam', 'KOR', 117, 704),
(705, 'Kyoto', 'JPN', 110, 705),
(706, 'La Araucanía', 'CHL', 41, 706),
(707, 'La guajira', 'COL', 48, 707),
(708, 'La Habana', 'CUB', 52, 708),
(709, 'La Libertad', 'PER', 168, 709),
(710, 'La Libertad', 'SLV', 193, 710),
(711, 'La Paz', 'BOL', 30, 711),
(712, 'La Rioja', 'ARG', 9, 712),
(713, 'La Rioja', 'ESP', 67, 713),
(714, 'La Romana', 'DOM', 61, 714),
(715, 'Lagos', 'NGA', 156, 715),
(716, 'Lam Dong', 'VNM', 231, 716),
(717, 'Lambayeque', 'PER', 168, 717),
(718, 'Lampung', 'IDN', 99, 718),
(719, 'Languedoc-Roussillon', 'FRA', 73, 719),
(720, 'Länsimaa', 'SJM', 190, 720),
(721, 'Lara', 'VEN', 228, 721),
(722, 'Las Tunas', 'CUB', 52, 722),
(723, 'Latakia', 'SYR', 204, 723),
(724, 'Latium', 'ITA', 107, 724),
(725, 'Lebap', 'TKM', 211, 725),
(726, 'Leinster', 'IRL', 102, 726),
(727, 'León', 'NIC', 157, 727),
(728, 'Liaoning', 'CHN', 42, 728),
(729, 'Liège', 'BEL', 19, 729),
(730, 'Liepaja', 'LVA', 129, 730),
(731, 'Liguria', 'ITA', 107, 731),
(732, 'Lilongwe', 'MWI', 149, 732),
(733, 'Lima', 'PER', 168, 733),
(734, 'Limassol', 'CYP', 55, 734),
(735, 'Limburg', 'NLD', 159, 735),
(736, 'Limousin', 'FRA', 73, 736),
(737, 'Lipetsk', 'RUS', 182, 737),
(738, 'Lisboa', 'PRT', 175, 738),
(739, 'Lisboa', 'SWE', 201, 739),
(740, 'Littoral', 'CMR', 44, 740),
(741, 'Lodzkie', 'POL', 172, 741),
(742, 'Logone Occidental', 'TCD', 206, 742),
(743, 'Loja', 'ECU', 63, 743),
(744, 'Lombardia', 'ITA', 107, 744),
(745, 'Lorestan', 'IRN', 103, 745),
(746, 'Loreto', 'PER', 168, 746),
(747, 'Lori', 'ARM', 10, 747),
(748, 'Lorraine', 'FRA', 73, 748),
(749, 'Los Lagos', 'CHL', 41, 749),
(750, 'Los Ríos', 'ECU', 63, 750),
(751, 'Louisiana', 'USA', 224, 751),
(752, 'Lovec', 'BGR', 23, 752),
(753, 'Luanda', 'AGO', 3, 753),
(754, 'Lubelskie', 'POL', 172, 754),
(755, 'Lubuskie', 'POL', 172, 755),
(756, 'Lugansk', 'UKR', 221, 756),
(757, 'Lusaka', 'ZMB', 238, 757),
(758, 'Luxembourg', 'LUX', 128, 758),
(759, 'Luxor', 'EGY', 64, 759),
(760, 'Lviv', 'UKR', 221, 760),
(761, 'Maale', 'MDV', 135, 761),
(762, 'Macau', 'MAC', 130, 762),
(763, 'Madhya Pradesh', 'IND', 100, 763),
(764, 'Madrid', 'ESP', 67, 764),
(765, 'Maekel', 'ERI', 65, 765),
(766, 'Magadan', 'RUS', 182, 766),
(767, 'Magallanes', 'CHL', 41, 767),
(768, 'Magdalena', 'COL', 48, 768),
(769, 'Magwe [Magway]', 'MMR', 141, 769),
(770, 'Mahajanga', 'MDG', 134, 770),
(771, 'Maharashtra', 'IND', 100, 771),
(772, 'Mahé', 'SYC', 203, 772),
(773, 'Majuro', 'MHL', 137, 773),
(774, 'Malatya', 'TUR', 216, 774),
(775, 'Malopolskie', 'POL', 172, 775),
(776, 'Mamoutzou', 'MYT', 151, 776),
(777, 'Manabí', 'ECU', 63, 777),
(778, 'Managua', 'NIC', 157, 778),
(779, 'Mandalay', 'MMR', 141, 779),
(780, 'Mangghystau', 'KAZ', 111, 780),
(781, 'Manica', 'MOZ', 144, 781),
(782, 'Manicaland', 'ZWE', 239, 782),
(783, 'Manipur', 'IND', 100, 783),
(784, 'Manisa', 'TUR', 216, 784),
(785, 'Manitoba', 'CAN', 38, 785),
(786, 'Maputo', 'MOZ', 144, 786),
(787, 'Maradi', 'NER', 154, 787),
(788, 'Maramures', 'ROM', 181, 788),
(789, 'Maranhão', 'BRA', 31, 789),
(790, 'Marche', 'ITA', 107, 790),
(791, 'Mardin', 'TUR', 216, 791),
(792, 'Marinmaa', 'RUS', 182, 792),
(793, 'Maritime', 'TGO', 207, 793),
(794, 'Markazi', 'IRN', 103, 794),
(795, 'Marrakech-Tensift-Al', 'MAR', 131, 795),
(796, 'Mary', 'TKM', 211, 796),
(797, 'Maryland', 'USA', 224, 797),
(798, 'Masaya', 'NIC', 157, 798),
(799, 'Maseru', 'LSO', 126, 799),
(800, 'Masqat', 'OMN', 164, 800),
(801, 'Massachusetts', 'USA', 224, 801),
(802, 'Matanzas', 'CUB', 52, 802),
(803, 'Mato Grosso', 'BRA', 31, 803),
(804, 'Mato Grosso do Sul', 'BRA', 31, 804),
(805, 'Maule', 'CHL', 41, 805),
(806, 'Mayagüez', 'PRI', 173, 806),
(807, 'Maysan', 'IRQ', 104, 807),
(808, 'Mazandaran', 'IRN', 103, 808),
(809, 'Mazowieckie', 'POL', 172, 809),
(810, 'Mbeya', 'TZA', 219, 810),
(811, 'Mecklenburg-Vorpomme', 'DEU', 59, 811),
(812, 'Medina', 'SAU', 184, 812),
(813, 'Meghalaya', 'IND', 100, 813),
(814, 'Mehedinti', 'ROM', 181, 814),
(815, 'Mekka', 'SAU', 184, 815),
(816, 'Meknès-Tafilalet', 'MAR', 131, 816),
(817, 'Mendoza', 'ARG', 9, 817),
(818, 'Mérida', 'VEN', 228, 818),
(819, 'Meta', 'COL', 48, 819),
(820, 'México', 'MEX', 136, 820),
(821, 'Miaoli', 'TWN', 218, 821),
(822, 'Michigan', 'USA', 224, 822),
(823, 'Michoacán de Ocampo', 'MEX', 136, 823),
(824, 'Midi-Pyrénées', 'FRA', 73, 824),
(825, 'Midlands', 'ZWE', 239, 825),
(826, 'Mie', 'JPN', 110, 826),
(827, 'Minas Gerais', 'BRA', 31, 827),
(828, 'Mingäçevir', 'AZE', 17, 828),
(829, 'Minnesota', 'USA', 224, 829),
(830, 'Minsk', 'BLR', 27, 830),
(831, 'Miranda', 'VEN', 228, 831),
(832, 'Misiones', 'ARG', 9, 832),
(833, 'Misrata', 'LBY', 122, 833),
(834, 'Mississippi', 'USA', 224, 834),
(835, 'Missouri', 'USA', 224, 835),
(836, 'Miyagi', 'JPN', 110, 836),
(837, 'Miyazaki', 'JPN', 110, 837),
(838, 'Mizoram', 'IND', 100, 838),
(839, 'Mogiljov', 'BLR', 27, 839),
(840, 'Molukit', 'IDN', 99, 840),
(841, 'Mon', 'MMR', 141, 841),
(842, 'Monaco-Ville', 'MCO', 132, 842),
(843, 'Monagas', 'VEN', 228, 843),
(844, 'Montana', 'USA', 224, 844),
(845, 'Monte-Carlo', 'MCO', 132, 845),
(846, 'Montenegro', 'YUG', 236, 846),
(847, 'Montevideo', 'URY', 223, 847),
(848, 'Montserrado', 'LBR', 121, 848),
(849, 'Mordva', 'RUS', 182, 849),
(850, 'Morelos', 'MEX', 136, 850),
(851, 'Morogoro', 'TZA', 219, 851),
(852, 'Moscow (City)', 'RUS', 182, 852),
(853, 'Moskova', 'RUS', 182, 853),
(854, 'Mostaganem', 'DZA', 62, 854),
(855, 'Mpumalanga', 'ZAF', 237, 855),
(856, 'Munster', 'IRL', 102, 856),
(857, 'Murcia', 'ESP', 67, 857),
(858, 'Mures', 'ROM', 181, 858),
(859, 'Murmansk', 'RUS', 182, 859),
(860, 'Mwanza', 'TZA', 219, 860),
(861, 'Mykolajiv', 'UKR', 221, 861),
(862, 'Nablus', 'PSE', 177, 862),
(863, 'Nagano', 'JPN', 110, 863),
(864, 'Nagasaki', 'JPN', 110, 864),
(865, 'Nairobi', 'KEN', 112, 865),
(866, 'Najran', 'SAU', 184, 866),
(867, 'Nakhon Pathom', 'THA', 208, 867),
(868, 'Nakhon Ratchasima', 'THA', 208, 868),
(869, 'Nakhon Sawan', 'THA', 208, 869),
(870, 'Nam Ha', 'VNM', 231, 870),
(871, 'Namangan', 'UZB', 225, 871),
(872, 'Namibe', 'AGO', 3, 872),
(873, 'Nampo-si', 'PRK', 174, 873),
(874, 'Nampula', 'MOZ', 144, 874),
(875, 'Namur', 'BEL', 19, 875),
(876, 'Nantou', 'TWN', 218, 876),
(877, 'Nara', 'JPN', 110, 877),
(878, 'Nariño', 'COL', 48, 878),
(879, 'National Capital Dis', 'PNG', 171, 879),
(880, 'National Capital Reg', 'PHL', 169, 880),
(881, 'Navarra', 'ESP', 67, 881),
(882, 'Navoi', 'UZB', 225, 882),
(883, 'Nayarit', 'MEX', 136, 883),
(884, 'Neamt', 'ROM', 181, 884),
(885, 'Nebraska', 'USA', 224, 885),
(886, 'Negeri Sembilan', 'MYS', 150, 886),
(887, 'Neuquén', 'ARG', 9, 887),
(888, 'Nevada', 'USA', 224, 888),
(889, 'New Hampshire', 'USA', 224, 889),
(890, 'New Jersey', 'USA', 224, 890),
(891, 'New Mexico', 'USA', 224, 891),
(892, 'New Providence', 'BHS', 25, 892),
(893, 'New South Wales', 'AUS', 15, 893),
(894, 'New York', 'USA', 224, 894),
(895, 'Newfoundland', 'CAN', 38, 895),
(896, 'Newmaa', 'FIN', 70, 896),
(897, 'Nghe An', 'VNM', 231, 897),
(898, 'Niamey', 'NER', 154, 898),
(899, 'Nicosia', 'CYP', 55, 899),
(900, 'Niedersachsen', 'DEU', 59, 900),
(901, 'Niger', 'NGA', 156, 901),
(902, 'Niigata', 'JPN', 110, 902),
(903, 'Ninawa', 'IRQ', 104, 903),
(904, 'Ningxia', 'CHN', 42, 904),
(905, 'Nizni Novgorod', 'RUS', 182, 905),
(906, 'Njazidja', 'COM', 49, 906),
(907, 'Nonthaburi', 'THA', 208, 907),
(908, 'Noord-Brabant', 'NLD', 159, 908),
(909, 'Noord-Holland', 'NLD', 159, 909),
(910, 'Nord', 'CMR', 44, 910),
(911, 'Nord', 'HTI', 97, 911),
(912, 'Nord-Ouest', 'CMR', 44, 912),
(913, 'Nord-Pas-de-Calais', 'FRA', 73, 913),
(914, 'Nordjylland', 'DNK', 60, 914),
(915, 'Nordrhein-Westfalen', 'DEU', 59, 915),
(916, 'Norte de santander', 'COL', 48, 916),
(917, 'North Austria', 'AUT', 16, 917),
(918, 'North Carolina', 'USA', 224, 918),
(919, 'North Gaza', 'PSE', 177, 919),
(920, 'North Ireland', 'GBR', 77, 920),
(921, 'North Kazakstan', 'KAZ', 111, 921),
(922, 'North Kivu', 'COD', 45, 922),
(923, 'North Ossetia-Alania', 'RUS', 182, 923),
(924, 'North West', 'ZAF', 237, 924),
(925, 'Northern', 'GHA', 79, 925),
(926, 'Northern', 'LKA', 125, 926),
(927, 'Northern Cape', 'ZAF', 237, 927),
(928, 'Northern Mindanao', 'PHL', 169, 928),
(929, 'Nothwest Border Prov', 'PAK', 15, 929),
(930, 'Nouakchott', 'MRT', 145, 930),
(931, 'Nouméa', 'NCL', 153, 931),
(932, 'Nova Scotia', 'CAN', 38, 932),
(933, 'Novgorod', 'RUS', 182, 933),
(934, 'Novosibirsk', 'RUS', 182, 934),
(935, 'Nuevo León', 'MEX', 136, 935),
(936, 'Nusa Tenggara Barat', 'IDN', 99, 936),
(937, 'Nusa Tenggara Timur', 'IDN', 99, 937),
(938, 'Nyanza', 'KEN', 112, 938),
(939, 'O´Higgins', 'CHL', 41, 939),
(940, 'Oaxaca', 'MEX', 136, 940),
(941, 'Odesa', 'UKR', 221, 941),
(942, 'Ogun', 'NGA', 156, 942),
(943, 'Ohio', 'USA', 224, 943),
(944, 'Oita', 'JPN', 110, 944),
(945, 'Okayama', 'JPN', 110, 945),
(946, 'Okinawa', 'JPN', 110, 946),
(947, 'Oklahoma', 'USA', 224, 947),
(948, 'Omsk', 'RUS', 182, 948),
(949, 'Ondo & Ekiti', 'NGA', 156, 949),
(950, 'Ontario', 'CAN', 38, 950),
(951, 'Opolskie', 'POL', 172, 951),
(952, 'Oran', 'DZA', 62, 952),
(953, 'Oranjestad', 'ABW', 1, 953),
(954, 'Ordu', 'TUR', 216, 954),
(955, 'Örebros län', 'SWE', 201, 955),
(956, 'Oregon', 'USA', 224, 956),
(957, 'Orenburg', 'RUS', 182, 957),
(958, 'Oriental', 'MAR', 131, 958),
(959, 'Orissa', 'IND', 100, 959),
(960, 'Orjol', 'RUS', 182, 960),
(961, 'Oromia', 'ETH', 69, 961),
(962, 'Oruro', 'BOL', 30, 962),
(963, 'Osaka', 'JPN', 110, 963),
(964, 'Osh', 'KGZ', 113, 964),
(965, 'Osijek-Baranja', 'HRV', 96, 965),
(966, 'Oslo', 'NOR', 160, 966),
(967, 'Osmaniye', 'TUR', 216, 967),
(968, 'Osrednjeslovenska', 'SVN', 200, 968),
(969, 'Ouémé', 'BEN', 20, 969),
(970, 'Ouest', 'CMR', 44, 970),
(971, 'Ouest', 'HTI', 97, 971),
(972, 'Outer Harbour', 'MLT', 140, 972),
(973, 'Overijssel', 'NLD', 159, 973),
(974, 'Oyo & Osun', 'NGA', 156, 974),
(975, 'Pahang', 'MYS', 150, 975),
(976, 'Päijät-Häme', 'FIN', 70, 976),
(977, 'Panamá', 'PAN', 166, 977),
(978, 'Panevezys', 'LTU', 127, 978),
(979, 'Pará', 'BRA', 31, 979),
(980, 'Paraíba', 'BRA', 31, 980),
(981, 'Paramaribo', 'SUR', 198, 981),
(982, 'Paraná', 'BRA', 31, 982),
(983, 'Pavlodar', 'KAZ', 111, 983),
(984, 'Pays de la Loire', 'FRA', 73, 984),
(985, 'Pegu [Bago]', 'MMR', 141, 985),
(986, 'Peking', 'CHN', 42, 986),
(987, 'Pennsylvania', 'USA', 224, 987),
(988, 'Penza', 'RUS', 182, 988),
(989, 'Perak', 'MYS', 150, 989),
(990, 'Perm', 'RUS', 182, 990),
(991, 'Pernambuco', 'BRA', 31, 991),
(992, 'Phnom Penh', 'KHM', 114, 992),
(993, 'Piauí', 'BRA', 31, 993),
(994, 'Picardie', 'FRA', 73, 994),
(995, 'Pichincha', 'ECU', 63, 995),
(996, 'Piemonte', 'ITA', 107, 996),
(997, 'Pietari', 'RUS', 182, 997),
(998, 'Pihkova', 'RUS', 182, 998),
(999, 'Pinar del Río', 'CUB', 52, 999),
(1000, 'Pingtung', 'TWN', 218, 1000),
(1001, 'Pirkanmaa', 'FIN', 70, 1001),
(1002, 'Piura', 'PER', 168, 1002),
(1003, 'Plaines Wilhelms', 'MUS', 148, 1003),
(1004, 'Plateau & Nassarawa', 'NGA', 156, 1004),
(1005, 'Plovdiv', 'BGR', 23, 1005),
(1006, 'Plymouth', 'MSR', 146, 1006),
(1007, 'Podkarpackie', 'POL', 172, 1007),
(1008, 'Podlaskie', 'POL', 172, 1008),
(1009, 'Podravska', 'SVN', 200, 1009),
(1010, 'Pohjois-Pohjanmaa', 'FIN', 70, 1010),
(1011, 'Pohnpei', 'FSM', 75, 1011),
(1012, 'Pomorskie', 'POL', 172, 1012),
(1013, 'Ponce', 'PRI', 173, 1013),
(1014, 'Pondicherry', 'IND', 100, 1014),
(1015, 'Port Said', 'EGY', 64, 1015),
(1016, 'Port-Louis', 'MUS', 148, 1016),
(1017, 'Port-of-Spain', 'TTO', 214, 1017),
(1018, 'Porto', 'PRT', 175, 1018),
(1019, 'Portuguesa', 'VEN', 228, 1019),
(1020, 'Potosí', 'BOL', 30, 1020),
(1021, 'Prahova', 'ROM', 181, 1021),
(1022, 'Primorje', 'RUS', 182, 1022),
(1023, 'Primorje-Gorski Kota', 'HRV', 96, 1023),
(1024, 'Provence-Alpes-Côte', 'FRA', 73, 1024),
(1025, 'Puebla', 'MEX', 136, 1025),
(1026, 'Puerto Plata', 'DOM', 61, 1026),
(1027, 'Pulau Pinang', 'MYS', 150, 1027),
(1028, 'Pultava', 'UKR', 221, 1028),
(1029, 'Punjab', 'IND', 100, 1029),
(1030, 'Punjab', 'PAK', 15, 1030),
(1031, 'Puno', 'PER', 168, 1031),
(1032, 'Pusan', 'KOR', 117, 1032),
(1033, 'Putumayo', 'COL', 48, 1033),
(1034, 'Pyongan N', 'PRK', 174, 1034),
(1035, 'Pyongan P', 'PRK', 174, 1035),
(1036, 'Pyongyang-si', 'PRK', 174, 1036),
(1037, 'Qandahar', 'AFG', 2, 1037),
(1038, 'Qaraghandy', 'KAZ', 111, 1038),
(1039, 'Qashqadaryo', 'UZB', 225, 1039),
(1040, 'Qasim', 'SAU', 184, 1040),
(1041, 'Qazvin', 'IRN', 103, 1041),
(1042, 'Qina', 'EGY', 64, 1042),
(1043, 'Qinghai', 'CHN', 42, 1043),
(1044, 'Qom', 'IRN', 103, 1044),
(1045, 'Qostanay', 'KAZ', 111, 1045),
(1046, 'Quang Binh', 'VNM', 231, 1046),
(1047, 'Quang Nam-Da Nang', 'VNM', 231, 1047),
(1048, 'Quang Ninh', 'VNM', 231, 1048),
(1049, 'Québec', 'CAN', 38, 1049),
(1050, 'Queensland', 'AUS', 15, 1050),
(1051, 'Querétaro', 'MEX', 136, 1051),
(1052, 'Querétaro de Arteaga', 'MEX', 136, 1052),
(1053, 'Quetzaltenango', 'GTM', 89, 1053),
(1054, 'Quindio', 'COL', 48, 1054),
(1055, 'Quintana Roo', 'MEX', 136, 1055),
(1056, 'Qyzylorda', 'KAZ', 111, 1056),
(1057, 'Rabat-Salé-Zammour-Z', 'MAR', 131, 1057),
(1058, 'Rafah', 'PSE', 177, 1058),
(1059, 'Rajasthan', 'IND', 100, 1059),
(1060, 'Rajshahi', 'BGD', 22, 1060),
(1061, 'Rakhine', 'MMR', 141, 1061),
(1062, 'Rangoon [Yangon]', 'MMR', 141, 1062),
(1063, 'Rarotonga', 'COK', 47, 1063),
(1064, 'Republika Srpska', 'BIH', 26, 1064),
(1065, 'Rheinland-Pfalz', 'DEU', 59, 1065),
(1066, 'Rhode Island', 'USA', 224, 1066),
(1067, 'Rhône-Alpes', 'FRA', 73, 1067),
(1068, 'Riad', 'SAU', 184, 1068),
(1069, 'Riau', 'IDN', 99, 1069),
(1070, 'Rift Valley', 'KEN', 112, 1070),
(1071, 'Riika', 'LVA', 129, 1071),
(1072, 'Rio de Janeiro', 'BRA', 31, 1072),
(1073, 'Rio Grande do Norte', 'BRA', 31, 1073),
(1074, 'Rio Grande do Sul', 'BRA', 31, 1074),
(1075, 'Risaralda', 'COL', 48, 1075),
(1076, 'Rivers & Bayelsa', 'NGA', 156, 1076),
(1077, 'Rivne', 'UKR', 221, 1077),
(1078, 'Riyadh', 'SAU', 184, 1078),
(1079, 'Rjazan', 'RUS', 182, 1079),
(1080, 'Rogaland', 'NOR', 160, 1080),
(1081, 'Rondônia', 'BRA', 31, 1081),
(1082, 'Roraima', 'BRA', 31, 1082),
(1083, 'Rostov-na-Donu', 'RUS', 182, 1083),
(1084, 'Ruse', 'BGR', 23, 1084),
(1085, 'Saarland', 'DEU', 59, 1085),
(1086, 'Sabah', 'MYS', 150, 1086),
(1087, 'Saga', 'JPN', 110, 1087),
(1088, 'Sagaing', 'MMR', 141, 1088),
(1089, 'Saha (Jakutia)', 'RUS', 182, 1089),
(1090, 'Sahalin', 'RUS', 182, 1090),
(1091, 'Saint George´s', 'BMU', 29, 1091),
(1092, 'Saint Helena', 'SHN', 189, 1092),
(1093, 'Saint-Denis', 'REU', 180, 1093),
(1094, 'Saint-Louis', 'SEN', 186, 1094),
(1095, 'Saint-Pierre', 'SPM', 196, 1095),
(1096, 'Saipan', 'MNP', 143, 1096),
(1097, 'Saitama', 'JPN', 110, 1097),
(1098, 'Sakarya', 'TUR', 216, 1098),
(1099, 'Saksi', 'DEU', 59, 1099),
(1100, 'Salta', 'ARG', 9, 1100),
(1101, 'Salzburg', 'AUT', 16, 1101),
(1102, 'Samara', 'RUS', 182, 1102),
(1103, 'Samarkand', 'UZB', 225, 1103),
(1104, 'Samsun', 'TUR', 216, 1104),
(1105, 'San José', 'CRI', 51, 1105),
(1106, 'San Juan', 'ARG', 9, 1106),
(1107, 'San Juan', 'PRI', 173, 1107),
(1108, 'San Luis', 'ARG', 9, 1108),
(1109, 'San Luis Potosí', 'MEX', 136, 1109),
(1110, 'San Marino', 'SMR', 194, 1110),
(1111, 'San Miguel', 'SLV', 193, 1111),
(1112, 'San Miguelito', 'PAN', 166, 1112),
(1113, 'San Pedro de Macorís', 'DOM', 61, 1113),
(1114, 'San Salvador', 'SLV', 193, 1114),
(1115, 'Sanaa', 'YEM', 235, 1115),
(1116, 'Sancti-Spíritus', 'CUB', 52, 1116),
(1117, 'Sanliurfa', 'TUR', 216, 1117),
(1118, 'Santa Ana', 'SLV', 193, 1118),
(1119, 'Santa Catarina', 'BRA', 31, 1119),
(1120, 'Santa Cruz', 'BOL', 30, 1120),
(1121, 'Santa Fé', 'ARG', 9, 1121),
(1122, 'Santander', 'COL', 48, 1122),
(1123, 'Santiago', 'CHL', 41, 1123),
(1124, 'Santiago', 'DOM', 61, 1124),
(1125, 'Santiago de Cuba', 'CUB', 52, 1125),
(1126, 'Santiago del Estero', 'ARG', 9, 1126),
(1127, 'São Paulo', 'BRA', 31, 1127),
(1128, 'São Tiago', 'CPV', 50, 1128),
(1129, 'Saratov', 'RUS', 182, 1129),
(1130, 'Sarawak', 'MYS', 150, 1130),
(1131, 'Sardinia', 'ITA', 107, 1131),
(1132, 'Saskatchewan', 'CAN', 38, 1132),
(1133, 'Satu Mare', 'ROM', 181, 1133),
(1134, 'Savannakhet', 'LAO', 119, 1134),
(1135, 'Sawhaj', 'EGY', 64, 1135),
(1136, 'Scotland', 'GBR', 77, 1136),
(1137, 'Schaan', 'LIE', 124, 1137),
(1138, 'Schleswig-Holstein', 'DEU', 59, 1138),
(1139, 'Selangor', 'MYS', 150, 1139),
(1140, 'Semnan', 'IRN', 103, 1140),
(1141, 'Seoul', 'KOR', 117, 1141),
(1142, 'Sergipe', 'BRA', 31, 1142),
(1143, 'Serravalle/Dogano', 'SMR', 194, 1143),
(1144, 'Sétif', 'DZA', 62, 1144),
(1145, 'Severní Cechy', 'CZE', 57, 1145),
(1146, 'Severní Morava', 'CZE', 57, 1146),
(1147, 'Sfax', 'TUN', 215, 1147),
(1148, 'Shaanxi', 'CHN', 42, 1148),
(1149, 'Shaba', 'COD', 45, 1149),
(1150, 'Shamal Sina', 'EGY', 64, 1150),
(1151, 'Shan', 'MMR', 141, 1151),
(1152, 'Shandong', 'CHN', 42, 1152),
(1153, 'Shanghai', 'CHN', 42, 1153),
(1154, 'Shanxi', 'CHN', 42, 1154),
(1155, 'Sharja', 'ARE', 8, 1155),
(1156, 'Shefa', 'VUT', 232, 1156),
(1157, 'Shiga', 'JPN', 110, 1157),
(1158, 'Shimane', 'JPN', 110, 1158),
(1159, 'Shizuoka', 'JPN', 110, 1159),
(1160, 'Šiauliai', 'LTU', 127, 1160),
(1161, 'Sibiu', 'ROM', 181, 1161),
(1162, 'Sichuan', 'CHN', 42, 1162),
(1163, 'Sidi Bel Abbès', 'DZA', 62, 1163),
(1164, 'Siem Reap', 'KHM', 114, 1164),
(1165, 'Siirt', 'TUR', 216, 1165),
(1166, 'Sinaloa', 'MEX', 136, 1166),
(1167, 'Sind', 'PAK', 15, 1167),
(1168, 'Sindh', 'PAK', 15, 1168),
(1169, 'Singapore', 'SGP', 187, 1169),
(1170, 'Širak', 'ARM', 10, 1170),
(1171, 'Sisilia', 'ITA', 107, 1171),
(1172, 'Sistan va Baluchesta', 'IRN', 103, 1172),
(1173, 'Sivas', 'TUR', 216, 1173),
(1174, 'Skåne län', 'SWE', 201, 1174),
(1175, 'Skikda', 'DZA', 62, 1175),
(1176, 'Skopje', 'MKD', 138, 1176),
(1177, 'Slaskie', 'POL', 172, 1177),
(1178, 'Smolensk', 'RUS', 182, 1178),
(1179, 'Sofala', 'MOZ', 144, 1179),
(1180, 'Sokoto & Kebbi & Zam', 'NGA', 156, 1180),
(1181, 'Songkhla', 'THA', 208, 1181),
(1182, 'Sonora', 'MEX', 136, 1182),
(1183, 'Souss Massa-Draâ', 'MAR', 131, 1183),
(1184, 'Sousse', 'TUN', 215, 1184),
(1185, 'South Australia', 'AUS', 15, 1185),
(1186, 'South Carolina', 'USA', 224, 1186),
(1187, 'South Dakota', 'USA', 224, 1187),
(1188, 'South Hill', 'AIA', 4, 1188),
(1189, 'South Kazakstan', 'KAZ', 111, 1189),
(1190, 'South Kivu', 'COD', 45, 1190),
(1191, 'South Tarawa', 'KIR', 115, 1191),
(1192, 'Southern Mindanao', 'PHL', 169, 1192),
(1193, 'Southern Tagalog', 'PHL', 169, 1193),
(1194, 'Sør-Trøndelag', 'NOR', 160, 1194),
(1195, 'Split-Dalmatia', 'HRV', 96, 1195),
(1196, 'St George', 'DMA', 61, 1196),
(1197, 'St George', 'GRD', 87, 1197),
(1198, 'St George', 'VCT', 227, 1198),
(1199, 'St George Basseterre', 'KNA', 116, 1199),
(1200, 'St John', 'ATG', 14, 1200),
(1201, 'St Michael', 'BRB', 32, 1201),
(1202, 'St Thomas', 'VIR', 230, 1202),
(1203, 'St. Andrew', 'JAM', 108, 1203),
(1204, 'St. Catherine', 'JAM', 108, 1204),
(1205, 'Stavropol', 'RUS', 182, 1205),
(1206, 'Steiermark', 'AUT', 16, 1206),
(1207, 'Streymoyar', 'FRO', 74, 1207),
(1208, 'Suceava', 'ROM', 181, 1208),
(1209, 'Sucre', 'COL', 48, 1209),
(1210, 'Sucre', 'VEN', 228, 1210),
(1211, 'Suez', 'EGY', 64, 1211),
(1212, 'Sulawesi Selatan', 'IDN', 99, 1212),
(1213, 'Sulawesi Tengah', 'IDN', 99, 1213),
(1214, 'Sulawesi Tenggara', 'IDN', 99, 1214),
(1215, 'Sulawesi Utara', 'IDN', 99, 1215),
(1216, 'Sumatera Barat', 'IDN', 99, 1216),
(1217, 'Sumatera Selatan', 'IDN', 99, 1217),
(1218, 'Sumatera Utara', 'IDN', 99, 1218),
(1219, 'Sumqayit', 'AZE', 17, 1219),
(1220, 'Sumy', 'UKR', 221, 1220),
(1221, 'Surkhondaryo', 'UZB', 225, 1221),
(1222, 'Sverdlovsk', 'RUS', 182, 1222),
(1223, 'Swietokrzyskie', 'POL', 172, 1223),
(1224, 'Sylhet', 'BGD', 22, 1224),
(1225, 'Szabolcs-Szatmár-Ber', 'HUN', 98, 1225),
(1226, 'Tabasco', 'MEX', 136, 1226),
(1227, 'Tabora', 'TZA', 219, 1227),
(1228, 'Tabuk', 'SAU', 184, 1228),
(1229, 'Tacna', 'PER', 168, 1229),
(1230, 'Táchira', 'VEN', 228, 1230),
(1231, 'Tadla-Azilal', 'MAR', 131, 1231),
(1232, 'Taegu', 'KOR', 117, 1232),
(1233, 'Taejon', 'KOR', 117, 1233),
(1234, 'Tahiti', 'PYF', 178, 1234),
(1235, 'Taichung', 'TWN', 218, 1235),
(1236, 'Tainan', 'TWN', 218, 1236),
(1237, 'Taipei', 'TWN', 218, 1237),
(1238, 'Taiping', 'TWN', 218, 1238),
(1239, 'Taitung', 'TWN', 218, 1239),
(1240, 'Taizz', 'YEM', 235, 1240),
(1241, 'Taka-Karpatia', 'UKR', 221, 1241),
(1242, 'Taliao', 'TWN', 218, 1242),
(1243, 'Tamaulipas', 'MEX', 136, 1243),
(1244, 'Tambov', 'RUS', 182, 1244),
(1245, 'Tamil Nadu', 'IND', 100, 1245),
(1246, 'Tamuning', 'GUM', 91, 1246),
(1247, 'Tanga', 'TZA', 219, 1247),
(1248, 'Tanger-Tétouan', 'MAR', 131, 1248),
(1249, 'Taoyuan', 'TWN', 218, 1249),
(1250, 'Tarapacá', 'CHL', 41, 1250),
(1251, 'Taraz', 'KAZ', 111, 1251),
(1252, 'Tarija', 'BOL', 30, 1252),
(1253, 'Tartumaa', 'EST', 68, 1253),
(1254, 'Tasmania', 'AUS', 15, 1254),
(1255, 'Tatarstan', 'RUS', 182, 1255),
(1256, 'Taza-Al Hoceima-Taou', 'MAR', 131, 1256),
(1257, 'Tbilisi', 'GEO', 78, 1257),
(1258, 'Tébessa', 'DZA', 62, 1258),
(1259, 'Teheran', 'IRN', 103, 1259),
(1260, 'Tekirdag', 'TUR', 216, 1260),
(1261, 'Tel Aviv', 'ISR', 106, 1261),
(1262, 'Tenasserim [Tanintha', 'MMR', 141, 1262),
(1263, 'Tennessee', 'USA', 224, 1263),
(1264, 'Terengganu', 'MYS', 150, 1264),
(1265, 'Ternopil', 'UKR', 221, 1265),
(1266, 'Tete', 'MOZ', 144, 1266),
(1267, 'Texas', 'USA', 224, 1267),
(1268, 'The Valley', 'AIA', 4, 1268),
(1269, 'Thessalia', 'GRC', 86, 1269),
(1270, 'Thiès', 'SEN', 186, 1270),
(1271, 'Thimphu', 'BTN', 34, 1271),
(1272, 'Thua Thien-Hue', 'VNM', 231, 1272),
(1273, 'Thüringen', 'DEU', 59, 1273),
(1274, 'Tianjin', 'CHN', 42, 1274),
(1275, 'Tiaret', 'DZA', 62, 1275),
(1276, 'Tibet', 'CHN', 42, 1276),
(1277, 'Tien Giang', 'VNM', 231, 1277),
(1278, 'Tigray', 'ETH', 69, 1278),
(1279, 'Timis', 'ROM', 181, 1279),
(1280, 'Tirana', 'ALB', 5, 1280),
(1281, 'Tiroli', 'AUT', 16, 1281),
(1282, 'Tjumen', 'RUS', 182, 1282),
(1283, 'Tlemcen', 'DZA', 62, 1283),
(1284, 'Toa Baja', 'PRI', 173, 1284),
(1285, 'Toamasina', 'MDG', 134, 1285),
(1286, 'Tocantins', 'BRA', 31, 1286),
(1287, 'Tochigi', 'JPN', 110, 1287),
(1288, 'Tokat', 'TUR', 216, 1288),
(1289, 'Tokushima', 'JPN', 110, 1289),
(1290, 'Tokyo-to', 'JPN', 110, 1290),
(1291, 'Tolima', 'COL', 48, 1291),
(1292, 'Tomsk', 'RUS', 182, 1292),
(1293, 'Tongatapu', 'TON', 213, 1293),
(1294, 'Tortola', 'VGB', 229, 1294),
(1295, 'Toscana', 'ITA', 107, 1295),
(1296, 'Toskent', 'UZB', 225, 1296),
(1297, 'Toskent Shahri', 'UZB', 225, 1297),
(1298, 'Tottori', 'JPN', 110, 1298),
(1299, 'Toyama', 'JPN', 110, 1299),
(1300, 'Trabzon', 'TUR', 216, 1300),
(1301, 'Trentino-Alto Adige', 'ITA', 107, 1301),
(1302, 'Tripoli', 'LBY', 122, 1302),
(1303, 'Tripura', 'IND', 100, 1303),
(1304, 'Trujillo', 'VEN', 228, 1304),
(1305, 'Tšeljabinsk', 'RUS', 182, 1305),
(1306, 'Tšerkasy', 'UKR', 221, 1306),
(1307, 'Tšernigiv', 'UKR', 221, 1307),
(1308, 'Tšernivtsi', 'UKR', 221, 1308),
(1309, 'Tšetšenia', 'RUS', 182, 1309),
(1310, 'Tšita', 'RUS', 182, 1310),
(1311, 'Tšuvassia', 'RUS', 182, 1311),
(1312, 'Tucumán', 'ARG', 9, 1312),
(1313, 'Tula', 'RUS', 182, 1313),
(1314, 'Tulcea', 'ROM', 181, 1314),
(1315, 'Tungurahua', 'ECU', 63, 1315),
(1316, 'Tunis', 'TUN', 215, 1316),
(1317, 'Tutuila', 'ASM', 11, 1317),
(1318, 'Tver', 'RUS', 182, 1318),
(1319, 'Tyva', 'RUS', 182, 1319),
(1320, 'Ubon Ratchathani', 'THA', 208, 1320),
(1321, 'Ucayali', 'PER', 168, 1321),
(1322, 'Udmurtia', 'RUS', 182, 1322),
(1323, 'Udon Thani', 'THA', 208, 1323),
(1324, 'Ulaanbaatar', 'MNG', 142, 1324),
(1325, 'Uljanovsk', 'RUS', 182, 1325),
(1326, 'Umbria', 'ITA', 107, 1326),
(1327, 'Upolu', 'WSM', 234, 1327),
(1328, 'Uppsala län', 'SWE', 201, 1328),
(1329, 'Usak', 'TUR', 216, 1329),
(1330, 'Utah', 'USA', 224, 1330),
(1331, 'Utrecht', 'NLD', 159, 1331),
(1332, 'Uttar Pradesh', 'IND', 100, 1332),
(1333, 'Uttaranchal', 'IND', 100, 1333),
(1334, 'Vaduz', 'LIE', 124, 1334),
(1335, 'Vâlcea', 'ROM', 181, 1335),
(1336, 'Valencia', 'ESP', 67, 1336),
(1337, 'Valparaíso', 'CHL', 41, 1337),
(1338, 'Valle del cauca', 'COL', 48, 1338),
(1339, 'Van', 'TUR', 216, 1339),
(1340, 'Varna', 'BGR', 23, 1340),
(1341, 'Varsinais-Suomi', 'FIN', 70, 1341),
(1342, 'Västerbottens län', 'SWE', 201, 1342),
(1343, 'Västernorrlands län', 'SWE', 201, 1343),
(1344, 'Västmanlands län', 'SWE', 201, 1344),
(1345, 'Vaud', 'CHE', 40, 1345),
(1346, 'Vaupés', 'COL', 48, 1346),
(1347, 'Veneto', 'ITA', 107, 1347),
(1348, 'Veracruz', 'MEX', 136, 1348),
(1349, 'Veracruz-Llave', 'MEX', 136, 1349),
(1350, 'Viangchan', 'LAO', 119, 1350),
(1351, 'Victoria', 'AUS', 15, 1351),
(1352, 'Vichada', 'COL', 48, 1352),
(1353, 'Vilna', 'LTU', 127, 1353),
(1354, 'Villa Clara', 'CUB', 52, 1354),
(1355, 'Vinnytsja', 'UKR', 221, 1355),
(1356, 'Virginia', 'USA', 224, 1356),
(1357, 'Vitebsk', 'BLR', 27, 1357),
(1358, 'Vladimir', 'RUS', 182, 1358),
(1359, 'Vojvodina', 'YUG', 236, 1359),
(1360, 'Volgograd', 'RUS', 182, 1360),
(1361, 'Vologda', 'RUS', 182, 1361),
(1362, 'Volynia', 'UKR', 221, 1362),
(1363, 'Voronez', 'RUS', 182, 1363),
(1364, 'Vrancea', 'ROM', 181, 1364),
(1365, 'Východné Slovensko', 'SVK', 199, 1365),
(1366, 'Východní Cechy', 'CZE', 57, 1366),
(1367, 'Wakayama', 'JPN', 110, 1367),
(1368, 'Wales', 'GBR', 77, 1368),
(1369, 'Wallis', 'WLF', 233, 1369),
(1370, 'Warminsko-Mazurskie', 'POL', 172, 1370),
(1371, 'Washington', 'USA', 224, 1371),
(1372, 'Wasit', 'IRQ', 104, 1372),
(1373, 'Wellington', 'NZL', 163, 1373),
(1374, 'West Australia', 'AUS', 15, 1374),
(1375, 'West Azerbaidzan', 'IRN', 103, 1375),
(1376, 'West Bengali', 'IND', 100, 1376),
(1377, 'West Flanderi', 'BEL', 19, 1377),
(1378, 'West Götanmaan län', 'SWE', 201, 1378),
(1379, 'West Greece', 'GRC', 86, 1379),
(1380, 'West Irian', 'IDN', 99, 1380),
(1381, 'West Island', 'CCK', 39, 1381),
(1382, 'West Java', 'IDN', 99, 1382),
(1383, 'West Kasai', 'COD', 45, 1383),
(1384, 'West Kazakstan', 'KAZ', 111, 1384),
(1385, 'Western', 'GHA', 79, 1385),
(1386, 'Western', 'LKA', 125, 1386),
(1387, 'Western', 'NPL', 161, 1387),
(1388, 'Western', 'SLE', 192, 1388),
(1389, 'Western Cape', 'ZAF', 237, 1389),
(1390, 'Western Mindanao', 'PHL', 169, 1390),
(1391, 'Western Visayas', 'PHL', 169, 1391),
(1392, 'Wielkopolskie', 'POL', 172, 1392),
(1393, 'Wien', 'AUT', 16, 1393),
(1394, 'Wilayah Persekutuan', 'MYS', 150, 1394),
(1395, 'Wisconsin', 'USA', 224, 1395),
(1396, 'Woqooyi Galbeed', 'SOM', 195, 1396),
(1397, 'Xinxiang', 'CHN', 42, 1397),
(1398, 'Yamagata', 'JPN', 110, 1398),
(1399, 'Yamaguchi', 'JPN', 110, 1399),
(1400, 'Yamalin Nenetsia', 'RUS', 182, 1400),
(1401, 'Yamanashi', 'JPN', 110, 1401),
(1402, 'Yamoussoukro', 'CIV', 43, 1402),
(1403, 'Yanggang', 'PRK', 174, 1403),
(1404, 'Yangor', 'NRU', 162, 1404),
(1405, 'Yaracuy', 'VEN', 228, 1405),
(1406, 'Yaren', 'NRU', 162, 1406),
(1407, 'Yazd', 'IRN', 103, 1407),
(1408, 'Yerevan', 'ARM', 10, 1408),
(1409, 'Yogyakarta', 'IDN', 99, 1409),
(1410, 'Yucatán', 'MEX', 136, 1410),
(1411, 'Yünlin', 'TWN', 218, 1411),
(1412, 'Yunnan', 'CHN', 42, 1412),
(1413, 'Zacatecas', 'MEX', 136, 1413),
(1414, 'Zachodnio-Pomorskie', 'POL', 172, 1414),
(1415, 'Zambézia', 'MOZ', 144, 1415),
(1416, 'Zanjan', 'IRN', 103, 1416),
(1417, 'Zanzibar West', 'TZA', 219, 1417),
(1418, 'Zapadní Cechy', 'CZE', 57, 1418),
(1419, 'Zaporizzja', 'UKR', 221, 1419),
(1420, 'Zhejiang', 'CHN', 42, 1420),
(1421, 'Ziguinchor', 'SEN', 186, 1421),
(1422, 'Zinder', 'NER', 154, 1422),
(1423, 'Zonguldak', 'TUR', 216, 1423),
(1424, 'Zufar', 'OMN', 164, 1424),
(1425, 'Zuid-Holland', 'NLD', 159, 1425),
(1426, 'Zulia', 'VEN', 228, 1426),
(1427, 'Zürich', 'CHE', 40, 1427),
(1428, 'Zytomyr', 'UKR', 221, 1428);

-- --------------------------------------------------------

--
-- Estructura de tabla para la tabla `subscribe`
--

CREATE TABLE `subscribe` (
  `id` int(11) NOT NULL,
  `email` varchar(150) COLLATE utf8mb4_spanish2_ci DEFAULT NULL,
  `created_at` timestamp NULL DEFAULT NULL,
  `updated_at` timestamp NULL DEFAULT NULL
) ENGINE=InnoDB DEFAULT CHARSET=utf8mb4 COLLATE=utf8mb4_spanish2_ci;

-- --------------------------------------------------------

--
-- Estructura de tabla para la tabla `talleres`
--

CREATE TABLE `talleres` (
  `id` int(11) NOT NULL,
  `date` varchar(100) COLLATE utf8mb4_spanish2_ci DEFAULT NULL,
  `portada` varchar(150) COLLATE utf8mb4_spanish2_ci DEFAULT NULL,
  `titulo` varchar(150) COLLATE utf8mb4_spanish2_ci DEFAULT NULL,
  `resumen` text COLLATE utf8mb4_spanish2_ci DEFAULT NULL,
  `descripcion` longtext COLLATE utf8mb4_spanish2_ci DEFAULT NULL,
  `precio` int(11) DEFAULT NULL,
  `cupos` int(11) DEFAULT NULL,
  `cupos_descount` int(11) DEFAULT NULL,
  `active` varchar(255) COLLATE utf8mb4_spanish2_ci DEFAULT 'si',
  `link` varchar(255) COLLATE utf8mb4_spanish2_ci DEFAULT 'En espera',
  `created_at` timestamp NULL DEFAULT NULL,
  `updated_at` timestamp NULL DEFAULT NULL,
  `deleted_at` timestamp NULL DEFAULT NULL
) ENGINE=InnoDB DEFAULT CHARSET=utf8mb4 COLLATE=utf8mb4_spanish2_ci;

--
-- Volcado de datos para la tabla `talleres`
--

INSERT INTO `talleres` (`id`, `date`, `portada`, `titulo`, `resumen`, `descripcion`, `precio`, `cupos`, `cupos_descount`, `active`, `link`, `created_at`, `updated_at`, `deleted_at`) VALUES
(1, '2021-04-18', 'img/talleres/taller.jpg', 'Alimentación consciente', 'Imagínese deslizándose hacia un estado de meditación feliz con solo presionar un botón.', 'Lorem ipsum dolor sit amet, consectetur adipiscing elit. Sed eget egestas augue. Class aptent taciti sociosqu ad litora torquent per conubia nostra, per inceptos himenaeos.\nLorem ipsum dolor sit amet, consectetur adipiscing elit. Sed eget egestas augue. Class aptent taciti sociosqu ad litora torquent per conubia nostra, per inceptos himenaeos.', 80, 50, 50, 'si', 'https://zoom.us/', '2021-04-07 19:43:03', NULL, NULL);

-- --------------------------------------------------------

--
-- Estructura de tabla para la tabla `taller_purchase`
--

CREATE TABLE `taller_purchase` (
  `id` int(11) NOT NULL,
  `user_id` int(11) UNSIGNED DEFAULT NULL,
  `taller_id` int(11) UNSIGNED DEFAULT NULL,
  `reference` varchar(255) COLLATE utf8_spanish2_ci DEFAULT NULL,
  `date` varchar(255) COLLATE utf8_spanish2_ci DEFAULT NULL,
  `date_buy` varchar(255) COLLATE utf8_spanish2_ci DEFAULT NULL,
  `total` varchar(255) COLLATE utf8_spanish2_ci DEFAULT NULL,
  `status` int(11) UNSIGNED DEFAULT NULL,
  `validate` int(11) UNSIGNED DEFAULT NULL,
  `created_at` timestamp NULL DEFAULT NULL,
  `updated_at` timestamp NULL DEFAULT NULL,
  `deleted_at` timestamp NULL DEFAULT NULL
) ENGINE=InnoDB DEFAULT CHARSET=utf8 COLLATE=utf8_spanish2_ci;

--
-- Volcado de datos para la tabla `taller_purchase`
--

INSERT INTO `taller_purchase` (`id`, `user_id`, `taller_id`, `reference`, `date`, `date_buy`, `total`, `status`, `validate`, `created_at`, `updated_at`, `deleted_at`) VALUES
(1, 1, 1, 'TALL1606e0be9551ea', '2021-04-18', '2021-04-07', '80', 3, 1, NULL, NULL, NULL),
(2, 1, 1, 'TALL2606e0c23bfc2c', '2021-04-18', '2021-04-07', '80', 3, 1, NULL, NULL, NULL),
(3, 1, 1, 'TALL3606e0c4055701', '2021-04-18', '2021-04-07', '80', 3, 1, NULL, NULL, NULL);

-- --------------------------------------------------------

--
-- Estructura de tabla para la tabla `users`
--

CREATE TABLE `users` (
  `id` int(11) NOT NULL,
  `name` varchar(100) COLLATE utf8_spanish2_ci DEFAULT NULL,
  `phone` varchar(100) COLLATE utf8_spanish2_ci DEFAULT NULL,
  `mail` varchar(100) COLLATE utf8_spanish2_ci DEFAULT NULL,
  `password` varchar(100) COLLATE utf8_spanish2_ci DEFAULT NULL,
  `created_at` timestamp NULL DEFAULT NULL,
  `updated_at` timestamp NULL DEFAULT NULL
) ENGINE=InnoDB DEFAULT CHARSET=utf8 COLLATE=utf8_spanish2_ci;

--
-- Volcado de datos para la tabla `users`
--

INSERT INTO `users` (`id`, `name`, `phone`, `mail`, `password`, `created_at`, `updated_at`) VALUES
(1, 'Hans Madera', '3023963859', 'hsmadera18@gmail.com', '123456', '2021-04-06 20:26:37', '2021-04-06 20:26:37'),
(2, 'Hans Madera', '3023963859', 'hsmadera18@gmai.com', '123456', '2021-04-07 02:26:37', '2021-04-07 02:26:37'),
(3, 'Hans Madera', '3023963859', 'hsmadera19@gmail.com', '123456', '2021-04-07 02:30:43', '2021-04-07 02:30:43');

--
-- Índices para tablas volcadas
--

--
-- Indices de la tabla `address`
--
ALTER TABLE `address`
  ADD PRIMARY KEY (`id`);

--
-- Indices de la tabla `asesorias`
--
ALTER TABLE `asesorias`
  ADD PRIMARY KEY (`id`);

--
-- Indices de la tabla `banners`
--
ALTER TABLE `banners`
  ADD PRIMARY KEY (`id`);

--
-- Indices de la tabla `blog`
--
ALTER TABLE `blog`
  ADD PRIMARY KEY (`id`);

--
-- Indices de la tabla `cities`
--
ALTER TABLE `cities`
  ADD PRIMARY KEY (`CiuCodigo`);

--
-- Indices de la tabla `cms_apicustom`
--
ALTER TABLE `cms_apicustom`
  ADD PRIMARY KEY (`id`);

--
-- Indices de la tabla `cms_apikey`
--
ALTER TABLE `cms_apikey`
  ADD PRIMARY KEY (`id`);

--
-- Indices de la tabla `cms_dashboard`
--
ALTER TABLE `cms_dashboard`
  ADD PRIMARY KEY (`id`);

--
-- Indices de la tabla `cms_email_queues`
--
ALTER TABLE `cms_email_queues`
  ADD PRIMARY KEY (`id`);

--
-- Indices de la tabla `cms_email_templates`
--
ALTER TABLE `cms_email_templates`
  ADD PRIMARY KEY (`id`);

--
-- Indices de la tabla `cms_logs`
--
ALTER TABLE `cms_logs`
  ADD PRIMARY KEY (`id`);

--
-- Indices de la tabla `cms_menus`
--
ALTER TABLE `cms_menus`
  ADD PRIMARY KEY (`id`);

--
-- Indices de la tabla `cms_menus_privileges`
--
ALTER TABLE `cms_menus_privileges`
  ADD PRIMARY KEY (`id`);

--
-- Indices de la tabla `cms_moduls`
--
ALTER TABLE `cms_moduls`
  ADD PRIMARY KEY (`id`);

--
-- Indices de la tabla `cms_notifications`
--
ALTER TABLE `cms_notifications`
  ADD PRIMARY KEY (`id`);

--
-- Indices de la tabla `cms_privileges`
--
ALTER TABLE `cms_privileges`
  ADD PRIMARY KEY (`id`);

--
-- Indices de la tabla `cms_privileges_roles`
--
ALTER TABLE `cms_privileges_roles`
  ADD PRIMARY KEY (`id`);

--
-- Indices de la tabla `cms_settings`
--
ALTER TABLE `cms_settings`
  ADD PRIMARY KEY (`id`);

--
-- Indices de la tabla `cms_statistics`
--
ALTER TABLE `cms_statistics`
  ADD PRIMARY KEY (`id`);

--
-- Indices de la tabla `cms_statistic_components`
--
ALTER TABLE `cms_statistic_components`
  ADD PRIMARY KEY (`id`);

--
-- Indices de la tabla `cms_users`
--
ALTER TABLE `cms_users`
  ADD PRIMARY KEY (`id`);

--
-- Indices de la tabla `contact`
--
ALTER TABLE `contact`
  ADD PRIMARY KEY (`id`);

--
-- Indices de la tabla `countries`
--
ALTER TABLE `countries`
  ADD PRIMARY KEY (`PaisCodigo`);

--
-- Indices de la tabla `course_purchase`
--
ALTER TABLE `course_purchase`
  ADD PRIMARY KEY (`id`);

--
-- Indices de la tabla `cursos`
--
ALTER TABLE `cursos`
  ADD PRIMARY KEY (`id`);

--
-- Indices de la tabla `cursos_audio`
--
ALTER TABLE `cursos_audio`
  ADD PRIMARY KEY (`id`);

--
-- Indices de la tabla `cursos_pdf`
--
ALTER TABLE `cursos_pdf`
  ADD PRIMARY KEY (`id`);

--
-- Indices de la tabla `cursos_video`
--
ALTER TABLE `cursos_video`
  ADD PRIMARY KEY (`id`);

--
-- Indices de la tabla `hour_schedule`
--
ALTER TABLE `hour_schedule`
  ADD PRIMARY KEY (`id`);

--
-- Indices de la tabla `info`
--
ALTER TABLE `info`
  ADD PRIMARY KEY (`id`);

--
-- Indices de la tabla `item_asesorias`
--
ALTER TABLE `item_asesorias`
  ADD PRIMARY KEY (`id`);

--
-- Indices de la tabla `item_cursos`
--
ALTER TABLE `item_cursos`
  ADD PRIMARY KEY (`id`);

--
-- Indices de la tabla `item_talleres`
--
ALTER TABLE `item_talleres`
  ADD PRIMARY KEY (`id`);

--
-- Indices de la tabla `links_herbalife`
--
ALTER TABLE `links_herbalife`
  ADD PRIMARY KEY (`id`);

--
-- Indices de la tabla `migrations`
--
ALTER TABLE `migrations`
  ADD PRIMARY KEY (`id`);

--
-- Indices de la tabla `obsequios`
--
ALTER TABLE `obsequios`
  ADD PRIMARY KEY (`id`);

--
-- Indices de la tabla `order_status`
--
ALTER TABLE `order_status`
  ADD PRIMARY KEY (`id`);

--
-- Indices de la tabla `password_resets`
--
ALTER TABLE `password_resets`
  ADD KEY `password_resets_email_index` (`email`(191));

--
-- Indices de la tabla `schedule_service`
--
ALTER TABLE `schedule_service`
  ADD PRIMARY KEY (`id`);

--
-- Indices de la tabla `service_purchase`
--
ALTER TABLE `service_purchase`
  ADD PRIMARY KEY (`id`);

--
-- Indices de la tabla `states`
--
ALTER TABLE `states`
  ADD PRIMARY KEY (`DisCodigo`);

--
-- Indices de la tabla `subscribe`
--
ALTER TABLE `subscribe`
  ADD PRIMARY KEY (`id`);

--
-- Indices de la tabla `talleres`
--
ALTER TABLE `talleres`
  ADD PRIMARY KEY (`id`);

--
-- Indices de la tabla `taller_purchase`
--
ALTER TABLE `taller_purchase`
  ADD PRIMARY KEY (`id`);

--
-- Indices de la tabla `users`
--
ALTER TABLE `users`
  ADD PRIMARY KEY (`id`);

--
-- AUTO_INCREMENT de las tablas volcadas
--

--
-- AUTO_INCREMENT de la tabla `address`
--
ALTER TABLE `address`
  MODIFY `id` int(11) NOT NULL AUTO_INCREMENT, AUTO_INCREMENT=4;

--
-- AUTO_INCREMENT de la tabla `asesorias`
--
ALTER TABLE `asesorias`
  MODIFY `id` int(11) NOT NULL AUTO_INCREMENT, AUTO_INCREMENT=3;

--
-- AUTO_INCREMENT de la tabla `cities`
--
ALTER TABLE `cities`
  MODIFY `CiuCodigo` int(11) NOT NULL AUTO_INCREMENT, AUTO_INCREMENT=5434;

--
-- AUTO_INCREMENT de la tabla `cms_logs`
--
ALTER TABLE `cms_logs`
  MODIFY `id` int(10) UNSIGNED NOT NULL AUTO_INCREMENT, AUTO_INCREMENT=30;

--
-- AUTO_INCREMENT de la tabla `cms_menus`
--
ALTER TABLE `cms_menus`
  MODIFY `id` int(10) UNSIGNED NOT NULL AUTO_INCREMENT, AUTO_INCREMENT=13;

--
-- AUTO_INCREMENT de la tabla `cms_menus_privileges`
--
ALTER TABLE `cms_menus_privileges`
  MODIFY `id` int(10) UNSIGNED NOT NULL AUTO_INCREMENT, AUTO_INCREMENT=25;

--
-- AUTO_INCREMENT de la tabla `cms_moduls`
--
ALTER TABLE `cms_moduls`
  MODIFY `id` int(10) UNSIGNED NOT NULL AUTO_INCREMENT, AUTO_INCREMENT=24;

--
-- AUTO_INCREMENT de la tabla `course_purchase`
--
ALTER TABLE `course_purchase`
  MODIFY `id` int(11) NOT NULL AUTO_INCREMENT, AUTO_INCREMENT=6;

--
-- AUTO_INCREMENT de la tabla `cursos`
--
ALTER TABLE `cursos`
  MODIFY `id` int(11) NOT NULL AUTO_INCREMENT, AUTO_INCREMENT=3;

--
-- AUTO_INCREMENT de la tabla `cursos_audio`
--
ALTER TABLE `cursos_audio`
  MODIFY `id` int(11) NOT NULL AUTO_INCREMENT, AUTO_INCREMENT=2;

--
-- AUTO_INCREMENT de la tabla `cursos_pdf`
--
ALTER TABLE `cursos_pdf`
  MODIFY `id` int(11) NOT NULL AUTO_INCREMENT, AUTO_INCREMENT=4;

--
-- AUTO_INCREMENT de la tabla `cursos_video`
--
ALTER TABLE `cursos_video`
  MODIFY `id` int(11) NOT NULL AUTO_INCREMENT, AUTO_INCREMENT=3;

--
-- AUTO_INCREMENT de la tabla `hour_schedule`
--
ALTER TABLE `hour_schedule`
  MODIFY `id` int(11) NOT NULL AUTO_INCREMENT, AUTO_INCREMENT=49;

--
-- AUTO_INCREMENT de la tabla `order_status`
--
ALTER TABLE `order_status`
  MODIFY `id` int(10) UNSIGNED NOT NULL AUTO_INCREMENT, AUTO_INCREMENT=6;

--
-- AUTO_INCREMENT de la tabla `schedule_service`
--
ALTER TABLE `schedule_service`
  MODIFY `id` int(11) NOT NULL AUTO_INCREMENT, AUTO_INCREMENT=5;

--
-- AUTO_INCREMENT de la tabla `service_purchase`
--
ALTER TABLE `service_purchase`
  MODIFY `id` int(11) NOT NULL AUTO_INCREMENT, AUTO_INCREMENT=13;

--
-- AUTO_INCREMENT de la tabla `talleres`
--
ALTER TABLE `talleres`
  MODIFY `id` int(11) NOT NULL AUTO_INCREMENT, AUTO_INCREMENT=2;

--
-- AUTO_INCREMENT de la tabla `taller_purchase`
--
ALTER TABLE `taller_purchase`
  MODIFY `id` int(11) NOT NULL AUTO_INCREMENT, AUTO_INCREMENT=4;

--
-- AUTO_INCREMENT de la tabla `users`
--
ALTER TABLE `users`
  MODIFY `id` int(11) NOT NULL AUTO_INCREMENT, AUTO_INCREMENT=4;
COMMIT;

/*!40101 SET CHARACTER_SET_CLIENT=@OLD_CHARACTER_SET_CLIENT */;
/*!40101 SET CHARACTER_SET_RESULTS=@OLD_CHARACTER_SET_RESULTS */;
/*!40101 SET COLLATION_CONNECTION=@OLD_COLLATION_CONNECTION */;
